Ano;Trimestre;Categoria;Tipo;CNPJ IF;Instituição financeira;Irregularidade;Quantidade de reclamações procedentes;
2026;2º;Top 15 - Bancos, Financeiras e Instituições de Pagamento;Conglomerado; ;99PAY IP (conglomerado);Abertura de conta de pagamento sem documentação necessária ou com documentação falsa - instituição de pagamento;32;
2026;2º;Top 15 - Bancos, Financeiras e Instituições de Pagamento;Conglomerado; ;99PAY IP (conglomerado);Bloqueio de valores ou de conta fora do âmbito do Pix - instituição de pagamento;2;
2026;2º;Top 15 - Bancos, Financeiras e Instituições de Pagamento;Conglomerado; ;99PAY IP (conglomerado);Cadastro positivo envolvendo instituição de pagamento;0;
2026;2º;Top 15 - Bancos, Financeiras e Instituições de Pagamento;Conglomerado; ;99PAY IP (conglomerado);Cobranças diversas de IPs;0;
2026;2º;Top 15 - Bancos, Financeiras e Instituições de Pagamento;Conglomerado; ;99PAY IP (conglomerado);Descumprimento de prazo de resposta da reclamação registrada no BCB - instituição de pagamento;2;
2026;2º;Top 15 - Bancos, Financeiras e Instituições de Pagamento;Conglomerado; ;99PAY IP (conglomerado);Débito em conta de pagamento pré-paga não autorizado pelo cliente, ou não cumprimento das regras aplicáveis - instituição de pagamento;0;
2026;2º;Top 15 - Bancos, Financeiras e Instituições de Pagamento;Conglomerado; ;99PAY IP (conglomerado);Falta de transparência na redação de documentos - instituição de pagamento;2;
2026;2º;Top 15 - Bancos, Financeiras e Instituições de Pagamento;Conglomerado; ;99PAY IP (conglomerado);Inclusão de dados incorretos no CCS (Cadastro de Clientes do Sistema Financeiro Nacional) - instituição de pagamento;10;
2026;2º;Top 15 - Bancos, Financeiras e Instituições de Pagamento;Conglomerado; ;99PAY IP (conglomerado);Insatisfação com a resposta referente à reclamação registrada no BCB recebida - instituição de pagamento;2;
2026;2º;Top 15 - Bancos, Financeiras e Instituições de Pagamento;Conglomerado; ;99PAY IP (conglomerado);Insatisfação com o atendimento prestado pelo SAC ou Central de Relacionamento - instituição de pagamento;10;
2026;2º;Top 15 - Bancos, Financeiras e Instituições de Pagamento;Conglomerado; ;99PAY IP (conglomerado);Irregularidade na portabilidade salarial para contas de pagamento pré-pagas - instituição de pagamento;0;
2026;2º;Top 15 - Bancos, Financeiras e Instituições de Pagamento;Conglomerado; ;99PAY IP (conglomerado);Irregularidades no processo de encerramento de conta de pagamento - instituição de pagamento;12;
2026;2º;Top 15 - Bancos, Financeiras e Instituições de Pagamento;Conglomerado; ;99PAY IP (conglomerado);Irregularidades relacionadas a boletos de pagamento (exceto ausência de contrato com beneficiário) para IPs;0;
2026;2º;Top 15 - Bancos, Financeiras e Instituições de Pagamento;Conglomerado; ;99PAY IP (conglomerado);Irregularidades relacionadas a informações e liquidação de valores a receber no sistema SVR do BCB - instituições de pagamento;0;
2026;2º;Top 15 - Bancos, Financeiras e Instituições de Pagamento;Conglomerado; ;99PAY IP (conglomerado);Irregularidades relacionadas ao acompanhamento de conta de pagamento - instituição de pagamento;20;
2026;2º;Top 15 - Bancos, Financeiras e Instituições de Pagamento;Conglomerado; ;99PAY IP (conglomerado);Irregularidades relacionadas ao fornecimento de documentos por conta de pagamentos pós-paga - instituição de pagamento;0;
2026;2º;Top 15 - Bancos, Financeiras e Instituições de Pagamento;Conglomerado; ;99PAY IP (conglomerado);Irregularidades relacionadas ao fornecimento de documentos por conta de pagamentos pré-paga - instituição de pagamento;2;
2026;2º;Top 15 - Bancos, Financeiras e Instituições de Pagamento;Conglomerado; ;99PAY IP (conglomerado);Irregularidades relacionadas ao Sistema de Informações de Crédito do Banco Central (SCR) - instituição de pagamento;0;
2026;2º;Top 15 - Bancos, Financeiras e Instituições de Pagamento;Conglomerado; ;99PAY IP (conglomerado);Irregularidades relacionadas à liquidação de documentos (exceto cheques) - instituição de pagamento;0;
2026;2º;Top 15 - Bancos, Financeiras e Instituições de Pagamento;Conglomerado; ;99PAY IP (conglomerado);Irregularidades relativas a integridade, confiabilidade, segurança, sigilo ou legitimidade das operações e serviços prestados relacionados a conta de pagamento pós-paga - instituição de pagamento;7;
2026;2º;Top 15 - Bancos, Financeiras e Instituições de Pagamento;Conglomerado; ;99PAY IP (conglomerado);Irregularidades relativas a integridade, confiabilidade, segurança, sigilo ou legitimidade das operações e serviços prestados relacionados a conta de pagamento pré-paga - instituição de pagamento;20;
2026;2º;Top 15 - Bancos, Financeiras e Instituições de Pagamento;Conglomerado; ;99PAY IP (conglomerado);Limites de transação - instituição de pagamento;0;
2026;2º;Top 15 - Bancos, Financeiras e Instituições de Pagamento;Conglomerado; ;99PAY IP (conglomerado);Oferta ou prestação de informação a respeito de produtos e serviços de forma inadequada para conta de pagamento pós-paga - instituição de pagamento;0;
2026;2º;Top 15 - Bancos, Financeiras e Instituições de Pagamento;Conglomerado; ;99PAY IP (conglomerado);Oferta ou prestação de informação a respeito de produtos e serviços de forma inadequada para conta de pagamento pré-paga - instituição de pagamento;5;
2026;2º;Top 15 - Bancos, Financeiras e Instituições de Pagamento;Conglomerado; ;99PAY IP (conglomerado);Outras irregularidades - instituição de pagamento;0;
2026;2º;Top 15 - Bancos, Financeiras e Instituições de Pagamento;Conglomerado; ;99PAY IP (conglomerado);Outros assuntos não regulados relacionados a cartão de crédito - instituição de pagamento;0;
2026;2º;Top 15 - Bancos, Financeiras e Instituições de Pagamento;Conglomerado; ;99PAY IP (conglomerado);Pix - Bloqueio ou devolução irregular de valores - instituição de pagamento;2;
2026;2º;Top 15 - Bancos, Financeiras e Instituições de Pagamento;Conglomerado; ;99PAY IP (conglomerado);Pix - Dificuldade para solicitar ou realizar devolução - instituição de pagamento;20;
2026;2º;Top 15 - Bancos, Financeiras e Instituições de Pagamento;Conglomerado; ;99PAY IP (conglomerado);Pix - liquidação - instituição de pagamento;2;
2026;2º;Top 15 - Bancos, Financeiras e Instituições de Pagamento;Conglomerado; ;99PAY IP (conglomerado);Pix - outros - instituição de pagamento;0;
2026;2º;Top 15 - Bancos, Financeiras e Instituições de Pagamento;Conglomerado; ;99PAY IP (conglomerado);PIX - Chaves - instituição de pagamento;10;
2026;2º;Top 15 - Bancos, Financeiras e Instituições de Pagamento;Conglomerado; ;99PAY IP (conglomerado);PIX - Diversos - instituição de pagamento;0;
2026;2º;Top 15 - Bancos, Financeiras e Instituições de Pagamento;Conglomerado; ;99PAY IP (conglomerado);PIX - Iniciação - instituição de pagamento;0;
2026;2º;Top 15 - Bancos, Financeiras e Instituições de Pagamento;Conglomerado; ;99PAY IP (conglomerado);Reclamações relacionadas a assuntos diversos envolvendo - instituição de pagamento;0;
2026;2º;Top 15 - Bancos, Financeiras e Instituições de Pagamento;Conglomerado; ;99PAY IP (conglomerado);Recusa de produtos ou serviços - instituição de pagamento;0;
2026;2º;Top 15 - Bancos, Financeiras e Instituições de Pagamento;Conglomerado; ;99PAY IP (conglomerado);Renegociação de dívida em instituição de pagamento;0;
2026;2º;Top 15 - Bancos, Financeiras e Instituições de Pagamento;Conglomerado; ;99PAY IP (conglomerado);Restrições cadastrais por parte - instituição de pagamento;0;
2026;2º;Top 15 - Bancos, Financeiras e Instituições de Pagamento;Conglomerado; ;99PAY IP (conglomerado);Terminais eletrônicos, internet e aplicativos - instituição de pagamento;0;
2026;2º;Top 15 - Bancos, Financeiras e Instituições de Pagamento;Conglomerado; ;99PAY IP (conglomerado);Transações não reconhecidas pelo titular da conta, realizadas por terceiros (invasão de conta) - instituição de pagamento;5;
2026;2º;Demais Bancos, Financeiras e Instituições de Pagamento;Conglomerado; ;ABC-BRASIL (conglomerado);Abertura de conta de depósito com documentação ausente, insuficiente ou falsa;0;
2026;2º;Demais Bancos, Financeiras e Instituições de Pagamento;Conglomerado; ;ABC-BRASIL (conglomerado);Cancelamento de contrato por iniciativa da instituição financeira;0;
2026;2º;Demais Bancos, Financeiras e Instituições de Pagamento;Conglomerado; ;ABC-BRASIL (conglomerado);Débito em conta não autorizado pelo cliente, ou não cumprimento das regras aplicáveis;0;
2026;2º;Demais Bancos, Financeiras e Instituições de Pagamento;Conglomerado; ;ABC-BRASIL (conglomerado);Dificuldade na liberação ou substituição de bem;0;
2026;2º;Demais Bancos, Financeiras e Instituições de Pagamento;Conglomerado; ;ABC-BRASIL (conglomerado);Inclusão de dados incorretos no CCS (Cadastro de Clientes do Sistema Financeiro Nacional);2;
2026;2º;Demais Bancos, Financeiras e Instituições de Pagamento;Conglomerado; ;ABC-BRASIL (conglomerado);Insatisfação com a resposta recebida da instituição financeira referente à reclamação registrada no BCB;0;
2026;2º;Demais Bancos, Financeiras e Instituições de Pagamento;Conglomerado; ;ABC-BRASIL (conglomerado);Irregularidades no processo de encerramento de conta de pagamento;0;
2026;2º;Demais Bancos, Financeiras e Instituições de Pagamento;Conglomerado; ;ABC-BRASIL (conglomerado);Irregularidades relacionadas ao Sistema de Informações de Crédito do Banco Central (SCR);0;
2026;2º;Demais Bancos, Financeiras e Instituições de Pagamento;Conglomerado; ;ABC-BRASIL (conglomerado);Irregularidades relativas a integridade, confiabilidade, segurança, sigilo ou legitimidade das operações e serviços disponibilizados em internet banking;2;
2026;2º;Demais Bancos, Financeiras e Instituições de Pagamento;Conglomerado; ;ABC-BRASIL (conglomerado);Irregularidades relativas a integridade, confiabilidade, segurança, sigilo ou legitimidade das operações e serviços, exceto as relacionadas a cartão de crédito, cartão de débito, internet banking, ATM, credenciadora e operação de crédito;0;
2026;2º;Demais Bancos, Financeiras e Instituições de Pagamento;Conglomerado; ;ABC-BRASIL (conglomerado);Irregularidades relativas a integridade, confiabilidade, segurança, sigilo ou legitimidade dos serviços relacionados a operações de crédito, exceto consignado;0;
2026;2º;Demais Bancos, Financeiras e Instituições de Pagamento;Conglomerado; ;ABC-BRASIL (conglomerado);Irregularidades relativas a operações de crédito de saldo devedor de fatura de cartão de crédito (rotativo e parcelamento) e respectiva cobrança de encargos;0;
2026;2º;Demais Bancos, Financeiras e Instituições de Pagamento;Conglomerado; ;ABC-BRASIL (conglomerado);Pix  - chaves;2;
2026;2º;Demais Bancos, Financeiras e Instituições de Pagamento;Conglomerado; ;ABC-BRASIL (conglomerado);Pix - outros;0;
2026;2º;Demais Bancos, Financeiras e Instituições de Pagamento;Conglomerado; ;ABC-BRASIL (conglomerado);Renegociação de dívida (exceto cartão de crédito);0;
2026;2º;Demais Bancos, Financeiras e Instituições de Pagamento;Conglomerado; ;ABC-BRASIL (conglomerado);Restrição à realização de portabilidade de operações de crédito (exceto crédito consignado e financiamento imobiliário) relativas a pessoas naturais;0;
2026;2º;Demais Bancos, Financeiras e Instituições de Pagamento;Conglomerado; ;ADYEN DO BRASIL IP (conglomerado);Bloqueio de valores ou de conta fora do âmbito do Pix - instituição de pagamento;0;
2026;2º;Demais Bancos, Financeiras e Instituições de Pagamento;Conglomerado; ;ADYEN DO BRASIL IP (conglomerado);Insatisfação com a resposta referente à reclamação registrada no BCB recebida - instituição de pagamento;1;
2026;2º;Demais Bancos, Financeiras e Instituições de Pagamento;Conglomerado; ;ADYEN DO BRASIL IP (conglomerado);Irregularidades relacionadas ao acompanhamento de conta de pagamento - instituição de pagamento;3;
2026;2º;Demais Bancos, Financeiras e Instituições de Pagamento;Conglomerado; ;ADYEN DO BRASIL IP (conglomerado);Irregularidades relacionadas à liquidação de documentos (exceto cheques) - instituição de pagamento;0;
2026;2º;Demais Bancos, Financeiras e Instituições de Pagamento;Conglomerado; ;ADYEN DO BRASIL IP (conglomerado);Irregularidades relativas a integridade, confiabilidade, segurança, sigilo ou legitimidade das operações e serviços prestados relacionados a conta de pagamento pré-paga - instituição de pagamento;2;
2026;2º;Demais Bancos, Financeiras e Instituições de Pagamento;Conglomerado; ;ADYEN DO BRASIL IP (conglomerado);Pix - Dificuldade para solicitar ou realizar devolução - instituição de pagamento;1;
2026;2º;Demais Bancos, Financeiras e Instituições de Pagamento;Conglomerado; ;ADYEN DO BRASIL IP (conglomerado);Pix - liquidação - instituição de pagamento;1;
2026;2º;Demais Bancos, Financeiras e Instituições de Pagamento;Conglomerado; ;ADYEN DO BRASIL IP (conglomerado);Reclamações relacionadas a assuntos diversos envolvendo - instituição de pagamento;0;
2026;2º;Demais Bancos, Financeiras e Instituições de Pagamento;Conglomerado; ;AGIBANK (conglomerado);Abertura de conta de depósito com documentação ausente, insuficiente ou falsa;5;
2026;2º;Demais Bancos, Financeiras e Instituições de Pagamento;Conglomerado; ;AGIBANK (conglomerado);Ausência de informações sobre as regras de funcionamento nos contratos de cartões de crédito ou seu descumprimento;0;
2026;2º;Demais Bancos, Financeiras e Instituições de Pagamento;Conglomerado; ;AGIBANK (conglomerado);Ausência de título adequado relativo a cartão de crédito;0;
2026;2º;Demais Bancos, Financeiras e Instituições de Pagamento;Conglomerado; ;AGIBANK (conglomerado);Ausência de título adequado relativo a cartão de crédito consignado;0;
2026;2º;Demais Bancos, Financeiras e Instituições de Pagamento;Conglomerado; ;AGIBANK (conglomerado);Bloqueio de valores ou de conta fora do âmbito do Pix;21;
2026;2º;Demais Bancos, Financeiras e Instituições de Pagamento;Conglomerado; ;AGIBANK (conglomerado);Cancelamento de contrato a pedido do cliente não atendido por instituição financeira;0;
2026;2º;Demais Bancos, Financeiras e Instituições de Pagamento;Conglomerado; ;AGIBANK (conglomerado);Cancelamento de contrato por iniciativa da instituição financeira;0;
2026;2º;Demais Bancos, Financeiras e Instituições de Pagamento;Conglomerado; ;AGIBANK (conglomerado);Cobrança irregular de tarifa relacionada a conta ou serviços acessórios à conta;0;
2026;2º;Demais Bancos, Financeiras e Instituições de Pagamento;Conglomerado; ;AGIBANK (conglomerado);Cobranças diversas;0;
2026;2º;Demais Bancos, Financeiras e Instituições de Pagamento;Conglomerado; ;AGIBANK (conglomerado);Concessão de crédito (exceto consignado) sem a formalização do título adequado;10;
2026;2º;Demais Bancos, Financeiras e Instituições de Pagamento;Conglomerado; ;AGIBANK (conglomerado);Concessão de crédito consignado sem a formalização do título adequado;5;
2026;2º;Demais Bancos, Financeiras e Instituições de Pagamento;Conglomerado; ;AGIBANK (conglomerado);Crédito consignado;0;
2026;2º;Demais Bancos, Financeiras e Instituições de Pagamento;Conglomerado; ;AGIBANK (conglomerado);Descumprimento de ordem judicial;0;
2026;2º;Demais Bancos, Financeiras e Instituições de Pagamento;Conglomerado; ;AGIBANK (conglomerado);Descumprimento de prazo de resposta da reclamação registrada no BCB;5;
2026;2º;Demais Bancos, Financeiras e Instituições de Pagamento;Conglomerado; ;AGIBANK (conglomerado);Débito em conta não autorizado pelo cliente, ou não cumprimento das regras aplicáveis;10;
2026;2º;Demais Bancos, Financeiras e Instituições de Pagamento;Conglomerado; ;AGIBANK (conglomerado);Falta de transparência na redação de documentos;5;
2026;2º;Demais Bancos, Financeiras e Instituições de Pagamento;Conglomerado; ;AGIBANK (conglomerado);Inclusão de dados incorretos no CCS (Cadastro de Clientes do Sistema Financeiro Nacional);26;
2026;2º;Demais Bancos, Financeiras e Instituições de Pagamento;Conglomerado; ;AGIBANK (conglomerado);Insatisfação com a resposta recebida da instituição financeira referente à reclamação registrada no BCB;5;
2026;2º;Demais Bancos, Financeiras e Instituições de Pagamento;Conglomerado; ;AGIBANK (conglomerado);Insatisfação com o atendimento prestado pelo SAC ou Central de Relacionamento;68;
2026;2º;Demais Bancos, Financeiras e Instituições de Pagamento;Conglomerado; ;AGIBANK (conglomerado);Irregularidades no processo de encerramento de conta de depósitos à vista;37;
2026;2º;Demais Bancos, Financeiras e Instituições de Pagamento;Conglomerado; ;AGIBANK (conglomerado);Irregularidades no processo de encerramento de conta de pagamento;0;
2026;2º;Demais Bancos, Financeiras e Instituições de Pagamento;Conglomerado; ;AGIBANK (conglomerado);Irregularidades relacionadas a informações e liquidação de valores a receber no sistema SVR do BCB por parte de instituições financeiras;31;
2026;2º;Demais Bancos, Financeiras e Instituições de Pagamento;Conglomerado; ;AGIBANK (conglomerado);Irregularidades relacionadas ao acompanhamento de conta;10;
2026;2º;Demais Bancos, Financeiras e Instituições de Pagamento;Conglomerado; ;AGIBANK (conglomerado);Irregularidades relacionadas ao fornecimento de documento para liquidação antecipada de operações de crédito;26;
2026;2º;Demais Bancos, Financeiras e Instituições de Pagamento;Conglomerado; ;AGIBANK (conglomerado);Irregularidades relacionadas ao fornecimento de documentos relativos a cartão de crédito;5;
2026;2º;Demais Bancos, Financeiras e Instituições de Pagamento;Conglomerado; ;AGIBANK (conglomerado);Irregularidades relacionadas ao fornecimento de documentos relativos a conta;5;
2026;2º;Demais Bancos, Financeiras e Instituições de Pagamento;Conglomerado; ;AGIBANK (conglomerado);Irregularidades relacionadas ao fornecimento de documentos relativos a operação de crédito, exceto para liquidação antecipada e descritivo do crédito.;52;
2026;2º;Demais Bancos, Financeiras e Instituições de Pagamento;Conglomerado; ;AGIBANK (conglomerado);Irregularidades relacionadas ao fornecimento de informações relativas a operação de crédito contratada (DDC);16;
2026;2º;Demais Bancos, Financeiras e Instituições de Pagamento;Conglomerado; ;AGIBANK (conglomerado);Irregularidades relacionadas ao Sistema de Informações de Crédito do Banco Central (SCR);10;
2026;2º;Demais Bancos, Financeiras e Instituições de Pagamento;Conglomerado; ;AGIBANK (conglomerado);Irregularidades relativas a integridade, confiabilidade, segurança, sigilo ou legitimidade das operações e serviços disponibilizados em ATM;5;
2026;2º;Demais Bancos, Financeiras e Instituições de Pagamento;Conglomerado; ;AGIBANK (conglomerado);Irregularidades relativas a integridade, confiabilidade, segurança, sigilo ou legitimidade das operações e serviços disponibilizados em internet banking;26;
2026;2º;Demais Bancos, Financeiras e Instituições de Pagamento;Conglomerado; ;AGIBANK (conglomerado);Irregularidades relativas a integridade, confiabilidade, segurança, sigilo ou legitimidade das operações e serviços relacionados a cartões de crédito;47;
2026;2º;Demais Bancos, Financeiras e Instituições de Pagamento;Conglomerado; ;AGIBANK (conglomerado);Irregularidades relativas a integridade, confiabilidade, segurança, sigilo ou legitimidade das operações e serviços relacionados a cartões de débito;10;
2026;2º;Demais Bancos, Financeiras e Instituições de Pagamento;Conglomerado; ;AGIBANK (conglomerado);Irregularidades relativas a integridade, confiabilidade, segurança, sigilo ou legitimidade das operações e serviços, exceto as relacionadas a cartão de crédito, cartão de débito, internet banking, ATM, credenciadora e operação de crédito;16;
2026;2º;Demais Bancos, Financeiras e Instituições de Pagamento;Conglomerado; ;AGIBANK (conglomerado);Irregularidades relativas a integridade, confiabilidade, segurança, sigilo ou legitimidade dos serviços relacionados a operações de crédito consignado;241;
2026;2º;Demais Bancos, Financeiras e Instituições de Pagamento;Conglomerado; ;AGIBANK (conglomerado);Irregularidades relativas a integridade, confiabilidade, segurança, sigilo ou legitimidade dos serviços relacionados a operações de crédito, exceto consignado;21;
2026;2º;Demais Bancos, Financeiras e Instituições de Pagamento;Conglomerado; ;AGIBANK (conglomerado);Irregularidades relativas a operações de crédito de saldo devedor de fatura de cartão de crédito (rotativo e parcelamento) e respectiva cobrança de encargos;5;
2026;2º;Demais Bancos, Financeiras e Instituições de Pagamento;Conglomerado; ;AGIBANK (conglomerado);Juros e preços;0;
2026;2º;Demais Bancos, Financeiras e Instituições de Pagamento;Conglomerado; ;AGIBANK (conglomerado);Não acatamento de solicitação de cancelamento de débitos automáticos em conta de pagamento pré-paga, ou não cumprimento das regras aplicáveis;0;
2026;2º;Demais Bancos, Financeiras e Instituições de Pagamento;Conglomerado; ;AGIBANK (conglomerado);Não acatamento de solicitação de cancelamento de débitos automáticos em conta ou não cumprimento das regras aplicáveis;21;
2026;2º;Demais Bancos, Financeiras e Instituições de Pagamento;Conglomerado; ;AGIBANK (conglomerado);Não acatamento de solicitação de cancelamento de débitos automáticos em conta-salário ou não cumprimento das regras aplicáveis;0;
2026;2º;Demais Bancos, Financeiras e Instituições de Pagamento;Conglomerado; ;AGIBANK (conglomerado);Oferta ou prestação de informação sobre a conta ou serviços acessórios de forma inadequada ;79;
2026;2º;Demais Bancos, Financeiras e Instituições de Pagamento;Conglomerado; ;AGIBANK (conglomerado);Oferta ou prestação de informação sobre crédito consignado de forma inadequada;178;
2026;2º;Demais Bancos, Financeiras e Instituições de Pagamento;Conglomerado; ;AGIBANK (conglomerado);Oferta ou prestação de informação sobre o cartão de crédito de forma inadequada ;26;
2026;2º;Demais Bancos, Financeiras e Instituições de Pagamento;Conglomerado; ;AGIBANK (conglomerado);Oferta ou prestação de informação sobre operação de crédito de forma inadequada, exceto crédito consignado;131;
2026;2º;Demais Bancos, Financeiras e Instituições de Pagamento;Conglomerado; ;AGIBANK (conglomerado);Oferta ou prestação de informação sobre produtos e serviços de forma inadequada, exceto as relacionadas a cartão de crédito, conta e serviços acessórios, credenciadora de cartão e operação de crédito;31;
2026;2º;Demais Bancos, Financeiras e Instituições de Pagamento;Conglomerado; ;AGIBANK (conglomerado);Outras irregularidades ;0;
2026;2º;Demais Bancos, Financeiras e Instituições de Pagamento;Conglomerado; ;AGIBANK (conglomerado);Pix - Dificuldade para solicitar ou realizar devolução;5;
2026;2º;Demais Bancos, Financeiras e Instituições de Pagamento;Conglomerado; ;AGIBANK (conglomerado);Pix - experiência do usuário;0;
2026;2º;Demais Bancos, Financeiras e Instituições de Pagamento;Conglomerado; ;AGIBANK (conglomerado);Pix - iniciação;5;
2026;2º;Demais Bancos, Financeiras e Instituições de Pagamento;Conglomerado; ;AGIBANK (conglomerado);Pix - outros;0;
2026;2º;Demais Bancos, Financeiras e Instituições de Pagamento;Conglomerado; ;AGIBANK (conglomerado);Prestação de serviço de forma irregular em conta-salário;5;
2026;2º;Demais Bancos, Financeiras e Instituições de Pagamento;Conglomerado; ;AGIBANK (conglomerado);Reclamações relacionadas a assuntos diversos;0;
2026;2º;Demais Bancos, Financeiras e Instituições de Pagamento;Conglomerado; ;AGIBANK (conglomerado);Recusa de produtos ou serviços;0;
2026;2º;Demais Bancos, Financeiras e Instituições de Pagamento;Conglomerado; ;AGIBANK (conglomerado);Renegociação de dívida (exceto cartão de crédito);0;
2026;2º;Demais Bancos, Financeiras e Instituições de Pagamento;Conglomerado; ;AGIBANK (conglomerado);Restrição à realização de portabilidade de operações de crédito (exceto crédito consignado e financiamento imobiliário) relativas a pessoas naturais;5;
2026;2º;Demais Bancos, Financeiras e Instituições de Pagamento;Conglomerado; ;AGIBANK (conglomerado);Restrição à realização de portabilidade de operações de crédito consignado relativas a pessoas naturais;10;
2026;2º;Demais Bancos, Financeiras e Instituições de Pagamento;Conglomerado; ;AGIBANK (conglomerado);Restrições cadastrais;0;
2026;2º;Demais Bancos, Financeiras e Instituições de Pagamento;Conglomerado; ;AGIBANK (conglomerado);Terminais eletrônicos, internet e aplicativos;0;
2026;2º;Demais Bancos, Financeiras e Instituições de Pagamento;Conglomerado; ;AGIBANK (conglomerado);Transações não reconhecidas pelo titular da conta, realizadas por terceiros (invasão de conta) em instituições financeiras;5;
2026;2º;Demais Bancos, Financeiras e Instituições de Pagamento;Conglomerado; ;AGORACRED S/A SCFI (conglomerado);Cobranças diversas;0;
2026;2º;Demais Bancos, Financeiras e Instituições de Pagamento;Conglomerado; ;AGORACRED S/A SCFI (conglomerado);Insatisfação com a resposta recebida da instituição financeira referente à reclamação registrada no BCB;0;
2026;2º;Demais Bancos, Financeiras e Instituições de Pagamento;Conglomerado; ;AGORACRED S/A SCFI (conglomerado);Irregularidades no processo de encerramento de conta de depósitos à vista;0;
2026;2º;Demais Bancos, Financeiras e Instituições de Pagamento;Conglomerado; ;AGORACRED S/A SCFI (conglomerado);Irregularidades relacionadas ao fornecimento de informações relativas a operação de crédito contratada (DDC);2;
2026;2º;Demais Bancos, Financeiras e Instituições de Pagamento;Conglomerado; ;AGORACRED S/A SCFI (conglomerado);Irregularidades relacionadas ao Sistema de Informações de Crédito do Banco Central (SCR);7;
2026;2º;Demais Bancos, Financeiras e Instituições de Pagamento;Conglomerado; ;AGORACRED S/A SCFI (conglomerado);Irregularidades relativas a integridade, confiabilidade, segurança, sigilo ou legitimidade das operações e serviços, exceto as relacionadas a cartão de crédito, cartão de débito, internet banking, ATM, credenciadora e operação de crédito;0;
2026;2º;Demais Bancos, Financeiras e Instituições de Pagamento;Conglomerado; ;AGORACRED S/A SCFI (conglomerado);Juros e preços;0;
2026;2º;Demais Bancos, Financeiras e Instituições de Pagamento;Conglomerado; ;AGORACRED S/A SCFI (conglomerado);Renegociação de dívida (exceto cartão de crédito);0;
2026;2º;Demais Bancos, Financeiras e Instituições de Pagamento;Conglomerado; ;AL5 S.A. SCFI (conglomerado);Irregularidades relacionadas ao fornecimento de informações relativas a operação de crédito contratada (DDC);2;
2026;2º;Demais Bancos, Financeiras e Instituições de Pagamento;Conglomerado; ;AL5 S.A. SCFI (conglomerado);Irregularidades relacionadas ao Sistema de Informações de Crédito do Banco Central (SCR);0;
2026;2º;Demais Bancos, Financeiras e Instituições de Pagamento;Conglomerado; ;AL5 S.A. SCFI (conglomerado);Irregularidades relativas a integridade, confiabilidade, segurança, sigilo ou legitimidade dos serviços relacionados a operações de crédito consignado;2;
2026;2º;Demais Bancos, Financeiras e Instituições de Pagamento;Conglomerado; ;AL5 S.A. SCFI (conglomerado);Juros e preços;0;
2026;2º;Demais Bancos, Financeiras e Instituições de Pagamento;Conglomerado; ;AL5 S.A. SCFI (conglomerado);Renegociação de dívida (exceto cartão de crédito);0;
2026;2º;Demais Bancos, Financeiras e Instituições de Pagamento;Conglomerado; ;AL5 S.A. SCFI (conglomerado);Restrições cadastrais;0;
2026;2º;Demais Bancos, Financeiras e Instituições de Pagamento;Conglomerado; ;ANDBANK (conglomerado);Concessão de crédito (exceto consignado) sem a formalização do título adequado;0;
2026;2º;Demais Bancos, Financeiras e Instituições de Pagamento;Conglomerado; ;ANDBANK (conglomerado);Descumprimento de ordem judicial;0;
2026;2º;Demais Bancos, Financeiras e Instituições de Pagamento;Conglomerado; ;ANDBANK (conglomerado);Insatisfação com a resposta recebida da instituição financeira referente à reclamação registrada no BCB;0;
2026;2º;Demais Bancos, Financeiras e Instituições de Pagamento;Conglomerado; ;ANDBANK (conglomerado);Insatisfação com o atendimento prestado pelo SAC ou Central de Relacionamento;0;
2026;2º;Demais Bancos, Financeiras e Instituições de Pagamento;Conglomerado; ;ANDBANK (conglomerado);Irregularidades relacionadas ao Custo Efetivo Total (CET) de operação de crédito;0;
2026;2º;Demais Bancos, Financeiras e Instituições de Pagamento;Conglomerado; ;ANDBANK (conglomerado);Irregularidades relacionadas ao fornecimento de documentos relativos a operação de crédito, exceto para liquidação antecipada e descritivo do crédito.;0;
2026;2º;Demais Bancos, Financeiras e Instituições de Pagamento;Conglomerado; ;ANDBANK (conglomerado);Irregularidades relacionadas ao Sistema de Informações de Crédito do Banco Central (SCR);8;
2026;2º;Demais Bancos, Financeiras e Instituições de Pagamento;Conglomerado; ;ANDBANK (conglomerado);Irregularidades relativas a integridade, confiabilidade, segurança, sigilo ou legitimidade dos serviços relacionados a operações de crédito consignado;1;
2026;2º;Demais Bancos, Financeiras e Instituições de Pagamento;Conglomerado; ;ANDBANK (conglomerado);Irregularidades relativas a integridade, confiabilidade, segurança, sigilo ou legitimidade dos serviços relacionados a operações de crédito, exceto consignado;0;
2026;2º;Demais Bancos, Financeiras e Instituições de Pagamento;Conglomerado; ;ANDBANK (conglomerado);Juros e preços;0;
2026;2º;Demais Bancos, Financeiras e Instituições de Pagamento;Conglomerado; ;ANDBANK (conglomerado);Oferta ou prestação de informação sobre operação de crédito de forma inadequada, exceto crédito consignado;0;
2026;2º;Demais Bancos, Financeiras e Instituições de Pagamento;Conglomerado; ;ANDBANK (conglomerado);Renegociação de dívida (exceto cartão de crédito);0;
2026;2º;Demais Bancos, Financeiras e Instituições de Pagamento;Conglomerado; ;ANDBANK (conglomerado);Restrição à realização de portabilidade de operações de crédito (exceto crédito consignado e financiamento imobiliário) relativas a pessoas naturais;0;
2026;2º;Demais Bancos, Financeiras e Instituições de Pagamento;Conglomerado; ;ANDBANK (conglomerado);Restrição à realização de portabilidade de operações de crédito consignado relativas a pessoas naturais;0;
2026;2º;Demais Bancos, Financeiras e Instituições de Pagamento;Conglomerado; ;ANDBANK (conglomerado);Restrições cadastrais;0;
2026;2º;Demais Bancos, Financeiras e Instituições de Pagamento;Conglomerado; ;ANDBANK (conglomerado);Utilização incorreta da taxa de desconto no cálculo do valor presente relacionadas às demais operações de crédito, exceto as de crédito consignado e de financiamento imobiliário;0;
2026;2º;Demais Bancos, Financeiras e Instituições de Pagamento;Conglomerado; ;APUSDIGITAL IP (conglomerado);Irregularidades relativas a integridade, confiabilidade, segurança, sigilo ou legitimidade das operações e serviços prestados relacionados a conta de pagamento pré-paga - instituição de pagamento;0;
2026;2º;Demais Bancos, Financeiras e Instituições de Pagamento;Conglomerado; ;ASAAS GESTAO FINANCEIRA IP (conglomerado);Abertura de conta de pagamento sem documentação necessária ou com documentação falsa - instituição de pagamento;10;
2026;2º;Demais Bancos, Financeiras e Instituições de Pagamento;Conglomerado; ;ASAAS GESTAO FINANCEIRA IP (conglomerado);Bloqueio de valores ou de conta fora do âmbito do Pix - instituição de pagamento;13;
2026;2º;Demais Bancos, Financeiras e Instituições de Pagamento;Conglomerado; ;ASAAS GESTAO FINANCEIRA IP (conglomerado);Cancelamento de contrato por iniciativa - instituição de pagamento;0;
2026;2º;Demais Bancos, Financeiras e Instituições de Pagamento;Conglomerado; ;ASAAS GESTAO FINANCEIRA IP (conglomerado);Cobrança irregular de tarifa em conta de pagamento pré-paga - instituição de pagamento;0;
2026;2º;Demais Bancos, Financeiras e Instituições de Pagamento;Conglomerado; ;ASAAS GESTAO FINANCEIRA IP (conglomerado);Cobranças diversas de IPs;0;
2026;2º;Demais Bancos, Financeiras e Instituições de Pagamento;Conglomerado; ;ASAAS GESTAO FINANCEIRA IP (conglomerado);Descumprimento de prazo de resposta da reclamação registrada no BCB - instituição de pagamento;0;
2026;2º;Demais Bancos, Financeiras e Instituições de Pagamento;Conglomerado; ;ASAAS GESTAO FINANCEIRA IP (conglomerado);Insatisfação com a resposta referente à reclamação registrada no BCB recebida - instituição de pagamento;0;
2026;2º;Demais Bancos, Financeiras e Instituições de Pagamento;Conglomerado; ;ASAAS GESTAO FINANCEIRA IP (conglomerado);Insatisfação com o atendimento prestado pelo SAC ou Central de Relacionamento - instituição de pagamento;0;
2026;2º;Demais Bancos, Financeiras e Instituições de Pagamento;Conglomerado; ;ASAAS GESTAO FINANCEIRA IP (conglomerado);Irregularidades no processo de encerramento de conta de pagamento - instituição de pagamento;0;
2026;2º;Demais Bancos, Financeiras e Instituições de Pagamento;Conglomerado; ;ASAAS GESTAO FINANCEIRA IP (conglomerado);Irregularidades relacionadas ao acompanhamento de conta de pagamento - instituição de pagamento;9;
2026;2º;Demais Bancos, Financeiras e Instituições de Pagamento;Conglomerado; ;ASAAS GESTAO FINANCEIRA IP (conglomerado);Irregularidades relacionadas ao fornecimento de documentos por conta de pagamentos pré-paga - instituição de pagamento;1;
2026;2º;Demais Bancos, Financeiras e Instituições de Pagamento;Conglomerado; ;ASAAS GESTAO FINANCEIRA IP (conglomerado);Irregularidades relativas a integridade, confiabilidade, segurança, sigilo ou legitimidade das operações e serviços prestados relacionados a conta de pagamento pós-paga - instituição de pagamento;3;
2026;2º;Demais Bancos, Financeiras e Instituições de Pagamento;Conglomerado; ;ASAAS GESTAO FINANCEIRA IP (conglomerado);Irregularidades relativas a integridade, confiabilidade, segurança, sigilo ou legitimidade das operações e serviços prestados relacionados a conta de pagamento pré-paga - instituição de pagamento;9;
2026;2º;Demais Bancos, Financeiras e Instituições de Pagamento;Conglomerado; ;ASAAS GESTAO FINANCEIRA IP (conglomerado);Limites de transação - instituição de pagamento;0;
2026;2º;Demais Bancos, Financeiras e Instituições de Pagamento;Conglomerado; ;ASAAS GESTAO FINANCEIRA IP (conglomerado);Oferta ou prestação de informação a respeito de produtos e serviços de forma inadequada para conta de pagamento pós-paga - instituição de pagamento;3;
2026;2º;Demais Bancos, Financeiras e Instituições de Pagamento;Conglomerado; ;ASAAS GESTAO FINANCEIRA IP (conglomerado);Oferta ou prestação de informação a respeito de produtos e serviços de forma inadequada para conta de pagamento pré-paga - instituição de pagamento;1;
2026;2º;Demais Bancos, Financeiras e Instituições de Pagamento;Conglomerado; ;ASAAS GESTAO FINANCEIRA IP (conglomerado);Pix - Bloqueio ou devolução irregular de valores - instituição de pagamento;1;
2026;2º;Demais Bancos, Financeiras e Instituições de Pagamento;Conglomerado; ;ASAAS GESTAO FINANCEIRA IP (conglomerado);Pix - Dificuldade para solicitar ou realizar devolução - instituição de pagamento;0;
2026;2º;Demais Bancos, Financeiras e Instituições de Pagamento;Conglomerado; ;ASAAS GESTAO FINANCEIRA IP (conglomerado);Pix - liquidação - instituição de pagamento;0;
2026;2º;Demais Bancos, Financeiras e Instituições de Pagamento;Conglomerado; ;ASAAS GESTAO FINANCEIRA IP (conglomerado);PIX - Chaves - instituição de pagamento;1;
2026;2º;Demais Bancos, Financeiras e Instituições de Pagamento;Conglomerado; ;ASAAS GESTAO FINANCEIRA IP (conglomerado);PIX - Iniciação - instituição de pagamento;0;
2026;2º;Demais Bancos, Financeiras e Instituições de Pagamento;Conglomerado; ;ASAAS GESTAO FINANCEIRA IP (conglomerado);Reclamações relacionadas a assuntos diversos envolvendo - instituição de pagamento;0;
2026;2º;Demais Bancos, Financeiras e Instituições de Pagamento;Conglomerado; ;ASAAS GESTAO FINANCEIRA IP (conglomerado);Recusa de produtos ou serviços - instituição de pagamento;0;
2026;2º;Demais Bancos, Financeiras e Instituições de Pagamento;Conglomerado; ;ASAAS GESTAO FINANCEIRA IP (conglomerado);Renegociação de dívida em instituição de pagamento;0;
2026;2º;Demais Bancos, Financeiras e Instituições de Pagamento;Conglomerado; ;ASAAS GESTAO FINANCEIRA IP (conglomerado);Restrições cadastrais por parte - instituição de pagamento;0;
2026;2º;Demais Bancos, Financeiras e Instituições de Pagamento;Conglomerado; ;ASAAS GESTAO FINANCEIRA IP (conglomerado);Transações não reconhecidas pelo titular da conta, realizadas por terceiros (invasão de conta) - instituição de pagamento;1;
2026;2º;Demais Bancos, Financeiras e Instituições de Pagamento;Conglomerado; ;ASTRO IP (conglomerado);Abertura de conta de pagamento sem documentação necessária ou com documentação falsa - instituição de pagamento;4;
2026;2º;Demais Bancos, Financeiras e Instituições de Pagamento;Conglomerado; ;ASTRO IP (conglomerado);Bloqueio de valores ou de conta fora do âmbito do Pix - instituição de pagamento;22;
2026;2º;Demais Bancos, Financeiras e Instituições de Pagamento;Conglomerado; ;ASTRO IP (conglomerado);Cancelamento de contrato por iniciativa - instituição de pagamento;0;
2026;2º;Demais Bancos, Financeiras e Instituições de Pagamento;Conglomerado; ;ASTRO IP (conglomerado);Débito em conta de pagamento pré-paga não autorizado pelo cliente, ou não cumprimento das regras aplicáveis - instituição de pagamento;1;
2026;2º;Demais Bancos, Financeiras e Instituições de Pagamento;Conglomerado; ;ASTRO IP (conglomerado);Inclusão de dados incorretos no CCS (Cadastro de Clientes do Sistema Financeiro Nacional) - instituição de pagamento;3;
2026;2º;Demais Bancos, Financeiras e Instituições de Pagamento;Conglomerado; ;ASTRO IP (conglomerado);Insatisfação com a resposta referente à reclamação registrada no BCB recebida - instituição de pagamento;1;
2026;2º;Demais Bancos, Financeiras e Instituições de Pagamento;Conglomerado; ;ASTRO IP (conglomerado);Irregularidades no processo de encerramento de conta de pagamento - instituição de pagamento;1;
2026;2º;Demais Bancos, Financeiras e Instituições de Pagamento;Conglomerado; ;ASTRO IP (conglomerado);Irregularidades relacionadas a operações no mercado de câmbio para IPs;1;
2026;2º;Demais Bancos, Financeiras e Instituições de Pagamento;Conglomerado; ;ASTRO IP (conglomerado);Irregularidades relacionadas ao acompanhamento de conta de pagamento - instituição de pagamento;3;
2026;2º;Demais Bancos, Financeiras e Instituições de Pagamento;Conglomerado; ;ASTRO IP (conglomerado);Irregularidades relacionadas ao fornecimento de documentos por conta de pagamentos pré-paga - instituição de pagamento;6;
2026;2º;Demais Bancos, Financeiras e Instituições de Pagamento;Conglomerado; ;ASTRO IP (conglomerado);Irregularidades relacionadas à liquidação de documentos (exceto cheques) - instituição de pagamento;1;
2026;2º;Demais Bancos, Financeiras e Instituições de Pagamento;Conglomerado; ;ASTRO IP (conglomerado);Irregularidades relativas a integridade, confiabilidade, segurança, sigilo ou legitimidade das operações e serviços prestados relacionados a conta de pagamento pós-paga - instituição de pagamento;6;
2026;2º;Demais Bancos, Financeiras e Instituições de Pagamento;Conglomerado; ;ASTRO IP (conglomerado);Irregularidades relativas a integridade, confiabilidade, segurança, sigilo ou legitimidade das operações e serviços prestados relacionados a conta de pagamento pré-paga - instituição de pagamento;19;
2026;2º;Demais Bancos, Financeiras e Instituições de Pagamento;Conglomerado; ;ASTRO IP (conglomerado);Oferta ou prestação de informação a respeito de produtos e serviços de forma inadequada para conta de pagamento pós-paga - instituição de pagamento;1;
2026;2º;Demais Bancos, Financeiras e Instituições de Pagamento;Conglomerado; ;ASTRO IP (conglomerado);Pix - Bloqueio ou devolução irregular de valores - instituição de pagamento;6;
2026;2º;Demais Bancos, Financeiras e Instituições de Pagamento;Conglomerado; ;ASTRO IP (conglomerado);Pix - Dificuldade para solicitar ou realizar devolução - instituição de pagamento;1;
2026;2º;Demais Bancos, Financeiras e Instituições de Pagamento;Conglomerado; ;ASTRO IP (conglomerado);Pix - liquidação - instituição de pagamento;1;
2026;2º;Demais Bancos, Financeiras e Instituições de Pagamento;Conglomerado; ;ASTRO IP (conglomerado);PIX - Chaves - instituição de pagamento;4;
2026;2º;Demais Bancos, Financeiras e Instituições de Pagamento;Conglomerado; ;ASTRO IP (conglomerado);Reclamações relacionadas a assuntos diversos envolvendo - instituição de pagamento;0;
2026;2º;Demais Bancos, Financeiras e Instituições de Pagamento;Conglomerado; ;ASTRO IP (conglomerado);Recusa de produtos ou serviços - instituição de pagamento;0;
2026;2º;Demais Bancos, Financeiras e Instituições de Pagamento;Conglomerado; ;ASTRO IP (conglomerado);Restrições cadastrais por parte - instituição de pagamento;0;
2026;2º;Demais Bancos, Financeiras e Instituições de Pagamento;Conglomerado; ;ASTRO IP (conglomerado);Transações não reconhecidas pelo titular da conta, realizadas por terceiros (invasão de conta) - instituição de pagamento;1;
2026;2º;Demais Bancos, Financeiras e Instituições de Pagamento;Conglomerado; ;AVANCARD PROVER IP (conglomerado);Débito em conta de pagamento pré-paga não autorizado pelo cliente, ou não cumprimento das regras aplicáveis - instituição de pagamento;2;
2026;2º;Demais Bancos, Financeiras e Instituições de Pagamento;Conglomerado; ;AVANCARD PROVER IP (conglomerado);Irregularidades relacionadas ao fornecimento de documentos por conta de pagamentos pós-paga - instituição de pagamento;0;
2026;2º;Demais Bancos, Financeiras e Instituições de Pagamento;Conglomerado; ;AVANCARD PROVER IP (conglomerado);Irregularidades relativas a integridade, confiabilidade, segurança, sigilo ou legitimidade das operações e serviços prestados relacionados a conta de pagamento pré-paga - instituição de pagamento;0;
2026;2º;Demais Bancos, Financeiras e Instituições de Pagamento;Conglomerado; ;AVANCARD PROVER IP (conglomerado);Oferta ou prestação de informação a respeito de produtos e serviços de forma inadequada para conta de pagamento pós-paga - instituição de pagamento;2;
2026;2º;Demais Bancos, Financeiras e Instituições de Pagamento;Conglomerado; ;AVANCARD PROVER IP (conglomerado);Recusa de produtos ou serviços - instituição de pagamento;0;
2026;2º;Demais Bancos, Financeiras e Instituições de Pagamento;Conglomerado; ;BANCO AFINZ BM (conglomerado);Abertura de conta de pagamento sem documentação necessária ou com documentação falsa - instituição de pagamento;1;
2026;2º;Demais Bancos, Financeiras e Instituições de Pagamento;Conglomerado; ;BANCO AFINZ BM (conglomerado);Ausência de título adequado relativo a cartão de crédito;8;
2026;2º;Demais Bancos, Financeiras e Instituições de Pagamento;Conglomerado; ;BANCO AFINZ BM (conglomerado);Cancelamento de contrato a pedido do cliente não atendido por instituição financeira;3;
2026;2º;Demais Bancos, Financeiras e Instituições de Pagamento;Conglomerado; ;BANCO AFINZ BM (conglomerado);Cobrança irregular de tarifa relacionada ao cartão de crédito;3;
2026;2º;Demais Bancos, Financeiras e Instituições de Pagamento;Conglomerado; ;BANCO AFINZ BM (conglomerado);Cobranças diversas;0;
2026;2º;Demais Bancos, Financeiras e Instituições de Pagamento;Conglomerado; ;BANCO AFINZ BM (conglomerado);Cobranças diversas de IPs;0;
2026;2º;Demais Bancos, Financeiras e Instituições de Pagamento;Conglomerado; ;BANCO AFINZ BM (conglomerado);Concessão de crédito (exceto consignado) sem a formalização do título adequado;1;
2026;2º;Demais Bancos, Financeiras e Instituições de Pagamento;Conglomerado; ;BANCO AFINZ BM (conglomerado);Descumprimento de ordem judicial;0;
2026;2º;Demais Bancos, Financeiras e Instituições de Pagamento;Conglomerado; ;BANCO AFINZ BM (conglomerado);Débito em conta de pagamento pré-paga não autorizado pelo cliente, ou não cumprimento das regras aplicáveis - instituição de pagamento;0;
2026;2º;Demais Bancos, Financeiras e Instituições de Pagamento;Conglomerado; ;BANCO AFINZ BM (conglomerado);Débito em conta não autorizado pelo cliente, ou não cumprimento das regras aplicáveis;0;
2026;2º;Demais Bancos, Financeiras e Instituições de Pagamento;Conglomerado; ;BANCO AFINZ BM (conglomerado);Insatisfação com a resposta recebida da instituição financeira referente à reclamação registrada no BCB;0;
2026;2º;Demais Bancos, Financeiras e Instituições de Pagamento;Conglomerado; ;BANCO AFINZ BM (conglomerado);Insatisfação com a resposta referente à reclamação registrada no BCB recebida - instituição de pagamento;1;
2026;2º;Demais Bancos, Financeiras e Instituições de Pagamento;Conglomerado; ;BANCO AFINZ BM (conglomerado);Insatisfação com o atendimento prestado pelo SAC ou Central de Relacionamento;5;
2026;2º;Demais Bancos, Financeiras e Instituições de Pagamento;Conglomerado; ;BANCO AFINZ BM (conglomerado);Insatisfação com o atendimento prestado pelo SAC ou Central de Relacionamento - instituição de pagamento;0;
2026;2º;Demais Bancos, Financeiras e Instituições de Pagamento;Conglomerado; ;BANCO AFINZ BM (conglomerado);Irregularidades relacionadas a boletos de pagamento (exceto ausência de contrato com beneficiário);0;
2026;2º;Demais Bancos, Financeiras e Instituições de Pagamento;Conglomerado; ;BANCO AFINZ BM (conglomerado);Irregularidades relacionadas ao Custo Efetivo Total (CET) de operação de crédito;0;
2026;2º;Demais Bancos, Financeiras e Instituições de Pagamento;Conglomerado; ;BANCO AFINZ BM (conglomerado);Irregularidades relacionadas ao fornecimento de documento para liquidação antecipada de operações de crédito;1;
2026;2º;Demais Bancos, Financeiras e Instituições de Pagamento;Conglomerado; ;BANCO AFINZ BM (conglomerado);Irregularidades relacionadas ao fornecimento de documentos relativos a cartão de crédito;3;
2026;2º;Demais Bancos, Financeiras e Instituições de Pagamento;Conglomerado; ;BANCO AFINZ BM (conglomerado);Irregularidades relacionadas ao fornecimento de documentos relativos a operação de crédito, exceto para liquidação antecipada e descritivo do crédito.;4;
2026;2º;Demais Bancos, Financeiras e Instituições de Pagamento;Conglomerado; ;BANCO AFINZ BM (conglomerado);Irregularidades relacionadas ao fornecimento de informações relativas a operação de crédito contratada (DDC);3;
2026;2º;Demais Bancos, Financeiras e Instituições de Pagamento;Conglomerado; ;BANCO AFINZ BM (conglomerado);Irregularidades relacionadas ao Sistema de Informações de Crédito do Banco Central (SCR);3;
2026;2º;Demais Bancos, Financeiras e Instituições de Pagamento;Conglomerado; ;BANCO AFINZ BM (conglomerado);Irregularidades relacionadas ao Sistema de Informações de Crédito do Banco Central (SCR) - instituição de pagamento;0;
2026;2º;Demais Bancos, Financeiras e Instituições de Pagamento;Conglomerado; ;BANCO AFINZ BM (conglomerado);Irregularidades relativas a integridade, confiabilidade, segurança, sigilo ou legitimidade das operações e serviços prestados relacionados a conta de pagamento pós-paga - instituição de pagamento;5;
2026;2º;Demais Bancos, Financeiras e Instituições de Pagamento;Conglomerado; ;BANCO AFINZ BM (conglomerado);Irregularidades relativas a integridade, confiabilidade, segurança, sigilo ou legitimidade das operações e serviços relacionados a cartões de crédito;27;
2026;2º;Demais Bancos, Financeiras e Instituições de Pagamento;Conglomerado; ;BANCO AFINZ BM (conglomerado);Irregularidades relativas a integridade, confiabilidade, segurança, sigilo ou legitimidade das operações e serviços, exceto as relacionadas a cartão de crédito, cartão de débito, internet banking, ATM, credenciadora e operação de crédito;1;
2026;2º;Demais Bancos, Financeiras e Instituições de Pagamento;Conglomerado; ;BANCO AFINZ BM (conglomerado);Irregularidades relativas a integridade, confiabilidade, segurança, sigilo ou legitimidade dos serviços relacionados a operações de crédito, exceto consignado;5;
2026;2º;Demais Bancos, Financeiras e Instituições de Pagamento;Conglomerado; ;BANCO AFINZ BM (conglomerado);Irregularidades relativas a operações de crédito de saldo devedor de fatura de cartão de crédito (rotativo e parcelamento) e respectiva cobrança de encargos;11;
2026;2º;Demais Bancos, Financeiras e Instituições de Pagamento;Conglomerado; ;BANCO AFINZ BM (conglomerado);Irregularidades relativas a operações de crédito de saldo devedor de fatura de cartão de crédito (rotativo e parcelamento) e respectiva cobrança de encargos - instituições de pagamento;0;
2026;2º;Demais Bancos, Financeiras e Instituições de Pagamento;Conglomerado; ;BANCO AFINZ BM (conglomerado);Juros e preços;0;
2026;2º;Demais Bancos, Financeiras e Instituições de Pagamento;Conglomerado; ;BANCO AFINZ BM (conglomerado);Limites de transação;0;
2026;2º;Demais Bancos, Financeiras e Instituições de Pagamento;Conglomerado; ;BANCO AFINZ BM (conglomerado);Não acatamento de solicitação de cancelamento de débitos automáticos em conta ou não cumprimento das regras aplicáveis;0;
2026;2º;Demais Bancos, Financeiras e Instituições de Pagamento;Conglomerado; ;BANCO AFINZ BM (conglomerado);Oferta ou prestação de informação sobre o cartão de crédito de forma inadequada ;20;
2026;2º;Demais Bancos, Financeiras e Instituições de Pagamento;Conglomerado; ;BANCO AFINZ BM (conglomerado);Oferta ou prestação de informação sobre operação de crédito de forma inadequada, exceto crédito consignado;5;
2026;2º;Demais Bancos, Financeiras e Instituições de Pagamento;Conglomerado; ;BANCO AFINZ BM (conglomerado);Oferta ou prestação de informação sobre produtos e serviços de forma inadequada, exceto as relacionadas a cartão de crédito, conta e serviços acessórios, credenciadora de cartão e operação de crédito;5;
2026;2º;Demais Bancos, Financeiras e Instituições de Pagamento;Conglomerado; ;BANCO AFINZ BM (conglomerado);Outras irregularidades - instituição de pagamento;0;
2026;2º;Demais Bancos, Financeiras e Instituições de Pagamento;Conglomerado; ;BANCO AFINZ BM (conglomerado);Outras irregularidades relacionadas a cartões de crédito - instituição de pagamento;0;
2026;2º;Demais Bancos, Financeiras e Instituições de Pagamento;Conglomerado; ;BANCO AFINZ BM (conglomerado);Outros assuntos não regulados relacionados a cartão de crédito;0;
2026;2º;Demais Bancos, Financeiras e Instituições de Pagamento;Conglomerado; ;BANCO AFINZ BM (conglomerado);Outros assuntos não regulados relacionados a cartão de crédito - instituição de pagamento;0;
2026;2º;Demais Bancos, Financeiras e Instituições de Pagamento;Conglomerado; ;BANCO AFINZ BM (conglomerado);Pix - liquidação - instituição de pagamento;1;
2026;2º;Demais Bancos, Financeiras e Instituições de Pagamento;Conglomerado; ;BANCO AFINZ BM (conglomerado);Reclamações relacionadas a assuntos diversos;0;
2026;2º;Demais Bancos, Financeiras e Instituições de Pagamento;Conglomerado; ;BANCO AFINZ BM (conglomerado);Reclamações relacionadas a assuntos diversos envolvendo - instituição de pagamento;0;
2026;2º;Demais Bancos, Financeiras e Instituições de Pagamento;Conglomerado; ;BANCO AFINZ BM (conglomerado);Renegociação de dívida (exceto cartão de crédito);0;
2026;2º;Demais Bancos, Financeiras e Instituições de Pagamento;Conglomerado; ;BANCO AFINZ BM (conglomerado);Renegociação de dívida em instituição de pagamento;0;
2026;2º;Demais Bancos, Financeiras e Instituições de Pagamento;Conglomerado; ;BANCO AFINZ BM (conglomerado);Restrições cadastrais;0;
2026;2º;Demais Bancos, Financeiras e Instituições de Pagamento;Conglomerado; ;BANCO AFINZ BM (conglomerado);Restrições cadastrais por parte - instituição de pagamento;0;
2026;2º;Demais Bancos, Financeiras e Instituições de Pagamento;Conglomerado; ;BANCO AFINZ BM (conglomerado);Utilização incorreta da taxa de desconto no cálculo do valor presente relacionadas às demais operações de crédito, exceto as de crédito consignado e de financiamento imobiliário;0;
2026;2º;Demais Bancos, Financeiras e Instituições de Pagamento;Conglomerado; ;BANCO BARI DE INVESTIMENTO E FINANCI. (conglomerado);Abertura de conta de pagamento sem documentação necessária ou com documentação falsa;0;
2026;2º;Demais Bancos, Financeiras e Instituições de Pagamento;Conglomerado; ;BANCO BARI DE INVESTIMENTO E FINANCI. (conglomerado);Ausência de título adequado relativo a cartão de crédito consignado;0;
2026;2º;Demais Bancos, Financeiras e Instituições de Pagamento;Conglomerado; ;BANCO BARI DE INVESTIMENTO E FINANCI. (conglomerado);Cobrança irregular de tarifa em operação de crédito;0;
2026;2º;Demais Bancos, Financeiras e Instituições de Pagamento;Conglomerado; ;BANCO BARI DE INVESTIMENTO E FINANCI. (conglomerado);Concessão de crédito consignado sem a formalização do título adequado;1;
2026;2º;Demais Bancos, Financeiras e Instituições de Pagamento;Conglomerado; ;BANCO BARI DE INVESTIMENTO E FINANCI. (conglomerado);Insatisfação com a resposta recebida da instituição financeira referente à reclamação registrada no BCB;1;
2026;2º;Demais Bancos, Financeiras e Instituições de Pagamento;Conglomerado; ;BANCO BARI DE INVESTIMENTO E FINANCI. (conglomerado);Insatisfação com o atendimento prestado pelo SAC ou Central de Relacionamento;1;
2026;2º;Demais Bancos, Financeiras e Instituições de Pagamento;Conglomerado; ;BANCO BARI DE INVESTIMENTO E FINANCI. (conglomerado);Irregularidades no processo de encerramento de conta de depósitos à vista;0;
2026;2º;Demais Bancos, Financeiras e Instituições de Pagamento;Conglomerado; ;BANCO BARI DE INVESTIMENTO E FINANCI. (conglomerado);Irregularidades no processo de encerramento de conta de pagamento;0;
2026;2º;Demais Bancos, Financeiras e Instituições de Pagamento;Conglomerado; ;BANCO BARI DE INVESTIMENTO E FINANCI. (conglomerado);Irregularidades relacionadas ao fornecimento de documento para liquidação antecipada de operações de crédito;13;
2026;2º;Demais Bancos, Financeiras e Instituições de Pagamento;Conglomerado; ;BANCO BARI DE INVESTIMENTO E FINANCI. (conglomerado);Irregularidades relacionadas ao fornecimento de documentos relativos a cartão de crédito;0;
2026;2º;Demais Bancos, Financeiras e Instituições de Pagamento;Conglomerado; ;BANCO BARI DE INVESTIMENTO E FINANCI. (conglomerado);Irregularidades relacionadas ao fornecimento de documentos relativos a operação de crédito, exceto para liquidação antecipada e descritivo do crédito.;9;
2026;2º;Demais Bancos, Financeiras e Instituições de Pagamento;Conglomerado; ;BANCO BARI DE INVESTIMENTO E FINANCI. (conglomerado);Irregularidades relacionadas ao fornecimento de informações relativas a operação de crédito contratada (DDC);4;
2026;2º;Demais Bancos, Financeiras e Instituições de Pagamento;Conglomerado; ;BANCO BARI DE INVESTIMENTO E FINANCI. (conglomerado);Irregularidades relacionadas ao fornecimento de outros documentos, exceto os relativos a cartão de crédito, conta e operação de crédito;1;
2026;2º;Demais Bancos, Financeiras e Instituições de Pagamento;Conglomerado; ;BANCO BARI DE INVESTIMENTO E FINANCI. (conglomerado);Irregularidades relacionadas ao Sistema de Informações de Crédito do Banco Central (SCR);1;
2026;2º;Demais Bancos, Financeiras e Instituições de Pagamento;Conglomerado; ;BANCO BARI DE INVESTIMENTO E FINANCI. (conglomerado);Irregularidades relativas a integridade, confiabilidade, segurança, sigilo ou legitimidade das operações e serviços relacionados a cartões de crédito;0;
2026;2º;Demais Bancos, Financeiras e Instituições de Pagamento;Conglomerado; ;BANCO BARI DE INVESTIMENTO E FINANCI. (conglomerado);Irregularidades relativas a integridade, confiabilidade, segurança, sigilo ou legitimidade das operações e serviços, exceto as relacionadas a cartão de crédito, cartão de débito, internet banking, ATM, credenciadora e operação de crédito;1;
2026;2º;Demais Bancos, Financeiras e Instituições de Pagamento;Conglomerado; ;BANCO BARI DE INVESTIMENTO E FINANCI. (conglomerado);Irregularidades relativas a integridade, confiabilidade, segurança, sigilo ou legitimidade dos serviços relacionados a operações de crédito consignado;3;
2026;2º;Demais Bancos, Financeiras e Instituições de Pagamento;Conglomerado; ;BANCO BARI DE INVESTIMENTO E FINANCI. (conglomerado);Irregularidades relativas a integridade, confiabilidade, segurança, sigilo ou legitimidade dos serviços relacionados a operações de crédito, exceto consignado;0;
2026;2º;Demais Bancos, Financeiras e Instituições de Pagamento;Conglomerado; ;BANCO BARI DE INVESTIMENTO E FINANCI. (conglomerado);Limites de transação;1;
2026;2º;Demais Bancos, Financeiras e Instituições de Pagamento;Conglomerado; ;BANCO BARI DE INVESTIMENTO E FINANCI. (conglomerado);Oferta ou prestação de informação sobre operação de crédito de forma inadequada, exceto crédito consignado;1;
2026;2º;Demais Bancos, Financeiras e Instituições de Pagamento;Conglomerado; ;BANCO BARI DE INVESTIMENTO E FINANCI. (conglomerado);Outros assuntos não regulados relacionados a cartão de crédito;0;
2026;2º;Demais Bancos, Financeiras e Instituições de Pagamento;Conglomerado; ;BANCO BARI DE INVESTIMENTO E FINANCI. (conglomerado);Renegociação de dívida (exceto cartão de crédito);0;
2026;2º;Demais Bancos, Financeiras e Instituições de Pagamento;Conglomerado; ;BANCO BARI DE INVESTIMENTO E FINANCI. (conglomerado);Restrição à realização de portabilidade de operações de crédito (exceto crédito consignado e financiamento imobiliário) relativas a pessoas naturais;1;
2026;2º;Demais Bancos, Financeiras e Instituições de Pagamento;Conglomerado; ;BANCO BARI DE INVESTIMENTO E FINANCI. (conglomerado);Restrição à realização de portabilidade de operações de crédito consignado relativas a pessoas naturais;21;
2026;2º;Demais Bancos, Financeiras e Instituições de Pagamento;Conglomerado; ;BANCO BARI DE INVESTIMENTO E FINANCI. (conglomerado);Restrição à realização de portabilidade de operações de financiamento imobiliário relativas a pessoas naturais;3;
2026;2º;Demais Bancos, Financeiras e Instituições de Pagamento;Conglomerado; ;BANCO BARI DE INVESTIMENTO E FINANCI. (conglomerado);Restrições cadastrais;0;
2026;2º;Top 15 - Bancos, Financeiras e Instituições de Pagamento;Conglomerado; ;BANCO C6 (conglomerado);Abertura de conta de depósito com documentação ausente, insuficiente ou falsa;5;
2026;2º;Top 15 - Bancos, Financeiras e Instituições de Pagamento;Conglomerado; ;BANCO C6 (conglomerado);Abertura de conta de pagamento sem documentação necessária ou com documentação falsa;10;
2026;2º;Top 15 - Bancos, Financeiras e Instituições de Pagamento;Conglomerado; ;BANCO C6 (conglomerado);Ausência de informações sobre as regras de funcionamento nos contratos de cartões de crédito ou seu descumprimento;0;
2026;2º;Top 15 - Bancos, Financeiras e Instituições de Pagamento;Conglomerado; ;BANCO C6 (conglomerado);Bloqueio de valores ou de conta fora do âmbito do Pix;15;
2026;2º;Top 15 - Bancos, Financeiras e Instituições de Pagamento;Conglomerado; ;BANCO C6 (conglomerado);Cadastro positivo envolvendo instituição financeira;0;
2026;2º;Top 15 - Bancos, Financeiras e Instituições de Pagamento;Conglomerado; ;BANCO C6 (conglomerado);Cancelamento de contrato a pedido do cliente não atendido por instituição financeira;20;
2026;2º;Top 15 - Bancos, Financeiras e Instituições de Pagamento;Conglomerado; ;BANCO C6 (conglomerado);Cartões de débito;0;
2026;2º;Top 15 - Bancos, Financeiras e Instituições de Pagamento;Conglomerado; ;BANCO C6 (conglomerado);Cobrança irregular de tarifa em operação de crédito;0;
2026;2º;Top 15 - Bancos, Financeiras e Instituições de Pagamento;Conglomerado; ;BANCO C6 (conglomerado);Cobrança irregular de tarifa relacionada a conta ou serviços acessórios à conta;0;
2026;2º;Top 15 - Bancos, Financeiras e Instituições de Pagamento;Conglomerado; ;BANCO C6 (conglomerado);Cobrança irregular de tarifa relacionada ao cartão de crédito;5;
2026;2º;Top 15 - Bancos, Financeiras e Instituições de Pagamento;Conglomerado; ;BANCO C6 (conglomerado);Cobranças diversas;0;
2026;2º;Top 15 - Bancos, Financeiras e Instituições de Pagamento;Conglomerado; ;BANCO C6 (conglomerado);Concessão de crédito (exceto consignado) sem a formalização do título adequado;5;
2026;2º;Top 15 - Bancos, Financeiras e Instituições de Pagamento;Conglomerado; ;BANCO C6 (conglomerado);Concessão de crédito consignado sem a formalização do título adequado;0;
2026;2º;Top 15 - Bancos, Financeiras e Instituições de Pagamento;Conglomerado; ;BANCO C6 (conglomerado);Crédito consignado;0;
2026;2º;Top 15 - Bancos, Financeiras e Instituições de Pagamento;Conglomerado; ;BANCO C6 (conglomerado);Descumprimento de ordem judicial;0;
2026;2º;Top 15 - Bancos, Financeiras e Instituições de Pagamento;Conglomerado; ;BANCO C6 (conglomerado);Descumprimento de prazo de resposta da reclamação registrada no BCB;0;
2026;2º;Top 15 - Bancos, Financeiras e Instituições de Pagamento;Conglomerado; ;BANCO C6 (conglomerado);Débito em conta de pagamento pré-paga não autorizado pelo cliente, ou não cumprimento das regras aplicáveis;31;
2026;2º;Top 15 - Bancos, Financeiras e Instituições de Pagamento;Conglomerado; ;BANCO C6 (conglomerado);Débito em conta não autorizado pelo cliente, ou não cumprimento das regras aplicáveis;235;
2026;2º;Top 15 - Bancos, Financeiras e Instituições de Pagamento;Conglomerado; ;BANCO C6 (conglomerado);Dificuldade na liberação ou substituição de bem;0;
2026;2º;Top 15 - Bancos, Financeiras e Instituições de Pagamento;Conglomerado; ;BANCO C6 (conglomerado);Dificuldade para efetuar resgate antecipado de aplicação;0;
2026;2º;Top 15 - Bancos, Financeiras e Instituições de Pagamento;Conglomerado; ;BANCO C6 (conglomerado);Encaminhamento de instrumentos de pagamento não solicitados;0;
2026;2º;Top 15 - Bancos, Financeiras e Instituições de Pagamento;Conglomerado; ;BANCO C6 (conglomerado);Falta de transparência na redação de documentos;26;
2026;2º;Top 15 - Bancos, Financeiras e Instituições de Pagamento;Conglomerado; ;BANCO C6 (conglomerado);Golpe;0;
2026;2º;Top 15 - Bancos, Financeiras e Instituições de Pagamento;Conglomerado; ;BANCO C6 (conglomerado);Inclusão de dados incorretos no CCS (Cadastro de Clientes do Sistema Financeiro Nacional);0;
2026;2º;Top 15 - Bancos, Financeiras e Instituições de Pagamento;Conglomerado; ;BANCO C6 (conglomerado);Insatisfação com a resposta recebida da instituição financeira referente à reclamação registrada no BCB;5;
2026;2º;Top 15 - Bancos, Financeiras e Instituições de Pagamento;Conglomerado; ;BANCO C6 (conglomerado);Insatisfação com o atendimento prestado pelo SAC ou Central de Relacionamento;220;
2026;2º;Top 15 - Bancos, Financeiras e Instituições de Pagamento;Conglomerado; ;BANCO C6 (conglomerado);Integridade, confiabilidade, segurança, sigilo e legitimidade das operações e serviços  - conta de pagamento pré-paga;20;
2026;2º;Top 15 - Bancos, Financeiras e Instituições de Pagamento;Conglomerado; ;BANCO C6 (conglomerado);Irregularidades no processo de encerramento de conta de depósitos à vista;15;
2026;2º;Top 15 - Bancos, Financeiras e Instituições de Pagamento;Conglomerado; ;BANCO C6 (conglomerado);Irregularidades no processo de encerramento de conta de pagamento;5;
2026;2º;Top 15 - Bancos, Financeiras e Instituições de Pagamento;Conglomerado; ;BANCO C6 (conglomerado);Irregularidades relacionadas a boletos de pagamento (exceto ausência de contrato com beneficiário);0;
2026;2º;Top 15 - Bancos, Financeiras e Instituições de Pagamento;Conglomerado; ;BANCO C6 (conglomerado);Irregularidades relacionadas a informações e liquidação de valores a receber no sistema SVR do BCB por parte de instituições financeiras;0;
2026;2º;Top 15 - Bancos, Financeiras e Instituições de Pagamento;Conglomerado; ;BANCO C6 (conglomerado);Irregularidades relacionadas ao acompanhamento de conta;10;
2026;2º;Top 15 - Bancos, Financeiras e Instituições de Pagamento;Conglomerado; ;BANCO C6 (conglomerado);Irregularidades relacionadas ao acompanhamento de conta de pagamento;0;
2026;2º;Top 15 - Bancos, Financeiras e Instituições de Pagamento;Conglomerado; ;BANCO C6 (conglomerado);Irregularidades relacionadas ao fornecimento de documento para liquidação antecipada de operações de crédito;72;
2026;2º;Top 15 - Bancos, Financeiras e Instituições de Pagamento;Conglomerado; ;BANCO C6 (conglomerado);Irregularidades relacionadas ao fornecimento de documentos relativos a cartão de crédito;5;
2026;2º;Top 15 - Bancos, Financeiras e Instituições de Pagamento;Conglomerado; ;BANCO C6 (conglomerado);Irregularidades relacionadas ao fornecimento de documentos relativos a conta;0;
2026;2º;Top 15 - Bancos, Financeiras e Instituições de Pagamento;Conglomerado; ;BANCO C6 (conglomerado);Irregularidades relacionadas ao fornecimento de documentos relativos a operação de crédito, exceto para liquidação antecipada e descritivo do crédito.;41;
2026;2º;Top 15 - Bancos, Financeiras e Instituições de Pagamento;Conglomerado; ;BANCO C6 (conglomerado);Irregularidades relacionadas ao fornecimento de informações relativas a operação de crédito contratada (DDC);20;
2026;2º;Top 15 - Bancos, Financeiras e Instituições de Pagamento;Conglomerado; ;BANCO C6 (conglomerado);Irregularidades relacionadas ao fornecimento de outros documentos, exceto os relativos a cartão de crédito, conta e operação de crédito;0;
2026;2º;Top 15 - Bancos, Financeiras e Instituições de Pagamento;Conglomerado; ;BANCO C6 (conglomerado);Irregularidades relacionadas ao Sistema de Informações de Crédito do Banco Central (SCR);10;
2026;2º;Top 15 - Bancos, Financeiras e Instituições de Pagamento;Conglomerado; ;BANCO C6 (conglomerado);Irregularidades relacionadas à liquidação de documentos (exceto cheques);5;
2026;2º;Top 15 - Bancos, Financeiras e Instituições de Pagamento;Conglomerado; ;BANCO C6 (conglomerado);Irregularidades relativas a integridade, confiabilidade, segurança, sigilo ou legitimidade das operações e serviços disponibilizados em ATM;10;
2026;2º;Top 15 - Bancos, Financeiras e Instituições de Pagamento;Conglomerado; ;BANCO C6 (conglomerado);Irregularidades relativas a integridade, confiabilidade, segurança, sigilo ou legitimidade das operações e serviços disponibilizados em internet banking;56;
2026;2º;Top 15 - Bancos, Financeiras e Instituições de Pagamento;Conglomerado; ;BANCO C6 (conglomerado);Irregularidades relativas a integridade, confiabilidade, segurança, sigilo ou legitimidade das operações e serviços relacionados a cartões de crédito;143;
2026;2º;Top 15 - Bancos, Financeiras e Instituições de Pagamento;Conglomerado; ;BANCO C6 (conglomerado);Irregularidades relativas a integridade, confiabilidade, segurança, sigilo ou legitimidade das operações e serviços relacionados a cartões de débito;36;
2026;2º;Top 15 - Bancos, Financeiras e Instituições de Pagamento;Conglomerado; ;BANCO C6 (conglomerado);Irregularidades relativas a integridade, confiabilidade, segurança, sigilo ou legitimidade das operações e serviços, exceto as relacionadas a cartão de crédito, cartão de débito, internet banking, ATM, credenciadora e operação de crédito;56;
2026;2º;Top 15 - Bancos, Financeiras e Instituições de Pagamento;Conglomerado; ;BANCO C6 (conglomerado);Irregularidades relativas a integridade, confiabilidade, segurança, sigilo ou legitimidade dos serviços relacionados a operações de crédito consignado;169;
2026;2º;Top 15 - Bancos, Financeiras e Instituições de Pagamento;Conglomerado; ;BANCO C6 (conglomerado);Irregularidades relativas a integridade, confiabilidade, segurança, sigilo ou legitimidade dos serviços relacionados a operações de crédito, exceto consignado;72;
2026;2º;Top 15 - Bancos, Financeiras e Instituições de Pagamento;Conglomerado; ;BANCO C6 (conglomerado);Irregularidades relativas a operações de crédito de saldo devedor de fatura de cartão de crédito (rotativo e parcelamento) e respectiva cobrança de encargos;5;
2026;2º;Top 15 - Bancos, Financeiras e Instituições de Pagamento;Conglomerado; ;BANCO C6 (conglomerado);Irregularidades relativas a telemarketing, SMS ou Whatsapp com oferta de produtos e serviços;0;
2026;2º;Top 15 - Bancos, Financeiras e Instituições de Pagamento;Conglomerado; ;BANCO C6 (conglomerado);Juros e preços;0;
2026;2º;Top 15 - Bancos, Financeiras e Instituições de Pagamento;Conglomerado; ;BANCO C6 (conglomerado);Limites de transação;10;
2026;2º;Top 15 - Bancos, Financeiras e Instituições de Pagamento;Conglomerado; ;BANCO C6 (conglomerado);Não acatamento de solicitação de cancelamento de débitos automáticos em conta de pagamento pré-paga, ou não cumprimento das regras aplicáveis;0;
2026;2º;Top 15 - Bancos, Financeiras e Instituições de Pagamento;Conglomerado; ;BANCO C6 (conglomerado);Não acatamento de solicitação de cancelamento de débitos automáticos em conta ou não cumprimento das regras aplicáveis;0;
2026;2º;Top 15 - Bancos, Financeiras e Instituições de Pagamento;Conglomerado; ;BANCO C6 (conglomerado);Oferta ou prestação de informação sobre a conta ou serviços acessórios de forma inadequada ;20;
2026;2º;Top 15 - Bancos, Financeiras e Instituições de Pagamento;Conglomerado; ;BANCO C6 (conglomerado);Oferta ou prestação de informação sobre crédito consignado de forma inadequada;532;
2026;2º;Top 15 - Bancos, Financeiras e Instituições de Pagamento;Conglomerado; ;BANCO C6 (conglomerado);Oferta ou prestação de informação sobre o cartão de crédito de forma inadequada ;15;
2026;2º;Top 15 - Bancos, Financeiras e Instituições de Pagamento;Conglomerado; ;BANCO C6 (conglomerado);Oferta ou prestação de informação sobre operação de crédito de forma inadequada, exceto crédito consignado;36;
2026;2º;Top 15 - Bancos, Financeiras e Instituições de Pagamento;Conglomerado; ;BANCO C6 (conglomerado);Oferta ou prestação de informação sobre produtos e serviços de forma inadequada, exceto as relacionadas a cartão de crédito, conta e serviços acessórios, credenciadora de cartão e operação de crédito;61;
2026;2º;Top 15 - Bancos, Financeiras e Instituições de Pagamento;Conglomerado; ;BANCO C6 (conglomerado);Outras irregularidades relacionadas à portabilidade de operações de crédito de pessoa natural;0;
2026;2º;Top 15 - Bancos, Financeiras e Instituições de Pagamento;Conglomerado; ;BANCO C6 (conglomerado);Outros assuntos não regulados relacionados a cartão de crédito;0;
2026;2º;Top 15 - Bancos, Financeiras e Instituições de Pagamento;Conglomerado; ;BANCO C6 (conglomerado);Pix  - chaves;5;
2026;2º;Top 15 - Bancos, Financeiras e Instituições de Pagamento;Conglomerado; ;BANCO C6 (conglomerado);Pix - Bloqueio ou devolução de valores;0;
2026;2º;Top 15 - Bancos, Financeiras e Instituições de Pagamento;Conglomerado; ;BANCO C6 (conglomerado);Pix - diversos;0;
2026;2º;Top 15 - Bancos, Financeiras e Instituições de Pagamento;Conglomerado; ;BANCO C6 (conglomerado);Pix - Dificuldade para solicitar ou realizar devolução;0;
2026;2º;Top 15 - Bancos, Financeiras e Instituições de Pagamento;Conglomerado; ;BANCO C6 (conglomerado);Pix - experiência do usuário;0;
2026;2º;Top 15 - Bancos, Financeiras e Instituições de Pagamento;Conglomerado; ;BANCO C6 (conglomerado);Pix - iniciação;15;
2026;2º;Top 15 - Bancos, Financeiras e Instituições de Pagamento;Conglomerado; ;BANCO C6 (conglomerado);Pix - liquidação;5;
2026;2º;Top 15 - Bancos, Financeiras e Instituições de Pagamento;Conglomerado; ;BANCO C6 (conglomerado);Pix - outros;0;
2026;2º;Top 15 - Bancos, Financeiras e Instituições de Pagamento;Conglomerado; ;BANCO C6 (conglomerado);Reclamações relacionadas a assuntos diversos;0;
2026;2º;Top 15 - Bancos, Financeiras e Instituições de Pagamento;Conglomerado; ;BANCO C6 (conglomerado);Recusa de produtos ou serviços;0;
2026;2º;Top 15 - Bancos, Financeiras e Instituições de Pagamento;Conglomerado; ;BANCO C6 (conglomerado);Renegociação de dívida (exceto cartão de crédito);0;
2026;2º;Top 15 - Bancos, Financeiras e Instituições de Pagamento;Conglomerado; ;BANCO C6 (conglomerado);Restrição à realização de portabilidade de operações de crédito (exceto crédito consignado e financiamento imobiliário) relativas a pessoas naturais;0;
2026;2º;Top 15 - Bancos, Financeiras e Instituições de Pagamento;Conglomerado; ;BANCO C6 (conglomerado);Restrição à realização de portabilidade de operações de crédito consignado relativas a pessoas naturais;72;
2026;2º;Top 15 - Bancos, Financeiras e Instituições de Pagamento;Conglomerado; ;BANCO C6 (conglomerado);Restrições cadastrais;0;
2026;2º;Top 15 - Bancos, Financeiras e Instituições de Pagamento;Conglomerado; ;BANCO C6 (conglomerado);Terminais eletrônicos, internet e aplicativos;0;
2026;2º;Top 15 - Bancos, Financeiras e Instituições de Pagamento;Conglomerado; ;BANCO C6 (conglomerado);Transações não reconhecidas pelo titular da conta, realizadas por terceiros (invasão de conta) em instituições financeiras;0;
2026;2º;Top 15 - Bancos, Financeiras e Instituições de Pagamento;Conglomerado; ;BANCO C6 (conglomerado);Utilização incorreta da taxa de desconto no cálculo do valor presente relacionadas às demais operações de crédito, exceto as de crédito consignado e de financiamento imobiliário;0;
2026;2º;Top 15 - Bancos, Financeiras e Instituições de Pagamento;Conglomerado; ;BANCO C6 (conglomerado);Utilização incorreta da taxa de desconto no cálculo do valor presente relacionadas às operações de crédito consignado;0;
2026;2º;Demais Bancos, Financeiras e Instituições de Pagamento;Conglomerado; ;BANCO CNH INDUSTRIAL CAPITAL S.A (conglomerado);Cobrança irregular de tarifa relacionada a conta ou serviços acessórios à conta;2;
2026;2º;Demais Bancos, Financeiras e Instituições de Pagamento;Conglomerado; ;BANCO CNH INDUSTRIAL CAPITAL S.A (conglomerado);Irregularidades relacionadas ao fornecimento de documento para liquidação antecipada de operações de crédito;2;
2026;2º;Demais Bancos, Financeiras e Instituições de Pagamento;Conglomerado; ;BANCO CNH INDUSTRIAL CAPITAL S.A (conglomerado);Irregularidades relacionadas ao fornecimento de documentos relativos a operação de crédito, exceto para liquidação antecipada e descritivo do crédito.;0;
2026;2º;Demais Bancos, Financeiras e Instituições de Pagamento;Conglomerado; ;BANCO CNH INDUSTRIAL CAPITAL S.A (conglomerado);Irregularidades relacionadas ao fornecimento de informações relativas a operação de crédito contratada (DDC);0;
2026;2º;Demais Bancos, Financeiras e Instituições de Pagamento;Conglomerado; ;BANCO CNH INDUSTRIAL CAPITAL S.A (conglomerado);Irregularidades relacionadas ao Sistema de Informações de Crédito do Banco Central (SCR);0;
2026;2º;Demais Bancos, Financeiras e Instituições de Pagamento;Conglomerado; ;BANCO CNH INDUSTRIAL CAPITAL S.A (conglomerado);Irregularidades relacionadas à liquidação de documentos (exceto cheques);2;
2026;2º;Demais Bancos, Financeiras e Instituições de Pagamento;Conglomerado; ;BANCO CNH INDUSTRIAL CAPITAL S.A (conglomerado);Renegociação de dívida (exceto cartão de crédito);0;
2026;2º;Demais Bancos, Financeiras e Instituições de Pagamento;Conglomerado; ;BANCO DIGIMAIS (conglomerado);Abertura de conta de depósito com documentação ausente, insuficiente ou falsa;2;
2026;2º;Demais Bancos, Financeiras e Instituições de Pagamento;Conglomerado; ;BANCO DIGIMAIS (conglomerado);Abertura de conta de pagamento sem documentação necessária ou com documentação falsa;2;
2026;2º;Demais Bancos, Financeiras e Instituições de Pagamento;Conglomerado; ;BANCO DIGIMAIS (conglomerado);Ausência de título adequado relativo a cartão de crédito consignado;0;
2026;2º;Demais Bancos, Financeiras e Instituições de Pagamento;Conglomerado; ;BANCO DIGIMAIS (conglomerado);Cancelamento de contrato a pedido do cliente não atendido por instituição financeira;0;
2026;2º;Demais Bancos, Financeiras e Instituições de Pagamento;Conglomerado; ;BANCO DIGIMAIS (conglomerado);Cobranças diversas;0;
2026;2º;Demais Bancos, Financeiras e Instituições de Pagamento;Conglomerado; ;BANCO DIGIMAIS (conglomerado);Concessão de crédito (exceto consignado) sem a formalização do título adequado;6;
2026;2º;Demais Bancos, Financeiras e Instituições de Pagamento;Conglomerado; ;BANCO DIGIMAIS (conglomerado);Concessão de crédito consignado sem a formalização do título adequado;8;
2026;2º;Demais Bancos, Financeiras e Instituições de Pagamento;Conglomerado; ;BANCO DIGIMAIS (conglomerado);Descumprimento de ordem judicial;0;
2026;2º;Demais Bancos, Financeiras e Instituições de Pagamento;Conglomerado; ;BANCO DIGIMAIS (conglomerado);Dificuldade na liberação ou substituição de bem;0;
2026;2º;Demais Bancos, Financeiras e Instituições de Pagamento;Conglomerado; ;BANCO DIGIMAIS (conglomerado);Dificuldade para efetuar resgate antecipado de aplicação;0;
2026;2º;Demais Bancos, Financeiras e Instituições de Pagamento;Conglomerado; ;BANCO DIGIMAIS (conglomerado);Inclusão de dados incorretos no CCS (Cadastro de Clientes do Sistema Financeiro Nacional);2;
2026;2º;Demais Bancos, Financeiras e Instituições de Pagamento;Conglomerado; ;BANCO DIGIMAIS (conglomerado);Insatisfação com a resposta recebida da instituição financeira referente à reclamação registrada no BCB;16;
2026;2º;Demais Bancos, Financeiras e Instituições de Pagamento;Conglomerado; ;BANCO DIGIMAIS (conglomerado);Insatisfação com o atendimento prestado pelo SAC ou Central de Relacionamento;16;
2026;2º;Demais Bancos, Financeiras e Instituições de Pagamento;Conglomerado; ;BANCO DIGIMAIS (conglomerado);Irregularidades no processo de encerramento de conta de depósitos à vista;2;
2026;2º;Demais Bancos, Financeiras e Instituições de Pagamento;Conglomerado; ;BANCO DIGIMAIS (conglomerado);Irregularidades relacionadas ao atendimento da Ouvidoria;2;
2026;2º;Demais Bancos, Financeiras e Instituições de Pagamento;Conglomerado; ;BANCO DIGIMAIS (conglomerado);Irregularidades relacionadas ao fornecimento de documento para liquidação antecipada de operações de crédito;18;
2026;2º;Demais Bancos, Financeiras e Instituições de Pagamento;Conglomerado; ;BANCO DIGIMAIS (conglomerado);Irregularidades relacionadas ao fornecimento de documentos relativos a cartão de crédito;0;
2026;2º;Demais Bancos, Financeiras e Instituições de Pagamento;Conglomerado; ;BANCO DIGIMAIS (conglomerado);Irregularidades relacionadas ao fornecimento de documentos relativos a operação de crédito, exceto para liquidação antecipada e descritivo do crédito.;22;
2026;2º;Demais Bancos, Financeiras e Instituições de Pagamento;Conglomerado; ;BANCO DIGIMAIS (conglomerado);Irregularidades relacionadas ao fornecimento de informações relativas a operação de crédito contratada (DDC);10;
2026;2º;Demais Bancos, Financeiras e Instituições de Pagamento;Conglomerado; ;BANCO DIGIMAIS (conglomerado);Irregularidades relacionadas ao Sistema de Informações de Crédito do Banco Central (SCR);16;
2026;2º;Demais Bancos, Financeiras e Instituições de Pagamento;Conglomerado; ;BANCO DIGIMAIS (conglomerado);Irregularidades relativas a integridade, confiabilidade, segurança, sigilo ou legitimidade das operações e serviços relacionados a cartões de crédito;14;
2026;2º;Demais Bancos, Financeiras e Instituições de Pagamento;Conglomerado; ;BANCO DIGIMAIS (conglomerado);Irregularidades relativas a integridade, confiabilidade, segurança, sigilo ou legitimidade dos serviços relacionados a operações de crédito consignado;108;
2026;2º;Demais Bancos, Financeiras e Instituições de Pagamento;Conglomerado; ;BANCO DIGIMAIS (conglomerado);Irregularidades relativas a integridade, confiabilidade, segurança, sigilo ou legitimidade dos serviços relacionados a operações de crédito, exceto consignado;8;
2026;2º;Demais Bancos, Financeiras e Instituições de Pagamento;Conglomerado; ;BANCO DIGIMAIS (conglomerado);Irregularidades relativas a telemarketing, SMS ou Whatsapp com oferta de produtos e serviços;0;
2026;2º;Demais Bancos, Financeiras e Instituições de Pagamento;Conglomerado; ;BANCO DIGIMAIS (conglomerado);Juros e preços;0;
2026;2º;Demais Bancos, Financeiras e Instituições de Pagamento;Conglomerado; ;BANCO DIGIMAIS (conglomerado);Não acatamento de solicitação de cancelamento de débitos automáticos em conta ou não cumprimento das regras aplicáveis;0;
2026;2º;Demais Bancos, Financeiras e Instituições de Pagamento;Conglomerado; ;BANCO DIGIMAIS (conglomerado);Oferta ou prestação de informação sobre crédito consignado de forma inadequada;75;
2026;2º;Demais Bancos, Financeiras e Instituições de Pagamento;Conglomerado; ;BANCO DIGIMAIS (conglomerado);Oferta ou prestação de informação sobre o cartão de crédito de forma inadequada ;0;
2026;2º;Demais Bancos, Financeiras e Instituições de Pagamento;Conglomerado; ;BANCO DIGIMAIS (conglomerado);Oferta ou prestação de informação sobre operação de crédito de forma inadequada, exceto crédito consignado;22;
2026;2º;Demais Bancos, Financeiras e Instituições de Pagamento;Conglomerado; ;BANCO DIGIMAIS (conglomerado);Oferta ou prestação de informação sobre produtos e serviços de forma inadequada, exceto as relacionadas a cartão de crédito, conta e serviços acessórios, credenciadora de cartão e operação de crédito;0;
2026;2º;Demais Bancos, Financeiras e Instituições de Pagamento;Conglomerado; ;BANCO DIGIMAIS (conglomerado);Reclamações relacionadas a assuntos diversos;0;
2026;2º;Demais Bancos, Financeiras e Instituições de Pagamento;Conglomerado; ;BANCO DIGIMAIS (conglomerado);Recusa de produtos ou serviços;0;
2026;2º;Demais Bancos, Financeiras e Instituições de Pagamento;Conglomerado; ;BANCO DIGIMAIS (conglomerado);Renegociação de dívida (exceto cartão de crédito);0;
2026;2º;Demais Bancos, Financeiras e Instituições de Pagamento;Conglomerado; ;BANCO DIGIMAIS (conglomerado);Restrição à realização de portabilidade de operações de crédito consignado relativas a pessoas naturais;22;
2026;2º;Demais Bancos, Financeiras e Instituições de Pagamento;Conglomerado; ;BANCO DIGIMAIS (conglomerado);Restrições cadastrais;0;
2026;2º;Demais Bancos, Financeiras e Instituições de Pagamento;Conglomerado; ;BANCO DIGIMAIS (conglomerado);Terminais eletrônicos, internet e aplicativos;0;
2026;2º;Demais Bancos, Financeiras e Instituições de Pagamento;Conglomerado; ;BANCO DIGIMAIS (conglomerado);Utilização incorreta da taxa de desconto no cálculo do valor presente relacionadas às demais operações de crédito, exceto as de crédito consignado e de financiamento imobiliário;0;
2026;2º;Demais Bancos, Financeiras e Instituições de Pagamento;Conglomerado; ;BANCO DIGIMAIS (conglomerado);Utilização incorreta da taxa de desconto no cálculo do valor presente relacionadas às operações de crédito consignado;2;
2026;2º;Demais Bancos, Financeiras e Instituições de Pagamento;Conglomerado; ;BANCO HSBC (conglomerado);Cobranças diversas;0;
2026;2º;Demais Bancos, Financeiras e Instituições de Pagamento;Conglomerado; ;BANCO HSBC (conglomerado);Concessão de crédito consignado sem a formalização do título adequado;0;
2026;2º;Demais Bancos, Financeiras e Instituições de Pagamento;Conglomerado; ;BANCO HSBC (conglomerado);Irregularidades relacionadas ao fornecimento de documentos relativos a conta;0;
2026;2º;Demais Bancos, Financeiras e Instituições de Pagamento;Conglomerado; ;BANCO HSBC (conglomerado);Irregularidades relacionadas ao fornecimento de documentos relativos a operação de crédito, exceto para liquidação antecipada e descritivo do crédito.;0;
2026;2º;Demais Bancos, Financeiras e Instituições de Pagamento;Conglomerado; ;BANCO HSBC (conglomerado);Irregularidades relacionadas ao Sistema de Informações de Crédito do Banco Central (SCR);0;
2026;2º;Demais Bancos, Financeiras e Instituições de Pagamento;Conglomerado; ;BANCO PAULISTA (conglomerado);Irregularidades relacionadas ao fornecimento de documentos relativos a operação de crédito, exceto para liquidação antecipada e descritivo do crédito.;0;
2026;2º;Demais Bancos, Financeiras e Instituições de Pagamento;Conglomerado; ;BANCO PAULISTA (conglomerado);Irregularidades relacionadas ao Sistema de Informações de Crédito do Banco Central (SCR);0;
2026;2º;Demais Bancos, Financeiras e Instituições de Pagamento;Conglomerado; ;BANCO PAULISTA (conglomerado);Irregularidades relativas a integridade, confiabilidade, segurança, sigilo ou legitimidade dos serviços relacionados a operações de crédito consignado;0;
2026;2º;Demais Bancos, Financeiras e Instituições de Pagamento;Conglomerado; ;BANCO PAULISTA (conglomerado);Irregularidades relativas a integridade, confiabilidade, segurança, sigilo ou legitimidade dos serviços relacionados a operações de crédito, exceto consignado;0;
2026;2º;Demais Bancos, Financeiras e Instituições de Pagamento;Conglomerado; ;BANCO PAULISTA (conglomerado);Juros e preços;0;
2026;2º;Demais Bancos, Financeiras e Instituições de Pagamento;Conglomerado; ;BANCO PAULISTA (conglomerado);Recusa de produtos ou serviços;0;
2026;2º;Demais Bancos, Financeiras e Instituições de Pagamento;Conglomerado; ;BANCO PAULISTA (conglomerado);Renegociação de dívida (exceto cartão de crédito);0;
2026;2º;Demais Bancos, Financeiras e Instituições de Pagamento;Conglomerado; ;BANCO PORTO REAL DE INVEST.S.A (conglomerado);Cobrança irregular de tarifa relacionada ao cartão de crédito;0;
2026;2º;Demais Bancos, Financeiras e Instituições de Pagamento;Conglomerado; ;BANCO RIBEIRÃO PRETO (conglomerado);Cancelamento de contrato a pedido do cliente não atendido por instituição financeira;9;
2026;2º;Demais Bancos, Financeiras e Instituições de Pagamento;Conglomerado; ;BANCO RIBEIRÃO PRETO (conglomerado);Concessão de crédito consignado sem a formalização do título adequado;2;
2026;2º;Demais Bancos, Financeiras e Instituições de Pagamento;Conglomerado; ;BANCO RIBEIRÃO PRETO (conglomerado);Crédito consignado;0;
2026;2º;Demais Bancos, Financeiras e Instituições de Pagamento;Conglomerado; ;BANCO RIBEIRÃO PRETO (conglomerado);Insatisfação com a resposta recebida da instituição financeira referente à reclamação registrada no BCB;3;
2026;2º;Demais Bancos, Financeiras e Instituições de Pagamento;Conglomerado; ;BANCO RIBEIRÃO PRETO (conglomerado);Insatisfação com o atendimento prestado pelo SAC ou Central de Relacionamento;9;
2026;2º;Demais Bancos, Financeiras e Instituições de Pagamento;Conglomerado; ;BANCO RIBEIRÃO PRETO (conglomerado);Irregularidades relacionadas ao Custo Efetivo Total (CET) de operação de crédito;9;
2026;2º;Demais Bancos, Financeiras e Instituições de Pagamento;Conglomerado; ;BANCO RIBEIRÃO PRETO (conglomerado);Irregularidades relacionadas ao fornecimento de documento para liquidação antecipada de operações de crédito;20;
2026;2º;Demais Bancos, Financeiras e Instituições de Pagamento;Conglomerado; ;BANCO RIBEIRÃO PRETO (conglomerado);Irregularidades relacionadas ao fornecimento de documentos relativos a operação de crédito, exceto para liquidação antecipada e descritivo do crédito.;2;
2026;2º;Demais Bancos, Financeiras e Instituições de Pagamento;Conglomerado; ;BANCO RIBEIRÃO PRETO (conglomerado);Irregularidades relacionadas ao fornecimento de informações relativas a operação de crédito contratada (DDC);6;
2026;2º;Demais Bancos, Financeiras e Instituições de Pagamento;Conglomerado; ;BANCO RIBEIRÃO PRETO (conglomerado);Irregularidades relacionadas ao Sistema de Informações de Crédito do Banco Central (SCR);0;
2026;2º;Demais Bancos, Financeiras e Instituições de Pagamento;Conglomerado; ;BANCO RIBEIRÃO PRETO (conglomerado);Irregularidades relativas a integridade, confiabilidade, segurança, sigilo ou legitimidade dos serviços relacionados a operações de crédito consignado;33;
2026;2º;Demais Bancos, Financeiras e Instituições de Pagamento;Conglomerado; ;BANCO RIBEIRÃO PRETO (conglomerado);Juros e preços;0;
2026;2º;Demais Bancos, Financeiras e Instituições de Pagamento;Conglomerado; ;BANCO RIBEIRÃO PRETO (conglomerado);Não acatamento de solicitação de cancelamento de débitos automáticos em conta ou não cumprimento das regras aplicáveis;2;
2026;2º;Demais Bancos, Financeiras e Instituições de Pagamento;Conglomerado; ;BANCO RIBEIRÃO PRETO (conglomerado);Oferta ou prestação de informação sobre crédito consignado de forma inadequada;36;
2026;2º;Demais Bancos, Financeiras e Instituições de Pagamento;Conglomerado; ;BANCO RIBEIRÃO PRETO (conglomerado);Oferta ou prestação de informação sobre operação de crédito de forma inadequada, exceto crédito consignado;3;
2026;2º;Demais Bancos, Financeiras e Instituições de Pagamento;Conglomerado; ;BANCO RIBEIRÃO PRETO (conglomerado);Oferta ou prestação de informação sobre produtos e serviços de forma inadequada, exceto as relacionadas a cartão de crédito, conta e serviços acessórios, credenciadora de cartão e operação de crédito;58;
2026;2º;Demais Bancos, Financeiras e Instituições de Pagamento;Conglomerado; ;BANCO RIBEIRÃO PRETO (conglomerado);Reclamações relacionadas a assuntos diversos;0;
2026;2º;Demais Bancos, Financeiras e Instituições de Pagamento;Conglomerado; ;BANCO RIBEIRÃO PRETO (conglomerado);Recusa de produtos ou serviços;0;
2026;2º;Demais Bancos, Financeiras e Instituições de Pagamento;Conglomerado; ;BANCO RIBEIRÃO PRETO (conglomerado);Renegociação de dívida (exceto cartão de crédito);0;
2026;2º;Demais Bancos, Financeiras e Instituições de Pagamento;Conglomerado; ;BANCO RIBEIRÃO PRETO (conglomerado);Restrição à realização de portabilidade de operações de crédito consignado relativas a pessoas naturais;0;
2026;2º;Demais Bancos, Financeiras e Instituições de Pagamento;Conglomerado; ;BANCO RIBEIRÃO PRETO (conglomerado);Utilização incorreta da taxa de desconto no cálculo do valor presente relacionadas às operações de crédito consignado;0;
2026;2º;Demais Bancos, Financeiras e Instituições de Pagamento;Conglomerado; ;BANCO SEMEAR (conglomerado);Descumprimento contratual;0;
2026;2º;Demais Bancos, Financeiras e Instituições de Pagamento;Conglomerado; ;BANCO SEMEAR (conglomerado);Irregularidades relacionadas ao Sistema de Informações de Crédito do Banco Central (SCR);2;
2026;2º;Demais Bancos, Financeiras e Instituições de Pagamento;Conglomerado; ;BANCO SEMEAR (conglomerado);Restrições cadastrais;0;
2026;2º;Demais Bancos, Financeiras e Instituições de Pagamento;Conglomerado; ;BANCO SICOOB (conglomerado);Abertura de conta de depósito com documentação ausente, insuficiente ou falsa;0;
2026;2º;Demais Bancos, Financeiras e Instituições de Pagamento;Conglomerado; ;BANCO SICOOB (conglomerado);Abertura de conta de pagamento sem documentação necessária ou com documentação falsa;0;
2026;2º;Demais Bancos, Financeiras e Instituições de Pagamento;Conglomerado; ;BANCO SICOOB (conglomerado);Bloqueio de valores ou de conta fora do âmbito do Pix;0;
2026;2º;Demais Bancos, Financeiras e Instituições de Pagamento;Conglomerado; ;BANCO SICOOB (conglomerado);Cancelamento de contrato a pedido do cliente não atendido por instituição financeira;2;
2026;2º;Demais Bancos, Financeiras e Instituições de Pagamento;Conglomerado; ;BANCO SICOOB (conglomerado);Cancelamento de contrato por iniciativa da instituição financeira;0;
2026;2º;Demais Bancos, Financeiras e Instituições de Pagamento;Conglomerado; ;BANCO SICOOB (conglomerado);Cobrança irregular de tarifa em operação de crédito;0;
2026;2º;Demais Bancos, Financeiras e Instituições de Pagamento;Conglomerado; ;BANCO SICOOB (conglomerado);Cobrança irregular de tarifa relacionada a conta ou serviços acessórios à conta;0;
2026;2º;Demais Bancos, Financeiras e Instituições de Pagamento;Conglomerado; ;BANCO SICOOB (conglomerado);Cobrança irregular de tarifa relacionada ao cartão de crédito;0;
2026;2º;Demais Bancos, Financeiras e Instituições de Pagamento;Conglomerado; ;BANCO SICOOB (conglomerado);Cobranças diversas;0;
2026;2º;Demais Bancos, Financeiras e Instituições de Pagamento;Conglomerado; ;BANCO SICOOB (conglomerado);Concessão de crédito (exceto consignado) sem a formalização do título adequado;2;
2026;2º;Demais Bancos, Financeiras e Instituições de Pagamento;Conglomerado; ;BANCO SICOOB (conglomerado);Crédito consignado;0;
2026;2º;Demais Bancos, Financeiras e Instituições de Pagamento;Conglomerado; ;BANCO SICOOB (conglomerado);Descumprimento de ordem judicial;0;
2026;2º;Demais Bancos, Financeiras e Instituições de Pagamento;Conglomerado; ;BANCO SICOOB (conglomerado);Débito em conta de pagamento pré-paga não autorizado pelo cliente, ou não cumprimento das regras aplicáveis;0;
2026;2º;Demais Bancos, Financeiras e Instituições de Pagamento;Conglomerado; ;BANCO SICOOB (conglomerado);Débito em conta não autorizado pelo cliente, ou não cumprimento das regras aplicáveis;0;
2026;2º;Demais Bancos, Financeiras e Instituições de Pagamento;Conglomerado; ;BANCO SICOOB (conglomerado);Débito em conta-salário não autorizado pelo cliente, ou não cumprimento das regras aplicáveis;0;
2026;2º;Demais Bancos, Financeiras e Instituições de Pagamento;Conglomerado; ;BANCO SICOOB (conglomerado);Dificuldade na liberação ou substituição de bem;0;
2026;2º;Demais Bancos, Financeiras e Instituições de Pagamento;Conglomerado; ;BANCO SICOOB (conglomerado);Insatisfação com a resposta recebida da instituição financeira referente à reclamação registrada no BCB;0;
2026;2º;Demais Bancos, Financeiras e Instituições de Pagamento;Conglomerado; ;BANCO SICOOB (conglomerado);Insatisfação com o atendimento prestado pelo SAC ou Central de Relacionamento;0;
2026;2º;Demais Bancos, Financeiras e Instituições de Pagamento;Conglomerado; ;BANCO SICOOB (conglomerado);Integridade, confiabilidade, segurança, sigilo e legitimidade das operações e serviços  - conta de pagamento pré-paga;0;
2026;2º;Demais Bancos, Financeiras e Instituições de Pagamento;Conglomerado; ;BANCO SICOOB (conglomerado);Irregularidades envolvendo a abertura de conta-salário;0;
2026;2º;Demais Bancos, Financeiras e Instituições de Pagamento;Conglomerado; ;BANCO SICOOB (conglomerado);Irregularidades no processo de encerramento de conta de depósitos à vista;0;
2026;2º;Demais Bancos, Financeiras e Instituições de Pagamento;Conglomerado; ;BANCO SICOOB (conglomerado);Irregularidades no processo de encerramento de conta de pagamento;0;
2026;2º;Demais Bancos, Financeiras e Instituições de Pagamento;Conglomerado; ;BANCO SICOOB (conglomerado);Irregularidades relacionadas a informações e liquidação de valores a receber no sistema SVR do BCB por parte de instituições financeiras;0;
2026;2º;Demais Bancos, Financeiras e Instituições de Pagamento;Conglomerado; ;BANCO SICOOB (conglomerado);Irregularidades relacionadas ao acompanhamento de conta;9;
2026;2º;Demais Bancos, Financeiras e Instituições de Pagamento;Conglomerado; ;BANCO SICOOB (conglomerado);Irregularidades relacionadas ao acompanhamento de conta de pagamento;2;
2026;2º;Demais Bancos, Financeiras e Instituições de Pagamento;Conglomerado; ;BANCO SICOOB (conglomerado);Irregularidades relacionadas ao fornecimento de documento para liquidação antecipada de operações de crédito;0;
2026;2º;Demais Bancos, Financeiras e Instituições de Pagamento;Conglomerado; ;BANCO SICOOB (conglomerado);Irregularidades relacionadas ao fornecimento de documentos relativos a conta;0;
2026;2º;Demais Bancos, Financeiras e Instituições de Pagamento;Conglomerado; ;BANCO SICOOB (conglomerado);Irregularidades relacionadas ao fornecimento de documentos relativos a operação de crédito, exceto para liquidação antecipada e descritivo do crédito.;2;
2026;2º;Demais Bancos, Financeiras e Instituições de Pagamento;Conglomerado; ;BANCO SICOOB (conglomerado);Irregularidades relacionadas ao fornecimento de informações relativas a operação de crédito contratada (DDC);0;
2026;2º;Demais Bancos, Financeiras e Instituições de Pagamento;Conglomerado; ;BANCO SICOOB (conglomerado);Irregularidades relacionadas ao fornecimento de outros documentos, exceto os relativos a cartão de crédito, conta e operação de crédito;0;
2026;2º;Demais Bancos, Financeiras e Instituições de Pagamento;Conglomerado; ;BANCO SICOOB (conglomerado);Irregularidades relacionadas ao Sistema de Informações de Crédito do Banco Central (SCR);0;
2026;2º;Demais Bancos, Financeiras e Instituições de Pagamento;Conglomerado; ;BANCO SICOOB (conglomerado);Irregularidades relacionadas à liquidação de documentos (exceto cheques);0;
2026;2º;Demais Bancos, Financeiras e Instituições de Pagamento;Conglomerado; ;BANCO SICOOB (conglomerado);Irregularidades relativas a integridade, confiabilidade, segurança, sigilo ou legitimidade das operações e serviços disponibilizados em ATM;0;
2026;2º;Demais Bancos, Financeiras e Instituições de Pagamento;Conglomerado; ;BANCO SICOOB (conglomerado);Irregularidades relativas a integridade, confiabilidade, segurança, sigilo ou legitimidade das operações e serviços relacionados a cartões de crédito;6;
2026;2º;Demais Bancos, Financeiras e Instituições de Pagamento;Conglomerado; ;BANCO SICOOB (conglomerado);Irregularidades relativas a integridade, confiabilidade, segurança, sigilo ou legitimidade das operações e serviços relacionados a cartões de débito;0;
2026;2º;Demais Bancos, Financeiras e Instituições de Pagamento;Conglomerado; ;BANCO SICOOB (conglomerado);Irregularidades relativas a integridade, confiabilidade, segurança, sigilo ou legitimidade das operações e serviços, exceto as relacionadas a cartão de crédito, cartão de débito, internet banking, ATM, credenciadora e operação de crédito;28;
2026;2º;Demais Bancos, Financeiras e Instituições de Pagamento;Conglomerado; ;BANCO SICOOB (conglomerado);Irregularidades relativas a integridade, confiabilidade, segurança, sigilo ou legitimidade dos serviços relacionados a operações de crédito consignado;4;
2026;2º;Demais Bancos, Financeiras e Instituições de Pagamento;Conglomerado; ;BANCO SICOOB (conglomerado);Irregularidades relativas a integridade, confiabilidade, segurança, sigilo ou legitimidade dos serviços relacionados a operações de crédito, exceto consignado;0;
2026;2º;Demais Bancos, Financeiras e Instituições de Pagamento;Conglomerado; ;BANCO SICOOB (conglomerado);Irregularidades relativas a operações de crédito de saldo devedor de fatura de cartão de crédito (rotativo e parcelamento) e respectiva cobrança de encargos;0;
2026;2º;Demais Bancos, Financeiras e Instituições de Pagamento;Conglomerado; ;BANCO SICOOB (conglomerado);Irregularidades relativas a telemarketing, SMS ou Whatsapp com oferta de produtos e serviços;0;
2026;2º;Demais Bancos, Financeiras e Instituições de Pagamento;Conglomerado; ;BANCO SICOOB (conglomerado);Juros e preços;0;
2026;2º;Demais Bancos, Financeiras e Instituições de Pagamento;Conglomerado; ;BANCO SICOOB (conglomerado);Não acatamento de solicitação de cancelamento de débitos automáticos em conta de pagamento pré-paga, ou não cumprimento das regras aplicáveis;0;
2026;2º;Demais Bancos, Financeiras e Instituições de Pagamento;Conglomerado; ;BANCO SICOOB (conglomerado);Não acatamento de solicitação de cancelamento de débitos automáticos em conta ou não cumprimento das regras aplicáveis;0;
2026;2º;Demais Bancos, Financeiras e Instituições de Pagamento;Conglomerado; ;BANCO SICOOB (conglomerado);Não acatamento de solicitação de cancelamento de débitos automáticos em conta-salário ou não cumprimento das regras aplicáveis;0;
2026;2º;Demais Bancos, Financeiras e Instituições de Pagamento;Conglomerado; ;BANCO SICOOB (conglomerado);Oferta ou prestação de informação sobre crédito consignado de forma inadequada;0;
2026;2º;Demais Bancos, Financeiras e Instituições de Pagamento;Conglomerado; ;BANCO SICOOB (conglomerado);Oferta ou prestação de informação sobre operação de crédito de forma inadequada, exceto crédito consignado;0;
2026;2º;Demais Bancos, Financeiras e Instituições de Pagamento;Conglomerado; ;BANCO SICOOB (conglomerado);Oferta ou prestação de informação sobre produtos e serviços de forma inadequada, exceto as relacionadas a cartão de crédito, conta e serviços acessórios, credenciadora de cartão e operação de crédito;0;
2026;2º;Demais Bancos, Financeiras e Instituições de Pagamento;Conglomerado; ;BANCO SICOOB (conglomerado);Outras irregularidades ;0;
2026;2º;Demais Bancos, Financeiras e Instituições de Pagamento;Conglomerado; ;BANCO SICOOB (conglomerado);Pix  - chaves;0;
2026;2º;Demais Bancos, Financeiras e Instituições de Pagamento;Conglomerado; ;BANCO SICOOB (conglomerado);Pix - Bloqueio ou devolução de valores;0;
2026;2º;Demais Bancos, Financeiras e Instituições de Pagamento;Conglomerado; ;BANCO SICOOB (conglomerado);Pix - Dificuldade para solicitar ou realizar devolução;2;
2026;2º;Demais Bancos, Financeiras e Instituições de Pagamento;Conglomerado; ;BANCO SICOOB (conglomerado);Pix - liquidação;0;
2026;2º;Demais Bancos, Financeiras e Instituições de Pagamento;Conglomerado; ;BANCO SICOOB (conglomerado);Pix - outros;0;
2026;2º;Demais Bancos, Financeiras e Instituições de Pagamento;Conglomerado; ;BANCO SICOOB (conglomerado);Prestação de serviço de forma irregular em conta-salário;0;
2026;2º;Demais Bancos, Financeiras e Instituições de Pagamento;Conglomerado; ;BANCO SICOOB (conglomerado);Reclamações relacionadas a assuntos diversos;0;
2026;2º;Demais Bancos, Financeiras e Instituições de Pagamento;Conglomerado; ;BANCO SICOOB (conglomerado);Recusa de cancelamento de pacote de serviços;0;
2026;2º;Demais Bancos, Financeiras e Instituições de Pagamento;Conglomerado; ;BANCO SICOOB (conglomerado);Recusa de produtos ou serviços;0;
2026;2º;Demais Bancos, Financeiras e Instituições de Pagamento;Conglomerado; ;BANCO SICOOB (conglomerado);Renegociação de dívida (exceto cartão de crédito);0;
2026;2º;Demais Bancos, Financeiras e Instituições de Pagamento;Conglomerado; ;BANCO SICOOB (conglomerado);Restrição à realização de portabilidade de operações de crédito consignado relativas a pessoas naturais;0;
2026;2º;Demais Bancos, Financeiras e Instituições de Pagamento;Conglomerado; ;BANCO SICOOB (conglomerado);Restrições cadastrais;0;
2026;2º;Demais Bancos, Financeiras e Instituições de Pagamento;Conglomerado; ;BANCO SICOOB (conglomerado);Segurança bancária;0;
2026;2º;Demais Bancos, Financeiras e Instituições de Pagamento;Conglomerado; ;BANCO SICOOB (conglomerado);Transações não reconhecidas pelo titular da conta, realizadas por terceiros (invasão de conta) em instituições financeiras;0;
2026;2º;Demais Bancos, Financeiras e Instituições de Pagamento;Conglomerado; ;BANCO TOPÁZIO S.A. (conglomerado);Abertura de conta de pagamento sem documentação necessária ou com documentação falsa;1;
2026;2º;Demais Bancos, Financeiras e Instituições de Pagamento;Conglomerado; ;BANCO TOPÁZIO S.A. (conglomerado);Insatisfação com a resposta recebida da instituição financeira referente à reclamação registrada no BCB;0;
2026;2º;Demais Bancos, Financeiras e Instituições de Pagamento;Conglomerado; ;BANCO TOPÁZIO S.A. (conglomerado);Irregularidades no processo de encerramento de conta de pagamento;0;
2026;2º;Demais Bancos, Financeiras e Instituições de Pagamento;Conglomerado; ;BANCO TOPÁZIO S.A. (conglomerado);Irregularidades relacionadas a operações no mercado de câmbio;0;
2026;2º;Demais Bancos, Financeiras e Instituições de Pagamento;Conglomerado; ;BANCO TOPÁZIO S.A. (conglomerado);Irregularidades relacionadas ao acompanhamento de conta;0;
2026;2º;Demais Bancos, Financeiras e Instituições de Pagamento;Conglomerado; ;BANCO TOPÁZIO S.A. (conglomerado);Irregularidades relacionadas ao fornecimento de documentos relativos a cartão de crédito;0;
2026;2º;Demais Bancos, Financeiras e Instituições de Pagamento;Conglomerado; ;BANCO TOPÁZIO S.A. (conglomerado);Irregularidades relacionadas ao Sistema de Informações de Crédito do Banco Central (SCR);0;
2026;2º;Demais Bancos, Financeiras e Instituições de Pagamento;Conglomerado; ;BANCO TOPÁZIO S.A. (conglomerado);Irregularidades relativas a integridade, confiabilidade, segurança, sigilo ou legitimidade das operações e serviços, exceto as relacionadas a cartão de crédito, cartão de débito, internet banking, ATM, credenciadora e operação de crédito;0;
2026;2º;Demais Bancos, Financeiras e Instituições de Pagamento;Conglomerado; ;BANCO TOPÁZIO S.A. (conglomerado);Oferta ou prestação de informação sobre crédito consignado de forma inadequada;0;
2026;2º;Demais Bancos, Financeiras e Instituições de Pagamento;Conglomerado; ;BANCO TOPÁZIO S.A. (conglomerado);Oferta ou prestação de informação sobre produtos e serviços de forma inadequada, exceto as relacionadas a cartão de crédito, conta e serviços acessórios, credenciadora de cartão e operação de crédito;0;
2026;2º;Demais Bancos, Financeiras e Instituições de Pagamento;Conglomerado; ;BANCO TOPÁZIO S.A. (conglomerado);Pix - liquidação;0;
2026;2º;Demais Bancos, Financeiras e Instituições de Pagamento;Conglomerado; ;BANCO TOPÁZIO S.A. (conglomerado);Reclamações relacionadas a assuntos diversos;0;
2026;2º;Demais Bancos, Financeiras e Instituições de Pagamento;Banco/financeira;11703662;BANCO TRAVELEX S.A.;Insatisfação com a resposta recebida da instituição financeira referente à reclamação registrada no BCB;0;
2026;2º;Demais Bancos, Financeiras e Instituições de Pagamento;Banco/financeira;11703662;BANCO TRAVELEX S.A.;Irregularidades relativas a integridade, confiabilidade, segurança, sigilo ou legitimidade das operações e serviços relacionados a cartões de crédito;0;
2026;2º;Demais Bancos, Financeiras e Instituições de Pagamento;Conglomerado; ;BANESTES (conglomerado);Ausência de informações sobre as regras de funcionamento nos contratos de cartões de crédito ou seu descumprimento;0;
2026;2º;Demais Bancos, Financeiras e Instituições de Pagamento;Conglomerado; ;BANESTES (conglomerado);Bloqueio de valores ou de conta fora do âmbito do Pix;3;
2026;2º;Demais Bancos, Financeiras e Instituições de Pagamento;Conglomerado; ;BANESTES (conglomerado);Cancelamento de contrato a pedido do cliente não atendido por instituição financeira;2;
2026;2º;Demais Bancos, Financeiras e Instituições de Pagamento;Conglomerado; ;BANESTES (conglomerado);Cobrança irregular de tarifa em operação de crédito;0;
2026;2º;Demais Bancos, Financeiras e Instituições de Pagamento;Conglomerado; ;BANESTES (conglomerado);Cobrança irregular de tarifa relacionada a conta ou serviços acessórios à conta;2;
2026;2º;Demais Bancos, Financeiras e Instituições de Pagamento;Conglomerado; ;BANESTES (conglomerado);Concessão de crédito (exceto consignado) sem a formalização do título adequado;2;
2026;2º;Demais Bancos, Financeiras e Instituições de Pagamento;Conglomerado; ;BANESTES (conglomerado);Descumprimento de ordem judicial;0;
2026;2º;Demais Bancos, Financeiras e Instituições de Pagamento;Conglomerado; ;BANESTES (conglomerado);Débito em conta não autorizado pelo cliente, ou não cumprimento das regras aplicáveis;17;
2026;2º;Demais Bancos, Financeiras e Instituições de Pagamento;Conglomerado; ;BANESTES (conglomerado);Débito em conta-salário não autorizado pelo cliente, ou não cumprimento das regras aplicáveis;2;
2026;2º;Demais Bancos, Financeiras e Instituições de Pagamento;Conglomerado; ;BANESTES (conglomerado);Inclusão de dados incorretos no CCS (Cadastro de Clientes do Sistema Financeiro Nacional);0;
2026;2º;Demais Bancos, Financeiras e Instituições de Pagamento;Conglomerado; ;BANESTES (conglomerado);Insatisfação com a resposta recebida da instituição financeira referente à reclamação registrada no BCB;2;
2026;2º;Demais Bancos, Financeiras e Instituições de Pagamento;Conglomerado; ;BANESTES (conglomerado);Insatisfação com o atendimento prestado pelo SAC ou Central de Relacionamento;5;
2026;2º;Demais Bancos, Financeiras e Instituições de Pagamento;Conglomerado; ;BANESTES (conglomerado);Integridade, confiabilidade, segurança, sigilo e legitimidade das operações e serviços  - conta de pagamento pré-paga;0;
2026;2º;Demais Bancos, Financeiras e Instituições de Pagamento;Conglomerado; ;BANESTES (conglomerado);Irregularidades envolvendo a abertura de conta-salário;5;
2026;2º;Demais Bancos, Financeiras e Instituições de Pagamento;Conglomerado; ;BANESTES (conglomerado);Irregularidades no processo de encerramento de conta de depósitos à vista;6;
2026;2º;Demais Bancos, Financeiras e Instituições de Pagamento;Conglomerado; ;BANESTES (conglomerado);Irregularidades relacionadas a informações e liquidação de valores a receber no sistema SVR do BCB por parte de instituições financeiras;2;
2026;2º;Demais Bancos, Financeiras e Instituições de Pagamento;Conglomerado; ;BANESTES (conglomerado);Irregularidades relacionadas ao acompanhamento de conta;0;
2026;2º;Demais Bancos, Financeiras e Instituições de Pagamento;Conglomerado; ;BANESTES (conglomerado);Irregularidades relacionadas ao fornecimento de documento para liquidação antecipada de operações de crédito;2;
2026;2º;Demais Bancos, Financeiras e Instituições de Pagamento;Conglomerado; ;BANESTES (conglomerado);Irregularidades relacionadas ao fornecimento de documentos relativos a conta;0;
2026;2º;Demais Bancos, Financeiras e Instituições de Pagamento;Conglomerado; ;BANESTES (conglomerado);Irregularidades relacionadas ao fornecimento de documentos relativos a operação de crédito, exceto para liquidação antecipada e descritivo do crédito.;0;
2026;2º;Demais Bancos, Financeiras e Instituições de Pagamento;Conglomerado; ;BANESTES (conglomerado);Irregularidades relacionadas ao fornecimento de informações relativas a operação de crédito contratada (DDC);3;
2026;2º;Demais Bancos, Financeiras e Instituições de Pagamento;Conglomerado; ;BANESTES (conglomerado);Irregularidades relacionadas ao Sistema de Informações de Crédito do Banco Central (SCR);2;
2026;2º;Demais Bancos, Financeiras e Instituições de Pagamento;Conglomerado; ;BANESTES (conglomerado);Irregularidades relativas a integridade, confiabilidade, segurança, sigilo ou legitimidade das operações e serviços disponibilizados em internet banking;3;
2026;2º;Demais Bancos, Financeiras e Instituições de Pagamento;Conglomerado; ;BANESTES (conglomerado);Irregularidades relativas a integridade, confiabilidade, segurança, sigilo ou legitimidade das operações e serviços relacionados a cartões de crédito;0;
2026;2º;Demais Bancos, Financeiras e Instituições de Pagamento;Conglomerado; ;BANESTES (conglomerado);Irregularidades relativas a integridade, confiabilidade, segurança, sigilo ou legitimidade das operações e serviços, exceto as relacionadas a cartão de crédito, cartão de débito, internet banking, ATM, credenciadora e operação de crédito;2;
2026;2º;Demais Bancos, Financeiras e Instituições de Pagamento;Conglomerado; ;BANESTES (conglomerado);Irregularidades relativas a integridade, confiabilidade, segurança, sigilo ou legitimidade dos serviços relacionados a operações de crédito consignado;3;
2026;2º;Demais Bancos, Financeiras e Instituições de Pagamento;Conglomerado; ;BANESTES (conglomerado);Irregularidades relativas a integridade, confiabilidade, segurança, sigilo ou legitimidade dos serviços relacionados a operações de crédito, exceto consignado;2;
2026;2º;Demais Bancos, Financeiras e Instituições de Pagamento;Conglomerado; ;BANESTES (conglomerado);Irregularidades relativas a operações de crédito de saldo devedor de fatura de cartão de crédito (rotativo e parcelamento) e respectiva cobrança de encargos;3;
2026;2º;Demais Bancos, Financeiras e Instituições de Pagamento;Conglomerado; ;BANESTES (conglomerado);Juros e preços;0;
2026;2º;Demais Bancos, Financeiras e Instituições de Pagamento;Conglomerado; ;BANESTES (conglomerado);Limites de transação;0;
2026;2º;Demais Bancos, Financeiras e Instituições de Pagamento;Conglomerado; ;BANESTES (conglomerado);Não acatamento de solicitação de cancelamento de débitos automáticos em conta ou não cumprimento das regras aplicáveis;11;
2026;2º;Demais Bancos, Financeiras e Instituições de Pagamento;Conglomerado; ;BANESTES (conglomerado);Não acatamento de solicitação de cancelamento de débitos automáticos em conta-salário ou não cumprimento das regras aplicáveis;2;
2026;2º;Demais Bancos, Financeiras e Instituições de Pagamento;Conglomerado; ;BANESTES (conglomerado);Oferta ou prestação de informação sobre a conta ou serviços acessórios de forma inadequada ;5;
2026;2º;Demais Bancos, Financeiras e Instituições de Pagamento;Conglomerado; ;BANESTES (conglomerado);Oferta ou prestação de informação sobre o cartão de crédito de forma inadequada ;0;
2026;2º;Demais Bancos, Financeiras e Instituições de Pagamento;Conglomerado; ;BANESTES (conglomerado);Oferta ou prestação de informação sobre operação de crédito de forma inadequada, exceto crédito consignado;2;
2026;2º;Demais Bancos, Financeiras e Instituições de Pagamento;Conglomerado; ;BANESTES (conglomerado);Oferta ou prestação de informação sobre produtos e serviços de forma inadequada, exceto as relacionadas a cartão de crédito, conta e serviços acessórios, credenciadora de cartão e operação de crédito;3;
2026;2º;Demais Bancos, Financeiras e Instituições de Pagamento;Conglomerado; ;BANESTES (conglomerado);Outras irregularidades ;0;
2026;2º;Demais Bancos, Financeiras e Instituições de Pagamento;Conglomerado; ;BANESTES (conglomerado);Outros assuntos não regulados relacionados a cartão de crédito;0;
2026;2º;Demais Bancos, Financeiras e Instituições de Pagamento;Conglomerado; ;BANESTES (conglomerado);Pix  - chaves;0;
2026;2º;Demais Bancos, Financeiras e Instituições de Pagamento;Conglomerado; ;BANESTES (conglomerado);Pix - Dificuldade para solicitar ou realizar devolução;2;
2026;2º;Demais Bancos, Financeiras e Instituições de Pagamento;Conglomerado; ;BANESTES (conglomerado);Prestação de serviço de forma irregular em conta-salário;6;
2026;2º;Demais Bancos, Financeiras e Instituições de Pagamento;Conglomerado; ;BANESTES (conglomerado);Recusa de cancelamento de pacote de serviços;5;
2026;2º;Demais Bancos, Financeiras e Instituições de Pagamento;Conglomerado; ;BANESTES (conglomerado);Recusa de produtos ou serviços;0;
2026;2º;Demais Bancos, Financeiras e Instituições de Pagamento;Conglomerado; ;BANESTES (conglomerado);Renegociação de dívida (exceto cartão de crédito);0;
2026;2º;Demais Bancos, Financeiras e Instituições de Pagamento;Conglomerado; ;BANESTES (conglomerado);Restrição à realização de portabilidade de operações de crédito consignado relativas a pessoas naturais;0;
2026;2º;Demais Bancos, Financeiras e Instituições de Pagamento;Conglomerado; ;BANESTES (conglomerado);Restrições cadastrais;0;
2026;2º;Demais Bancos, Financeiras e Instituições de Pagamento;Conglomerado; ;BANESTES (conglomerado);Terminais eletrônicos, internet e aplicativos;0;
2026;2º;Demais Bancos, Financeiras e Instituições de Pagamento;Banco/financeira;62073200;BANK OF AMERICA MERRILL LYNCH BANCO MÚLTIPLO S.A.;Golpe;0;
2026;2º;Demais Bancos, Financeiras e Instituições de Pagamento;Banco/financeira;62073200;BANK OF AMERICA MERRILL LYNCH BANCO MÚLTIPLO S.A.;Insatisfação com a resposta recebida da instituição financeira referente à reclamação registrada no BCB;0;
2026;2º;Demais Bancos, Financeiras e Instituições de Pagamento;Banco/financeira;62073200;BANK OF AMERICA MERRILL LYNCH BANCO MÚLTIPLO S.A.;Irregularidades relacionadas a boletos de pagamento (exceto ausência de contrato com beneficiário);0;
2026;2º;Demais Bancos, Financeiras e Instituições de Pagamento;Banco/financeira;62073200;BANK OF AMERICA MERRILL LYNCH BANCO MÚLTIPLO S.A.;Irregularidades relacionadas a operações no mercado de câmbio;0;
2026;2º;Demais Bancos, Financeiras e Instituições de Pagamento;Banco/financeira;62073200;BANK OF AMERICA MERRILL LYNCH BANCO MÚLTIPLO S.A.;Irregularidades relacionadas ao acompanhamento de conta;0;
2026;2º;Demais Bancos, Financeiras e Instituições de Pagamento;Banco/financeira;62073200;BANK OF AMERICA MERRILL LYNCH BANCO MÚLTIPLO S.A.;Reclamações relacionadas a assuntos diversos;0;
2026;2º;Demais Bancos, Financeiras e Instituições de Pagamento;Conglomerado; ;BANK OF CHINA (BRASIL) (conglomerado);Insatisfação com o atendimento prestado pelo SAC ou Central de Relacionamento;0;
2026;2º;Demais Bancos, Financeiras e Instituições de Pagamento;Conglomerado; ;BANK OF CHINA (BRASIL) (conglomerado);Irregularidades relacionadas ao fornecimento de documento para liquidação antecipada de operações de crédito;0;
2026;2º;Demais Bancos, Financeiras e Instituições de Pagamento;Conglomerado; ;BANK OF CHINA (BRASIL) (conglomerado);Irregularidades relacionadas ao fornecimento de documentos relativos a operação de crédito, exceto para liquidação antecipada e descritivo do crédito.;0;
2026;2º;Demais Bancos, Financeiras e Instituições de Pagamento;Conglomerado; ;BANK OF CHINA (BRASIL) (conglomerado);Irregularidades relacionadas ao fornecimento de informações relativas a operação de crédito contratada (DDC);0;
2026;2º;Demais Bancos, Financeiras e Instituições de Pagamento;Conglomerado; ;BANK OF CHINA (BRASIL) (conglomerado);Irregularidades relativas a integridade, confiabilidade, segurança, sigilo ou legitimidade dos serviços relacionados a operações de crédito consignado;0;
2026;2º;Demais Bancos, Financeiras e Instituições de Pagamento;Conglomerado; ;BANK OF CHINA (BRASIL) (conglomerado);Irregularidades relativas a integridade, confiabilidade, segurança, sigilo ou legitimidade dos serviços relacionados a operações de crédito, exceto consignado;0;
2026;2º;Demais Bancos, Financeiras e Instituições de Pagamento;Conglomerado; ;BANK OF CHINA (BRASIL) (conglomerado);Juros e preços;0;
2026;2º;Demais Bancos, Financeiras e Instituições de Pagamento;Conglomerado; ;BANK OF CHINA (BRASIL) (conglomerado);Restrição à realização de portabilidade de operações de crédito consignado relativas a pessoas naturais;0;
2026;2º;Demais Bancos, Financeiras e Instituições de Pagamento;Conglomerado; ;BANK OF CHINA (BRASIL) (conglomerado);Restrições cadastrais;0;
2026;2º;Demais Bancos, Financeiras e Instituições de Pagamento;Conglomerado; ;BANRISUL (conglomerado);Abertura de conta de depósito com documentação ausente, insuficiente ou falsa;0;
2026;2º;Demais Bancos, Financeiras e Instituições de Pagamento;Conglomerado; ;BANRISUL (conglomerado);Ausência de título adequado relativo a cartão de crédito consignado;0;
2026;2º;Demais Bancos, Financeiras e Instituições de Pagamento;Conglomerado; ;BANRISUL (conglomerado);Bloqueio de valores ou de conta fora do âmbito do Pix;9;
2026;2º;Demais Bancos, Financeiras e Instituições de Pagamento;Conglomerado; ;BANRISUL (conglomerado);Cancelamento de contrato a pedido do cliente não atendido por instituição financeira;0;
2026;2º;Demais Bancos, Financeiras e Instituições de Pagamento;Conglomerado; ;BANRISUL (conglomerado);Cancelamento de contrato por iniciativa da instituição financeira;0;
2026;2º;Demais Bancos, Financeiras e Instituições de Pagamento;Conglomerado; ;BANRISUL (conglomerado);Cartões de débito;0;
2026;2º;Demais Bancos, Financeiras e Instituições de Pagamento;Conglomerado; ;BANRISUL (conglomerado);Cobrança irregular de tarifa relacionada a conta ou serviços acessórios à conta;0;
2026;2º;Demais Bancos, Financeiras e Instituições de Pagamento;Conglomerado; ;BANRISUL (conglomerado);Cobrança irregular de tarifa relacionada ao cartão de crédito;0;
2026;2º;Demais Bancos, Financeiras e Instituições de Pagamento;Conglomerado; ;BANRISUL (conglomerado);Cobranças diversas;0;
2026;2º;Demais Bancos, Financeiras e Instituições de Pagamento;Conglomerado; ;BANRISUL (conglomerado);Concessão de crédito (exceto consignado) sem a formalização do título adequado;0;
2026;2º;Demais Bancos, Financeiras e Instituições de Pagamento;Conglomerado; ;BANRISUL (conglomerado);Concessão de crédito consignado sem a formalização do título adequado;3;
2026;2º;Demais Bancos, Financeiras e Instituições de Pagamento;Conglomerado; ;BANRISUL (conglomerado);Descumprimento de ordem judicial;0;
2026;2º;Demais Bancos, Financeiras e Instituições de Pagamento;Conglomerado; ;BANRISUL (conglomerado);Descumprimento de prazo de resposta da reclamação registrada no BCB;0;
2026;2º;Demais Bancos, Financeiras e Instituições de Pagamento;Conglomerado; ;BANRISUL (conglomerado);Débito em conta não autorizado pelo cliente, ou não cumprimento das regras aplicáveis;23;
2026;2º;Demais Bancos, Financeiras e Instituições de Pagamento;Conglomerado; ;BANRISUL (conglomerado);Débito em conta-salário não autorizado pelo cliente, ou não cumprimento das regras aplicáveis;61;
2026;2º;Demais Bancos, Financeiras e Instituições de Pagamento;Conglomerado; ;BANRISUL (conglomerado);Falta de transparência na redação de documentos;3;
2026;2º;Demais Bancos, Financeiras e Instituições de Pagamento;Conglomerado; ;BANRISUL (conglomerado);Inclusão de dados incorretos no CCS (Cadastro de Clientes do Sistema Financeiro Nacional);0;
2026;2º;Demais Bancos, Financeiras e Instituições de Pagamento;Conglomerado; ;BANRISUL (conglomerado);Inclusão de dados incorretos no CCS (Cadastro de Clientes do Sistema Financeiro Nacional) - instituição de pagamento;3;
2026;2º;Demais Bancos, Financeiras e Instituições de Pagamento;Conglomerado; ;BANRISUL (conglomerado);Insatisfação com a resposta recebida da instituição financeira referente à reclamação registrada no BCB;3;
2026;2º;Demais Bancos, Financeiras e Instituições de Pagamento;Conglomerado; ;BANRISUL (conglomerado);Insatisfação com o atendimento prestado pelo SAC ou Central de Relacionamento;14;
2026;2º;Demais Bancos, Financeiras e Instituições de Pagamento;Conglomerado; ;BANRISUL (conglomerado);Irregularidades envolvendo a abertura de conta-salário;0;
2026;2º;Demais Bancos, Financeiras e Instituições de Pagamento;Conglomerado; ;BANRISUL (conglomerado);Irregularidades no processo de encerramento de conta de depósitos à vista;9;
2026;2º;Demais Bancos, Financeiras e Instituições de Pagamento;Conglomerado; ;BANRISUL (conglomerado);Irregularidades no processo de encerramento de conta de pagamento - instituição de pagamento;0;
2026;2º;Demais Bancos, Financeiras e Instituições de Pagamento;Conglomerado; ;BANRISUL (conglomerado);Irregularidades relacionadas a informações e liquidação de valores a receber no sistema SVR do BCB por parte de instituições financeiras;0;
2026;2º;Demais Bancos, Financeiras e Instituições de Pagamento;Conglomerado; ;BANRISUL (conglomerado);Irregularidades relacionadas ao fornecimento de documento para liquidação antecipada de operações de crédito;0;
2026;2º;Demais Bancos, Financeiras e Instituições de Pagamento;Conglomerado; ;BANRISUL (conglomerado);Irregularidades relacionadas ao fornecimento de documentos por conta de pagamentos pós-paga - instituição de pagamento;0;
2026;2º;Demais Bancos, Financeiras e Instituições de Pagamento;Conglomerado; ;BANRISUL (conglomerado);Irregularidades relacionadas ao fornecimento de documentos por conta de pagamentos pré-paga - instituição de pagamento;0;
2026;2º;Demais Bancos, Financeiras e Instituições de Pagamento;Conglomerado; ;BANRISUL (conglomerado);Irregularidades relacionadas ao fornecimento de documentos relativos a conta;0;
2026;2º;Demais Bancos, Financeiras e Instituições de Pagamento;Conglomerado; ;BANRISUL (conglomerado);Irregularidades relacionadas ao fornecimento de documentos relativos a operação de crédito, exceto para liquidação antecipada e descritivo do crédito.;3;
2026;2º;Demais Bancos, Financeiras e Instituições de Pagamento;Conglomerado; ;BANRISUL (conglomerado);Irregularidades relacionadas ao fornecimento de informações relativas a operação de crédito contratada (DDC);6;
2026;2º;Demais Bancos, Financeiras e Instituições de Pagamento;Conglomerado; ;BANRISUL (conglomerado);Irregularidades relacionadas ao Sistema de Informações de Crédito do Banco Central (SCR);0;
2026;2º;Demais Bancos, Financeiras e Instituições de Pagamento;Conglomerado; ;BANRISUL (conglomerado);Irregularidades relacionadas ao Sistema de Informações de Crédito do Banco Central (SCR) - instituição de pagamento;0;
2026;2º;Demais Bancos, Financeiras e Instituições de Pagamento;Conglomerado; ;BANRISUL (conglomerado);Irregularidades relacionadas à liquidação de documentos (exceto cheques);0;
2026;2º;Demais Bancos, Financeiras e Instituições de Pagamento;Conglomerado; ;BANRISUL (conglomerado);Irregularidades relativas a integridade, confiabilidade, segurança, sigilo ou legitimidade das operações e serviços disponibilizados em ATM;9;
2026;2º;Demais Bancos, Financeiras e Instituições de Pagamento;Conglomerado; ;BANRISUL (conglomerado);Irregularidades relativas a integridade, confiabilidade, segurança, sigilo ou legitimidade das operações e serviços disponibilizados em internet banking;0;
2026;2º;Demais Bancos, Financeiras e Instituições de Pagamento;Conglomerado; ;BANRISUL (conglomerado);Irregularidades relativas a integridade, confiabilidade, segurança, sigilo ou legitimidade das operações e serviços relacionados a cartões de crédito;9;
2026;2º;Demais Bancos, Financeiras e Instituições de Pagamento;Conglomerado; ;BANRISUL (conglomerado);Irregularidades relativas a integridade, confiabilidade, segurança, sigilo ou legitimidade das operações e serviços relacionados a cartões de débito;0;
2026;2º;Demais Bancos, Financeiras e Instituições de Pagamento;Conglomerado; ;BANRISUL (conglomerado);Irregularidades relativas a integridade, confiabilidade, segurança, sigilo ou legitimidade das operações e serviços, exceto as relacionadas a cartão de crédito, cartão de débito, internet banking, ATM, credenciadora e operação de crédito;0;
2026;2º;Demais Bancos, Financeiras e Instituições de Pagamento;Conglomerado; ;BANRISUL (conglomerado);Irregularidades relativas a integridade, confiabilidade, segurança, sigilo ou legitimidade dos serviços relacionados a operações de crédito consignado;14;
2026;2º;Demais Bancos, Financeiras e Instituições de Pagamento;Conglomerado; ;BANRISUL (conglomerado);Irregularidades relativas a integridade, confiabilidade, segurança, sigilo ou legitimidade dos serviços relacionados a operações de crédito, exceto consignado;12;
2026;2º;Demais Bancos, Financeiras e Instituições de Pagamento;Conglomerado; ;BANRISUL (conglomerado);Irregularidades relativas a operações de crédito de saldo devedor de fatura de cartão de crédito (rotativo e parcelamento) e respectiva cobrança de encargos;9;
2026;2º;Demais Bancos, Financeiras e Instituições de Pagamento;Conglomerado; ;BANRISUL (conglomerado);Irregularidades relativas a telemarketing, SMS ou Whatsapp com oferta de produtos e serviços;0;
2026;2º;Demais Bancos, Financeiras e Instituições de Pagamento;Conglomerado; ;BANRISUL (conglomerado);Juros e preços;0;
2026;2º;Demais Bancos, Financeiras e Instituições de Pagamento;Conglomerado; ;BANRISUL (conglomerado);Limites de transação;0;
2026;2º;Demais Bancos, Financeiras e Instituições de Pagamento;Conglomerado; ;BANRISUL (conglomerado);Não acatamento de solicitação de cancelamento de débitos automáticos em conta ou não cumprimento das regras aplicáveis;12;
2026;2º;Demais Bancos, Financeiras e Instituições de Pagamento;Conglomerado; ;BANRISUL (conglomerado);Não acatamento de solicitação de cancelamento de débitos automáticos em conta-salário ou não cumprimento das regras aplicáveis;3;
2026;2º;Demais Bancos, Financeiras e Instituições de Pagamento;Conglomerado; ;BANRISUL (conglomerado);Oferta ou prestação de informação a respeito de produtos e serviços de forma inadequada para conta de pagamento pré-paga - instituição de pagamento;0;
2026;2º;Demais Bancos, Financeiras e Instituições de Pagamento;Conglomerado; ;BANRISUL (conglomerado);Oferta ou prestação de informação sobre a conta ou serviços acessórios de forma inadequada ;3;
2026;2º;Demais Bancos, Financeiras e Instituições de Pagamento;Conglomerado; ;BANRISUL (conglomerado);Oferta ou prestação de informação sobre crédito consignado de forma inadequada;6;
2026;2º;Demais Bancos, Financeiras e Instituições de Pagamento;Conglomerado; ;BANRISUL (conglomerado);Oferta ou prestação de informação sobre o cartão de crédito de forma inadequada ;0;
2026;2º;Demais Bancos, Financeiras e Instituições de Pagamento;Conglomerado; ;BANRISUL (conglomerado);Oferta ou prestação de informação sobre operação de crédito de forma inadequada, exceto crédito consignado;0;
2026;2º;Demais Bancos, Financeiras e Instituições de Pagamento;Conglomerado; ;BANRISUL (conglomerado);Oferta ou prestação de informação sobre produtos e serviços de forma inadequada, exceto as relacionadas a cartão de crédito, conta e serviços acessórios, credenciadora de cartão e operação de crédito;3;
2026;2º;Demais Bancos, Financeiras e Instituições de Pagamento;Conglomerado; ;BANRISUL (conglomerado);Pix  - chaves;0;
2026;2º;Demais Bancos, Financeiras e Instituições de Pagamento;Conglomerado; ;BANRISUL (conglomerado);Pix - Bloqueio ou devolução de valores;0;
2026;2º;Demais Bancos, Financeiras e Instituições de Pagamento;Conglomerado; ;BANRISUL (conglomerado);Pix - diversos;0;
2026;2º;Demais Bancos, Financeiras e Instituições de Pagamento;Conglomerado; ;BANRISUL (conglomerado);Pix - Dificuldade para solicitar ou realizar devolução;0;
2026;2º;Demais Bancos, Financeiras e Instituições de Pagamento;Conglomerado; ;BANRISUL (conglomerado);Pix - iniciação;0;
2026;2º;Demais Bancos, Financeiras e Instituições de Pagamento;Conglomerado; ;BANRISUL (conglomerado);Pix - outros;0;
2026;2º;Demais Bancos, Financeiras e Instituições de Pagamento;Conglomerado; ;BANRISUL (conglomerado);Prestação de serviço de forma irregular em conta-salário;3;
2026;2º;Demais Bancos, Financeiras e Instituições de Pagamento;Conglomerado; ;BANRISUL (conglomerado);Reclamações relacionadas a assuntos diversos;0;
2026;2º;Demais Bancos, Financeiras e Instituições de Pagamento;Conglomerado; ;BANRISUL (conglomerado);Reclamações relacionadas a assuntos diversos envolvendo - instituição de pagamento;0;
2026;2º;Demais Bancos, Financeiras e Instituições de Pagamento;Conglomerado; ;BANRISUL (conglomerado);Recusa de produtos ou serviços;0;
2026;2º;Demais Bancos, Financeiras e Instituições de Pagamento;Conglomerado; ;BANRISUL (conglomerado);Renegociação de dívida (exceto cartão de crédito);0;
2026;2º;Demais Bancos, Financeiras e Instituições de Pagamento;Conglomerado; ;BANRISUL (conglomerado);Renegociação de dívida em instituição de pagamento;0;
2026;2º;Demais Bancos, Financeiras e Instituições de Pagamento;Conglomerado; ;BANRISUL (conglomerado);Restrição à realização de portabilidade de operações de crédito consignado relativas a pessoas naturais;0;
2026;2º;Demais Bancos, Financeiras e Instituições de Pagamento;Conglomerado; ;BANRISUL (conglomerado);Restrições cadastrais;0;
2026;2º;Demais Bancos, Financeiras e Instituições de Pagamento;Conglomerado; ;BANRISUL (conglomerado);Terminais eletrônicos, internet e aplicativos;0;
2026;2º;Demais Bancos, Financeiras e Instituições de Pagamento;Conglomerado; ;BANRISUL (conglomerado);Transações não reconhecidas pelo titular da conta, realizadas por terceiros (invasão de conta) em instituições financeiras;0;
2026;2º;Top 15 - Bancos, Financeiras e Instituições de Pagamento;Conglomerado; ;BB (conglomerado);Abertura de conta de depósito com documentação ausente, insuficiente ou falsa;0;
2026;2º;Top 15 - Bancos, Financeiras e Instituições de Pagamento;Conglomerado; ;BB (conglomerado);Ausência de informações sobre as regras de funcionamento nos contratos de cartões de crédito ou seu descumprimento;0;
2026;2º;Top 15 - Bancos, Financeiras e Instituições de Pagamento;Conglomerado; ;BB (conglomerado);Bloqueio de valores ou de conta fora do âmbito do Pix;51;
2026;2º;Top 15 - Bancos, Financeiras e Instituições de Pagamento;Conglomerado; ;BB (conglomerado);Cancelamento de contrato a pedido do cliente não atendido por instituição financeira;51;
2026;2º;Top 15 - Bancos, Financeiras e Instituições de Pagamento;Conglomerado; ;BB (conglomerado);Cancelamento de contrato por iniciativa da instituição financeira;0;
2026;2º;Top 15 - Bancos, Financeiras e Instituições de Pagamento;Conglomerado; ;BB (conglomerado);Cobrança irregular de tarifa em operação de crédito;0;
2026;2º;Top 15 - Bancos, Financeiras e Instituições de Pagamento;Conglomerado; ;BB (conglomerado);Cobrança irregular de tarifa relacionada a conta ou serviços acessórios à conta;0;
2026;2º;Top 15 - Bancos, Financeiras e Instituições de Pagamento;Conglomerado; ;BB (conglomerado);Cobrança irregular de tarifa relacionada ao cartão de crédito;0;
2026;2º;Top 15 - Bancos, Financeiras e Instituições de Pagamento;Conglomerado; ;BB (conglomerado);Cobranças diversas;0;
2026;2º;Top 15 - Bancos, Financeiras e Instituições de Pagamento;Conglomerado; ;BB (conglomerado);Concessão de crédito (exceto consignado) sem a formalização do título adequado;0;
2026;2º;Top 15 - Bancos, Financeiras e Instituições de Pagamento;Conglomerado; ;BB (conglomerado);Concessão de crédito consignado sem a formalização do título adequado;25;
2026;2º;Top 15 - Bancos, Financeiras e Instituições de Pagamento;Conglomerado; ;BB (conglomerado);Descumprimento de ordem judicial;0;
2026;2º;Top 15 - Bancos, Financeiras e Instituições de Pagamento;Conglomerado; ;BB (conglomerado);Descumprimento de prazo de resposta da reclamação registrada no BCB;0;
2026;2º;Top 15 - Bancos, Financeiras e Instituições de Pagamento;Conglomerado; ;BB (conglomerado);Débito em conta de pagamento pré-paga não autorizado pelo cliente, ou não cumprimento das regras aplicáveis;0;
2026;2º;Top 15 - Bancos, Financeiras e Instituições de Pagamento;Conglomerado; ;BB (conglomerado);Débito em conta não autorizado pelo cliente, ou não cumprimento das regras aplicáveis;102;
2026;2º;Top 15 - Bancos, Financeiras e Instituições de Pagamento;Conglomerado; ;BB (conglomerado);Débito em conta-salário não autorizado pelo cliente, ou não cumprimento das regras aplicáveis;0;
2026;2º;Top 15 - Bancos, Financeiras e Instituições de Pagamento;Conglomerado; ;BB (conglomerado);Encaminhamento de instrumentos de pagamento não solicitados;25;
2026;2º;Top 15 - Bancos, Financeiras e Instituições de Pagamento;Conglomerado; ;BB (conglomerado);Golpe;0;
2026;2º;Top 15 - Bancos, Financeiras e Instituições de Pagamento;Conglomerado; ;BB (conglomerado);Inclusão de dados incorretos no CCS (Cadastro de Clientes do Sistema Financeiro Nacional);25;
2026;2º;Top 15 - Bancos, Financeiras e Instituições de Pagamento;Conglomerado; ;BB (conglomerado);Insatisfação com a resposta recebida da instituição financeira referente à reclamação registrada no BCB;127;
2026;2º;Top 15 - Bancos, Financeiras e Instituições de Pagamento;Conglomerado; ;BB (conglomerado);Insatisfação com o atendimento prestado pelo SAC ou Central de Relacionamento;127;
2026;2º;Top 15 - Bancos, Financeiras e Instituições de Pagamento;Conglomerado; ;BB (conglomerado);Integridade, confiabilidade, segurança, sigilo e legitimidade das operações e serviços  - conta de pagamento pré-paga;0;
2026;2º;Top 15 - Bancos, Financeiras e Instituições de Pagamento;Conglomerado; ;BB (conglomerado);Irregularidades no processo de encerramento de conta de depósitos à vista;76;
2026;2º;Top 15 - Bancos, Financeiras e Instituições de Pagamento;Conglomerado; ;BB (conglomerado);Irregularidades relacionadas a informações e liquidação de valores a receber no sistema SVR do BCB por parte de instituições financeiras;0;
2026;2º;Top 15 - Bancos, Financeiras e Instituições de Pagamento;Conglomerado; ;BB (conglomerado);Irregularidades relacionadas a operações no mercado de câmbio;0;
2026;2º;Top 15 - Bancos, Financeiras e Instituições de Pagamento;Conglomerado; ;BB (conglomerado);Irregularidades relacionadas ao acompanhamento de conta;25;
2026;2º;Top 15 - Bancos, Financeiras e Instituições de Pagamento;Conglomerado; ;BB (conglomerado);Irregularidades relacionadas ao atendimento da Ouvidoria;0;
2026;2º;Top 15 - Bancos, Financeiras e Instituições de Pagamento;Conglomerado; ;BB (conglomerado);Irregularidades relacionadas ao fornecimento de documento para liquidação antecipada de operações de crédito;0;
2026;2º;Top 15 - Bancos, Financeiras e Instituições de Pagamento;Conglomerado; ;BB (conglomerado);Irregularidades relacionadas ao fornecimento de documentos relativos a cartão de crédito;0;
2026;2º;Top 15 - Bancos, Financeiras e Instituições de Pagamento;Conglomerado; ;BB (conglomerado);Irregularidades relacionadas ao fornecimento de documentos relativos a conta;0;
2026;2º;Top 15 - Bancos, Financeiras e Instituições de Pagamento;Conglomerado; ;BB (conglomerado);Irregularidades relacionadas ao fornecimento de documentos relativos a operação de crédito, exceto para liquidação antecipada e descritivo do crédito.;0;
2026;2º;Top 15 - Bancos, Financeiras e Instituições de Pagamento;Conglomerado; ;BB (conglomerado);Irregularidades relacionadas ao fornecimento de informações relativas a operação de crédito contratada (DDC);280;
2026;2º;Top 15 - Bancos, Financeiras e Instituições de Pagamento;Conglomerado; ;BB (conglomerado);Irregularidades relacionadas ao fornecimento de outros documentos, exceto os relativos a cartão de crédito, conta e operação de crédito;0;
2026;2º;Top 15 - Bancos, Financeiras e Instituições de Pagamento;Conglomerado; ;BB (conglomerado);Irregularidades relacionadas ao Sistema de Informações de Crédito do Banco Central (SCR);25;
2026;2º;Top 15 - Bancos, Financeiras e Instituições de Pagamento;Conglomerado; ;BB (conglomerado);Irregularidades relativas a integridade, confiabilidade, segurança, sigilo ou legitimidade das operações e serviços disponibilizados em ATM;25;
2026;2º;Top 15 - Bancos, Financeiras e Instituições de Pagamento;Conglomerado; ;BB (conglomerado);Irregularidades relativas a integridade, confiabilidade, segurança, sigilo ou legitimidade das operações e serviços disponibilizados em internet banking;153;
2026;2º;Top 15 - Bancos, Financeiras e Instituições de Pagamento;Conglomerado; ;BB (conglomerado);Irregularidades relativas a integridade, confiabilidade, segurança, sigilo ou legitimidade das operações e serviços relacionados a cartões de crédito;560;
2026;2º;Top 15 - Bancos, Financeiras e Instituições de Pagamento;Conglomerado; ;BB (conglomerado);Irregularidades relativas a integridade, confiabilidade, segurança, sigilo ou legitimidade das operações e serviços relacionados a cartões de débito;102;
2026;2º;Top 15 - Bancos, Financeiras e Instituições de Pagamento;Conglomerado; ;BB (conglomerado);Irregularidades relativas a integridade, confiabilidade, segurança, sigilo ou legitimidade das operações e serviços, exceto as relacionadas a cartão de crédito, cartão de débito, internet banking, ATM, credenciadora e operação de crédito;229;
2026;2º;Top 15 - Bancos, Financeiras e Instituições de Pagamento;Conglomerado; ;BB (conglomerado);Irregularidades relativas a integridade, confiabilidade, segurança, sigilo ou legitimidade dos serviços relacionados a operações de crédito consignado;127;
2026;2º;Top 15 - Bancos, Financeiras e Instituições de Pagamento;Conglomerado; ;BB (conglomerado);Irregularidades relativas a integridade, confiabilidade, segurança, sigilo ou legitimidade dos serviços relacionados a operações de crédito, exceto consignado;25;
2026;2º;Top 15 - Bancos, Financeiras e Instituições de Pagamento;Conglomerado; ;BB (conglomerado);Irregularidades relativas a operações de crédito de saldo devedor de fatura de cartão de crédito (rotativo e parcelamento) e respectiva cobrança de encargos;25;
2026;2º;Top 15 - Bancos, Financeiras e Instituições de Pagamento;Conglomerado; ;BB (conglomerado);Irregularidades relativas a telemarketing, SMS ou Whatsapp com oferta de produtos e serviços;0;
2026;2º;Top 15 - Bancos, Financeiras e Instituições de Pagamento;Conglomerado; ;BB (conglomerado);Juros e preços;0;
2026;2º;Top 15 - Bancos, Financeiras e Instituições de Pagamento;Conglomerado; ;BB (conglomerado);Limites de transação;0;
2026;2º;Top 15 - Bancos, Financeiras e Instituições de Pagamento;Conglomerado; ;BB (conglomerado);Não acatamento de solicitação de cancelamento de débitos automáticos em conta de pagamento pré-paga, ou não cumprimento das regras aplicáveis;0;
2026;2º;Top 15 - Bancos, Financeiras e Instituições de Pagamento;Conglomerado; ;BB (conglomerado);Não acatamento de solicitação de cancelamento de débitos automáticos em conta ou não cumprimento das regras aplicáveis;0;
2026;2º;Top 15 - Bancos, Financeiras e Instituições de Pagamento;Conglomerado; ;BB (conglomerado);Não acatamento de solicitação de cancelamento de débitos automáticos em conta-salário ou não cumprimento das regras aplicáveis;51;
2026;2º;Top 15 - Bancos, Financeiras e Instituições de Pagamento;Conglomerado; ;BB (conglomerado);Oferta ou prestação de informação sobre crédito consignado de forma inadequada;305;
2026;2º;Top 15 - Bancos, Financeiras e Instituições de Pagamento;Conglomerado; ;BB (conglomerado);Oferta ou prestação de informação sobre operação de crédito de forma inadequada, exceto crédito consignado;25;
2026;2º;Top 15 - Bancos, Financeiras e Instituições de Pagamento;Conglomerado; ;BB (conglomerado);Oferta ou prestação de informação sobre produtos e serviços de forma inadequada, exceto as relacionadas a cartão de crédito, conta e serviços acessórios, credenciadora de cartão e operação de crédito;76;
2026;2º;Top 15 - Bancos, Financeiras e Instituições de Pagamento;Conglomerado; ;BB (conglomerado);Outras irregularidades ;0;
2026;2º;Top 15 - Bancos, Financeiras e Instituições de Pagamento;Conglomerado; ;BB (conglomerado);Outras irregularidades relacionadas a cartões de crédito;0;
2026;2º;Top 15 - Bancos, Financeiras e Instituições de Pagamento;Conglomerado; ;BB (conglomerado);Pix  - chaves;0;
2026;2º;Top 15 - Bancos, Financeiras e Instituições de Pagamento;Conglomerado; ;BB (conglomerado);Pix - Bloqueio ou devolução de valores;0;
2026;2º;Top 15 - Bancos, Financeiras e Instituições de Pagamento;Conglomerado; ;BB (conglomerado);Pix - diversos;0;
2026;2º;Top 15 - Bancos, Financeiras e Instituições de Pagamento;Conglomerado; ;BB (conglomerado);Pix - Dificuldade para solicitar ou realizar devolução;25;
2026;2º;Top 15 - Bancos, Financeiras e Instituições de Pagamento;Conglomerado; ;BB (conglomerado);Pix - iniciação;0;
2026;2º;Top 15 - Bancos, Financeiras e Instituições de Pagamento;Conglomerado; ;BB (conglomerado);Pix - tarifa;0;
2026;2º;Top 15 - Bancos, Financeiras e Instituições de Pagamento;Conglomerado; ;BB (conglomerado);Prestação de serviço de forma irregular em conta-salário;0;
2026;2º;Top 15 - Bancos, Financeiras e Instituições de Pagamento;Conglomerado; ;BB (conglomerado);Problemas enfrentados com o atendimento preferencial;0;
2026;2º;Top 15 - Bancos, Financeiras e Instituições de Pagamento;Conglomerado; ;BB (conglomerado);Reclamações relacionadas a assuntos diversos;0;
2026;2º;Top 15 - Bancos, Financeiras e Instituições de Pagamento;Conglomerado; ;BB (conglomerado);Recusa de produtos ou serviços;0;
2026;2º;Top 15 - Bancos, Financeiras e Instituições de Pagamento;Conglomerado; ;BB (conglomerado);Recusa ou dificuldade de acesso aos canais de atendimento convencionais;0;
2026;2º;Top 15 - Bancos, Financeiras e Instituições de Pagamento;Conglomerado; ;BB (conglomerado);Renegociação de dívida (exceto cartão de crédito);0;
2026;2º;Top 15 - Bancos, Financeiras e Instituições de Pagamento;Conglomerado; ;BB (conglomerado);Restrição à realização de portabilidade de operações de crédito (exceto crédito consignado e financiamento imobiliário) relativas a pessoas naturais;0;
2026;2º;Top 15 - Bancos, Financeiras e Instituições de Pagamento;Conglomerado; ;BB (conglomerado);Restrição à realização de portabilidade de operações de crédito consignado relativas a pessoas naturais;25;
2026;2º;Top 15 - Bancos, Financeiras e Instituições de Pagamento;Conglomerado; ;BB (conglomerado);Restrições cadastrais;0;
2026;2º;Top 15 - Bancos, Financeiras e Instituições de Pagamento;Conglomerado; ;BB (conglomerado);Tempo de espera em fila;0;
2026;2º;Top 15 - Bancos, Financeiras e Instituições de Pagamento;Conglomerado; ;BB (conglomerado);Terminais eletrônicos, internet e aplicativos;0;
2026;2º;Top 15 - Bancos, Financeiras e Instituições de Pagamento;Conglomerado; ;BB (conglomerado);Transações não reconhecidas pelo titular da conta, realizadas por terceiros (invasão de conta) em instituições financeiras;51;
2026;2º;Top 15 - Bancos, Financeiras e Instituições de Pagamento;Conglomerado; ;BB (conglomerado);Utilização incorreta da taxa de desconto no cálculo do valor presente relacionadas às demais operações de crédito, exceto as de crédito consignado e de financiamento imobiliário;0;
2026;2º;Demais Bancos, Financeiras e Instituições de Pagamento;Conglomerado; ;BBC S.A. (conglomerado);Bloqueio de valores ou de conta fora do âmbito do Pix;0;
2026;2º;Demais Bancos, Financeiras e Instituições de Pagamento;Conglomerado; ;BBC S.A. (conglomerado);Cobrança irregular de tarifa em operação de crédito;1;
2026;2º;Demais Bancos, Financeiras e Instituições de Pagamento;Conglomerado; ;BBC S.A. (conglomerado);Cobranças diversas;0;
2026;2º;Demais Bancos, Financeiras e Instituições de Pagamento;Conglomerado; ;BBC S.A. (conglomerado);Concessão de crédito (exceto consignado) sem a formalização do título adequado;0;
2026;2º;Demais Bancos, Financeiras e Instituições de Pagamento;Conglomerado; ;BBC S.A. (conglomerado);Débito em conta não autorizado pelo cliente, ou não cumprimento das regras aplicáveis;0;
2026;2º;Demais Bancos, Financeiras e Instituições de Pagamento;Conglomerado; ;BBC S.A. (conglomerado);Dificuldade na liberação ou substituição de bem;0;
2026;2º;Demais Bancos, Financeiras e Instituições de Pagamento;Conglomerado; ;BBC S.A. (conglomerado);Insatisfação com a resposta recebida da instituição financeira referente à reclamação registrada no BCB;0;
2026;2º;Demais Bancos, Financeiras e Instituições de Pagamento;Conglomerado; ;BBC S.A. (conglomerado);Insatisfação com o atendimento prestado pelo SAC ou Central de Relacionamento;3;
2026;2º;Demais Bancos, Financeiras e Instituições de Pagamento;Conglomerado; ;BBC S.A. (conglomerado);Irregularidades relacionadas ao fornecimento de documento para liquidação antecipada de operações de crédito;1;
2026;2º;Demais Bancos, Financeiras e Instituições de Pagamento;Conglomerado; ;BBC S.A. (conglomerado);Irregularidades relacionadas ao fornecimento de documentos relativos a conta;0;
2026;2º;Demais Bancos, Financeiras e Instituições de Pagamento;Conglomerado; ;BBC S.A. (conglomerado);Irregularidades relacionadas ao fornecimento de documentos relativos a operação de crédito, exceto para liquidação antecipada e descritivo do crédito.;0;
2026;2º;Demais Bancos, Financeiras e Instituições de Pagamento;Conglomerado; ;BBC S.A. (conglomerado);Irregularidades relacionadas ao fornecimento de informações relativas a operação de crédito contratada (DDC);0;
2026;2º;Demais Bancos, Financeiras e Instituições de Pagamento;Conglomerado; ;BBC S.A. (conglomerado);Irregularidades relacionadas ao Sistema de Informações de Crédito do Banco Central (SCR);0;
2026;2º;Demais Bancos, Financeiras e Instituições de Pagamento;Conglomerado; ;BBC S.A. (conglomerado);Irregularidades relativas a integridade, confiabilidade, segurança, sigilo ou legitimidade dos serviços relacionados a operações de crédito, exceto consignado;0;
2026;2º;Demais Bancos, Financeiras e Instituições de Pagamento;Conglomerado; ;BBC S.A. (conglomerado);Juros e preços;0;
2026;2º;Demais Bancos, Financeiras e Instituições de Pagamento;Conglomerado; ;BBC S.A. (conglomerado);Limites de transação;0;
2026;2º;Demais Bancos, Financeiras e Instituições de Pagamento;Conglomerado; ;BBC S.A. (conglomerado);Oferta ou prestação de informação sobre operação de crédito de forma inadequada, exceto crédito consignado;1;
2026;2º;Demais Bancos, Financeiras e Instituições de Pagamento;Conglomerado; ;BBC S.A. (conglomerado);Oferta ou prestação de informação sobre produtos e serviços de forma inadequada, exceto as relacionadas a cartão de crédito, conta e serviços acessórios, credenciadora de cartão e operação de crédito;8;
2026;2º;Demais Bancos, Financeiras e Instituições de Pagamento;Conglomerado; ;BBC S.A. (conglomerado);Reclamações relacionadas a assuntos diversos;0;
2026;2º;Demais Bancos, Financeiras e Instituições de Pagamento;Conglomerado; ;BBC S.A. (conglomerado);Renegociação de dívida (exceto cartão de crédito);0;
2026;2º;Demais Bancos, Financeiras e Instituições de Pagamento;Conglomerado; ;BBC S.A. (conglomerado);Restrições cadastrais;0;
2026;2º;Demais Bancos, Financeiras e Instituições de Pagamento;Conglomerado; ;BCO ABN AMRO CLEARING (conglomerado);Irregularidades no processo de encerramento de conta de depósitos à vista;0;
2026;2º;Demais Bancos, Financeiras e Instituições de Pagamento;Conglomerado; ;BCO ABN AMRO CLEARING (conglomerado);Restrições cadastrais;0;
2026;2º;Demais Bancos, Financeiras e Instituições de Pagamento;Conglomerado; ;BCO ARBI S.A. (conglomerado);Abertura de conta de depósito com documentação ausente, insuficiente ou falsa;9;
2026;2º;Demais Bancos, Financeiras e Instituições de Pagamento;Conglomerado; ;BCO ARBI S.A. (conglomerado);Abertura de conta de pagamento sem documentação necessária ou com documentação falsa;0;
2026;2º;Demais Bancos, Financeiras e Instituições de Pagamento;Conglomerado; ;BCO ARBI S.A. (conglomerado);Bloqueio de valores ou de conta fora do âmbito do Pix;0;
2026;2º;Demais Bancos, Financeiras e Instituições de Pagamento;Conglomerado; ;BCO ARBI S.A. (conglomerado);Cancelamento de contrato a pedido do cliente não atendido por instituição financeira;0;
2026;2º;Demais Bancos, Financeiras e Instituições de Pagamento;Conglomerado; ;BCO ARBI S.A. (conglomerado);Concessão de crédito (exceto consignado) sem a formalização do título adequado;1;
2026;2º;Demais Bancos, Financeiras e Instituições de Pagamento;Conglomerado; ;BCO ARBI S.A. (conglomerado);Golpe;0;
2026;2º;Demais Bancos, Financeiras e Instituições de Pagamento;Conglomerado; ;BCO ARBI S.A. (conglomerado);Inclusão de dados incorretos no CCS (Cadastro de Clientes do Sistema Financeiro Nacional);0;
2026;2º;Demais Bancos, Financeiras e Instituições de Pagamento;Conglomerado; ;BCO ARBI S.A. (conglomerado);Insatisfação com a resposta recebida da instituição financeira referente à reclamação registrada no BCB;0;
2026;2º;Demais Bancos, Financeiras e Instituições de Pagamento;Conglomerado; ;BCO ARBI S.A. (conglomerado);Insatisfação com o atendimento prestado pelo SAC ou Central de Relacionamento;5;
2026;2º;Demais Bancos, Financeiras e Instituições de Pagamento;Conglomerado; ;BCO ARBI S.A. (conglomerado);Irregularidades no processo de encerramento de conta de depósitos à vista;1;
2026;2º;Demais Bancos, Financeiras e Instituições de Pagamento;Conglomerado; ;BCO ARBI S.A. (conglomerado);Irregularidades relacionadas ao acompanhamento de conta;0;
2026;2º;Demais Bancos, Financeiras e Instituições de Pagamento;Conglomerado; ;BCO ARBI S.A. (conglomerado);Irregularidades relacionadas ao fornecimento de documento para liquidação antecipada de operações de crédito;0;
2026;2º;Demais Bancos, Financeiras e Instituições de Pagamento;Conglomerado; ;BCO ARBI S.A. (conglomerado);Irregularidades relacionadas ao fornecimento de documentos relativos a conta;1;
2026;2º;Demais Bancos, Financeiras e Instituições de Pagamento;Conglomerado; ;BCO ARBI S.A. (conglomerado);Irregularidades relacionadas ao fornecimento de informações relativas a operação de crédito contratada (DDC);0;
2026;2º;Demais Bancos, Financeiras e Instituições de Pagamento;Conglomerado; ;BCO ARBI S.A. (conglomerado);Irregularidades relacionadas ao Sistema de Informações de Crédito do Banco Central (SCR);1;
2026;2º;Demais Bancos, Financeiras e Instituições de Pagamento;Conglomerado; ;BCO ARBI S.A. (conglomerado);Irregularidades relativas a integridade, confiabilidade, segurança, sigilo ou legitimidade das operações e serviços disponibilizados em internet banking;1;
2026;2º;Demais Bancos, Financeiras e Instituições de Pagamento;Conglomerado; ;BCO ARBI S.A. (conglomerado);Irregularidades relativas a integridade, confiabilidade, segurança, sigilo ou legitimidade das operações e serviços relacionados a cartões de crédito;4;
2026;2º;Demais Bancos, Financeiras e Instituições de Pagamento;Conglomerado; ;BCO ARBI S.A. (conglomerado);Irregularidades relativas a integridade, confiabilidade, segurança, sigilo ou legitimidade das operações e serviços, exceto as relacionadas a cartão de crédito, cartão de débito, internet banking, ATM, credenciadora e operação de crédito;1;
2026;2º;Demais Bancos, Financeiras e Instituições de Pagamento;Conglomerado; ;BCO ARBI S.A. (conglomerado);Irregularidades relativas a integridade, confiabilidade, segurança, sigilo ou legitimidade dos serviços relacionados a operações de crédito consignado;0;
2026;2º;Demais Bancos, Financeiras e Instituições de Pagamento;Conglomerado; ;BCO ARBI S.A. (conglomerado);Irregularidades relativas a integridade, confiabilidade, segurança, sigilo ou legitimidade dos serviços relacionados a operações de crédito, exceto consignado;0;
2026;2º;Demais Bancos, Financeiras e Instituições de Pagamento;Conglomerado; ;BCO ARBI S.A. (conglomerado);Juros e preços;0;
2026;2º;Demais Bancos, Financeiras e Instituições de Pagamento;Conglomerado; ;BCO ARBI S.A. (conglomerado);Limites de transação;1;
2026;2º;Demais Bancos, Financeiras e Instituições de Pagamento;Conglomerado; ;BCO ARBI S.A. (conglomerado);Oferta ou prestação de informação sobre crédito consignado de forma inadequada;1;
2026;2º;Demais Bancos, Financeiras e Instituições de Pagamento;Conglomerado; ;BCO ARBI S.A. (conglomerado);Outras irregularidades ;0;
2026;2º;Demais Bancos, Financeiras e Instituições de Pagamento;Conglomerado; ;BCO ARBI S.A. (conglomerado);Pix - Dificuldade para solicitar ou realizar devolução;0;
2026;2º;Demais Bancos, Financeiras e Instituições de Pagamento;Conglomerado; ;BCO ARBI S.A. (conglomerado);Pix - liquidação;1;
2026;2º;Demais Bancos, Financeiras e Instituições de Pagamento;Conglomerado; ;BCO ARBI S.A. (conglomerado);Reclamações relacionadas a assuntos diversos;0;
2026;2º;Demais Bancos, Financeiras e Instituições de Pagamento;Conglomerado; ;BCO COOPERATIVO SICREDI (conglomerado);Cobranças diversas;0;
2026;2º;Demais Bancos, Financeiras e Instituições de Pagamento;Conglomerado; ;BCO COOPERATIVO SICREDI (conglomerado);Insatisfação com o atendimento prestado pelo SAC ou Central de Relacionamento;0;
2026;2º;Demais Bancos, Financeiras e Instituições de Pagamento;Conglomerado; ;BCO COOPERATIVO SICREDI (conglomerado);Irregularidades no processo de encerramento de conta de depósitos à vista;0;
2026;2º;Demais Bancos, Financeiras e Instituições de Pagamento;Conglomerado; ;BCO COOPERATIVO SICREDI (conglomerado);Irregularidades relacionadas ao fornecimento de documento para liquidação antecipada de operações de crédito;0;
2026;2º;Demais Bancos, Financeiras e Instituições de Pagamento;Conglomerado; ;BCO COOPERATIVO SICREDI (conglomerado);Irregularidades relacionadas ao fornecimento de documentos relativos a operação de crédito, exceto para liquidação antecipada e descritivo do crédito.;0;
2026;2º;Demais Bancos, Financeiras e Instituições de Pagamento;Conglomerado; ;BCO COOPERATIVO SICREDI (conglomerado);Irregularidades relacionadas ao Sistema de Informações de Crédito do Banco Central (SCR);0;
2026;2º;Demais Bancos, Financeiras e Instituições de Pagamento;Conglomerado; ;BCO COOPERATIVO SICREDI (conglomerado);Irregularidades relativas a integridade, confiabilidade, segurança, sigilo ou legitimidade das operações e serviços, exceto as relacionadas a cartão de crédito, cartão de débito, internet banking, ATM, credenciadora e operação de crédito;0;
2026;2º;Demais Bancos, Financeiras e Instituições de Pagamento;Conglomerado; ;BCO COOPERATIVO SICREDI (conglomerado);Irregularidades relativas a integridade, confiabilidade, segurança, sigilo ou legitimidade dos serviços relacionados a operações de crédito, exceto consignado;0;
2026;2º;Demais Bancos, Financeiras e Instituições de Pagamento;Conglomerado; ;BCO COOPERATIVO SICREDI (conglomerado);Outras irregularidades ;0;
2026;2º;Demais Bancos, Financeiras e Instituições de Pagamento;Conglomerado; ;BCO COOPERATIVO SICREDI (conglomerado);Pix - diversos;0;
2026;2º;Demais Bancos, Financeiras e Instituições de Pagamento;Conglomerado; ;BCO COOPERATIVO SICREDI (conglomerado);Reclamações relacionadas a assuntos diversos;0;
2026;2º;Demais Bancos, Financeiras e Instituições de Pagamento;Conglomerado; ;BCO COOPERATIVO SICREDI (conglomerado);Recusa de produtos ou serviços;0;
2026;2º;Demais Bancos, Financeiras e Instituições de Pagamento;Conglomerado; ;BCO COOPERATIVO SICREDI (conglomerado);Restrições cadastrais;0;
2026;2º;Demais Bancos, Financeiras e Instituições de Pagamento;Conglomerado; ;BCO COOPERATIVO SICREDI (conglomerado);Transações não reconhecidas pelo titular da conta, realizadas por terceiros (invasão de conta) em instituições financeiras;0;
2026;2º;Demais Bancos, Financeiras e Instituições de Pagamento;Conglomerado; ;BCO CSF S.A. (conglomerado);Ausência de informações sobre as regras de funcionamento nos contratos de cartões de crédito ou seu descumprimento;0;
2026;2º;Demais Bancos, Financeiras e Instituições de Pagamento;Conglomerado; ;BCO CSF S.A. (conglomerado);Ausência de título adequado relativo a cartão de crédito;6;
2026;2º;Demais Bancos, Financeiras e Instituições de Pagamento;Conglomerado; ;BCO CSF S.A. (conglomerado);Cadastro positivo envolvendo instituição financeira;0;
2026;2º;Demais Bancos, Financeiras e Instituições de Pagamento;Conglomerado; ;BCO CSF S.A. (conglomerado);Cancelamento de contrato a pedido do cliente não atendido por instituição financeira;0;
2026;2º;Demais Bancos, Financeiras e Instituições de Pagamento;Conglomerado; ;BCO CSF S.A. (conglomerado);Cobranças diversas;0;
2026;2º;Demais Bancos, Financeiras e Instituições de Pagamento;Conglomerado; ;BCO CSF S.A. (conglomerado);Concessão de crédito (exceto consignado) sem a formalização do título adequado;0;
2026;2º;Demais Bancos, Financeiras e Instituições de Pagamento;Conglomerado; ;BCO CSF S.A. (conglomerado);Descumprimento de prazo de resposta da reclamação registrada no BCB;0;
2026;2º;Demais Bancos, Financeiras e Instituições de Pagamento;Conglomerado; ;BCO CSF S.A. (conglomerado);Falta de transparência na redação de documentos;0;
2026;2º;Demais Bancos, Financeiras e Instituições de Pagamento;Conglomerado; ;BCO CSF S.A. (conglomerado);Insatisfação com a resposta recebida da instituição financeira referente à reclamação registrada no BCB;3;
2026;2º;Demais Bancos, Financeiras e Instituições de Pagamento;Conglomerado; ;BCO CSF S.A. (conglomerado);Insatisfação com o atendimento prestado pelo SAC ou Central de Relacionamento;26;
2026;2º;Demais Bancos, Financeiras e Instituições de Pagamento;Conglomerado; ;BCO CSF S.A. (conglomerado);Irregularidades relacionadas a boletos de pagamento (exceto ausência de contrato com beneficiário);0;
2026;2º;Demais Bancos, Financeiras e Instituições de Pagamento;Conglomerado; ;BCO CSF S.A. (conglomerado);Irregularidades relacionadas ao fornecimento de documentos relativos a cartão de crédito;0;
2026;2º;Demais Bancos, Financeiras e Instituições de Pagamento;Conglomerado; ;BCO CSF S.A. (conglomerado);Irregularidades relacionadas ao fornecimento de documentos relativos a operação de crédito, exceto para liquidação antecipada e descritivo do crédito.;0;
2026;2º;Demais Bancos, Financeiras e Instituições de Pagamento;Conglomerado; ;BCO CSF S.A. (conglomerado);Irregularidades relacionadas ao fornecimento de informações relativas a operação de crédito contratada (DDC);16;
2026;2º;Demais Bancos, Financeiras e Instituições de Pagamento;Conglomerado; ;BCO CSF S.A. (conglomerado);Irregularidades relacionadas ao fornecimento de outros documentos, exceto os relativos a cartão de crédito, conta e operação de crédito;3;
2026;2º;Demais Bancos, Financeiras e Instituições de Pagamento;Conglomerado; ;BCO CSF S.A. (conglomerado);Irregularidades relacionadas ao Sistema de Informações de Crédito do Banco Central (SCR);0;
2026;2º;Demais Bancos, Financeiras e Instituições de Pagamento;Conglomerado; ;BCO CSF S.A. (conglomerado);Irregularidades relativas a dados transacionais no Open Banking por instituições financeiras;0;
2026;2º;Demais Bancos, Financeiras e Instituições de Pagamento;Conglomerado; ;BCO CSF S.A. (conglomerado);Irregularidades relativas a integridade, confiabilidade, segurança, sigilo ou legitimidade das operações e serviços relacionados a cartões de crédito;87;
2026;2º;Demais Bancos, Financeiras e Instituições de Pagamento;Conglomerado; ;BCO CSF S.A. (conglomerado);Irregularidades relativas a integridade, confiabilidade, segurança, sigilo ou legitimidade dos serviços relacionados a operações de crédito consignado;0;
2026;2º;Demais Bancos, Financeiras e Instituições de Pagamento;Conglomerado; ;BCO CSF S.A. (conglomerado);Irregularidades relativas a operações de crédito de saldo devedor de fatura de cartão de crédito (rotativo e parcelamento) e respectiva cobrança de encargos;51;
2026;2º;Demais Bancos, Financeiras e Instituições de Pagamento;Conglomerado; ;BCO CSF S.A. (conglomerado);Irregularidades relativas a telemarketing, SMS ou Whatsapp com oferta de produtos e serviços;0;
2026;2º;Demais Bancos, Financeiras e Instituições de Pagamento;Conglomerado; ;BCO CSF S.A. (conglomerado);Limites de transação;0;
2026;2º;Demais Bancos, Financeiras e Instituições de Pagamento;Conglomerado; ;BCO CSF S.A. (conglomerado);Não acatamento de solicitação de cancelamento de débitos automáticos em conta de pagamento pré-paga, ou não cumprimento das regras aplicáveis;0;
2026;2º;Demais Bancos, Financeiras e Instituições de Pagamento;Conglomerado; ;BCO CSF S.A. (conglomerado);Não acatamento de solicitação de cancelamento de débitos automáticos em conta ou não cumprimento das regras aplicáveis;0;
2026;2º;Demais Bancos, Financeiras e Instituições de Pagamento;Conglomerado; ;BCO CSF S.A. (conglomerado);Oferta ou prestação de informação sobre o cartão de crédito de forma inadequada ;10;
2026;2º;Demais Bancos, Financeiras e Instituições de Pagamento;Conglomerado; ;BCO CSF S.A. (conglomerado);Oferta ou prestação de informação sobre produtos e serviços de forma inadequada, exceto as relacionadas a cartão de crédito, conta e serviços acessórios, credenciadora de cartão e operação de crédito;16;
2026;2º;Demais Bancos, Financeiras e Instituições de Pagamento;Conglomerado; ;BCO CSF S.A. (conglomerado);Outras irregularidades relacionadas a cartões de crédito;0;
2026;2º;Demais Bancos, Financeiras e Instituições de Pagamento;Conglomerado; ;BCO CSF S.A. (conglomerado);Outros assuntos não regulados relacionados a cartão de crédito;0;
2026;2º;Demais Bancos, Financeiras e Instituições de Pagamento;Conglomerado; ;BCO CSF S.A. (conglomerado);Reclamações relacionadas a assuntos diversos;0;
2026;2º;Demais Bancos, Financeiras e Instituições de Pagamento;Conglomerado; ;BCO CSF S.A. (conglomerado);Recusa de produtos ou serviços;0;
2026;2º;Demais Bancos, Financeiras e Instituições de Pagamento;Conglomerado; ;BCO CSF S.A. (conglomerado);Renegociação de dívida (exceto cartão de crédito);0;
2026;2º;Demais Bancos, Financeiras e Instituições de Pagamento;Conglomerado; ;BCO CSF S.A. (conglomerado);Restrições cadastrais;0;
2026;2º;Demais Bancos, Financeiras e Instituições de Pagamento;Conglomerado; ;BCO CSF S.A. (conglomerado);Utilização incorreta da taxa de desconto no cálculo do valor presente relacionadas às demais operações de crédito, exceto as de crédito consignado e de financiamento imobiliário;0;
2026;2º;Demais Bancos, Financeiras e Instituições de Pagamento;Conglomerado; ;BCO DA AMAZONIA S.A. (conglomerado);Cobrança irregular de tarifa relacionada a conta ou serviços acessórios à conta;2;
2026;2º;Demais Bancos, Financeiras e Instituições de Pagamento;Conglomerado; ;BCO DA AMAZONIA S.A. (conglomerado);Insatisfação com a resposta recebida da instituição financeira referente à reclamação registrada no BCB;2;
2026;2º;Demais Bancos, Financeiras e Instituições de Pagamento;Conglomerado; ;BCO DA AMAZONIA S.A. (conglomerado);Insatisfação com o atendimento prestado pelo SAC ou Central de Relacionamento;5;
2026;2º;Demais Bancos, Financeiras e Instituições de Pagamento;Conglomerado; ;BCO DA AMAZONIA S.A. (conglomerado);Irregularidades no processo de encerramento de conta de depósitos à vista;2;
2026;2º;Demais Bancos, Financeiras e Instituições de Pagamento;Conglomerado; ;BCO DA AMAZONIA S.A. (conglomerado);Irregularidades relacionadas ao fornecimento de documentos relativos a conta;2;
2026;2º;Demais Bancos, Financeiras e Instituições de Pagamento;Conglomerado; ;BCO DA AMAZONIA S.A. (conglomerado);Irregularidades relacionadas ao fornecimento de documentos relativos a operação de crédito, exceto para liquidação antecipada e descritivo do crédito.;2;
2026;2º;Demais Bancos, Financeiras e Instituições de Pagamento;Conglomerado; ;BCO DA AMAZONIA S.A. (conglomerado);Irregularidades relacionadas ao fornecimento de outros documentos, exceto os relativos a cartão de crédito, conta e operação de crédito;0;
2026;2º;Demais Bancos, Financeiras e Instituições de Pagamento;Conglomerado; ;BCO DA AMAZONIA S.A. (conglomerado);Irregularidades relacionadas ao Sistema de Informações de Crédito do Banco Central (SCR);0;
2026;2º;Demais Bancos, Financeiras e Instituições de Pagamento;Conglomerado; ;BCO DA AMAZONIA S.A. (conglomerado);Irregularidades relativas a integridade, confiabilidade, segurança, sigilo ou legitimidade das operações e serviços relacionados a cartões de crédito;2;
2026;2º;Demais Bancos, Financeiras e Instituições de Pagamento;Conglomerado; ;BCO DA AMAZONIA S.A. (conglomerado);Irregularidades relativas a integridade, confiabilidade, segurança, sigilo ou legitimidade das operações e serviços relacionados a cartões de débito;0;
2026;2º;Demais Bancos, Financeiras e Instituições de Pagamento;Conglomerado; ;BCO DA AMAZONIA S.A. (conglomerado);Irregularidades relativas a integridade, confiabilidade, segurança, sigilo ou legitimidade dos serviços relacionados a operações de crédito, exceto consignado;6;
2026;2º;Demais Bancos, Financeiras e Instituições de Pagamento;Conglomerado; ;BCO DA AMAZONIA S.A. (conglomerado);Não acatamento de solicitação de cancelamento de débitos automáticos em conta ou não cumprimento das regras aplicáveis;2;
2026;2º;Demais Bancos, Financeiras e Instituições de Pagamento;Conglomerado; ;BCO DA AMAZONIA S.A. (conglomerado);Oferta ou prestação de informação sobre a conta ou serviços acessórios de forma inadequada ;3;
2026;2º;Demais Bancos, Financeiras e Instituições de Pagamento;Conglomerado; ;BCO DA AMAZONIA S.A. (conglomerado);Oferta ou prestação de informação sobre operação de crédito de forma inadequada, exceto crédito consignado;2;
2026;2º;Demais Bancos, Financeiras e Instituições de Pagamento;Conglomerado; ;BCO DA AMAZONIA S.A. (conglomerado);Pix  - chaves;2;
2026;2º;Demais Bancos, Financeiras e Instituições de Pagamento;Conglomerado; ;BCO DA AMAZONIA S.A. (conglomerado);Pix - diversos;0;
2026;2º;Demais Bancos, Financeiras e Instituições de Pagamento;Conglomerado; ;BCO DA AMAZONIA S.A. (conglomerado);Pix - Dificuldade para solicitar ou realizar devolução;2;
2026;2º;Demais Bancos, Financeiras e Instituições de Pagamento;Conglomerado; ;BCO DA AMAZONIA S.A. (conglomerado);Prestação de serviço de forma irregular em conta-salário;2;
2026;2º;Demais Bancos, Financeiras e Instituições de Pagamento;Conglomerado; ;BCO DA AMAZONIA S.A. (conglomerado);Reclamações relacionadas a assuntos diversos;0;
2026;2º;Demais Bancos, Financeiras e Instituições de Pagamento;Conglomerado; ;BCO DA AMAZONIA S.A. (conglomerado);Recusa de produtos ou serviços;0;
2026;2º;Demais Bancos, Financeiras e Instituições de Pagamento;Conglomerado; ;BCO DA AMAZONIA S.A. (conglomerado);Recusa ou dificuldade de acesso aos canais de atendimento convencionais;2;
2026;2º;Demais Bancos, Financeiras e Instituições de Pagamento;Conglomerado; ;BCO DA AMAZONIA S.A. (conglomerado);Renegociação de dívida (exceto cartão de crédito);0;
2026;2º;Demais Bancos, Financeiras e Instituições de Pagamento;Conglomerado; ;BCO DA AMAZONIA S.A. (conglomerado);Restrições cadastrais;0;
2026;2º;Demais Bancos, Financeiras e Instituições de Pagamento;Conglomerado; ;BCO DAYCOVAL S.A (conglomerado);Abertura de conta de depósito com documentação ausente, insuficiente ou falsa;5;
2026;2º;Demais Bancos, Financeiras e Instituições de Pagamento;Conglomerado; ;BCO DAYCOVAL S.A (conglomerado);Ausência de título adequado relativo a cartão de crédito consignado;0;
2026;2º;Demais Bancos, Financeiras e Instituições de Pagamento;Conglomerado; ;BCO DAYCOVAL S.A (conglomerado);Bloqueio de valores ou de conta fora do âmbito do Pix;5;
2026;2º;Demais Bancos, Financeiras e Instituições de Pagamento;Conglomerado; ;BCO DAYCOVAL S.A (conglomerado);Cancelamento de contrato a pedido do cliente não atendido por instituição financeira;0;
2026;2º;Demais Bancos, Financeiras e Instituições de Pagamento;Conglomerado; ;BCO DAYCOVAL S.A (conglomerado);Cancelamento de contrato por iniciativa da instituição financeira;0;
2026;2º;Demais Bancos, Financeiras e Instituições de Pagamento;Conglomerado; ;BCO DAYCOVAL S.A (conglomerado);Cobrança irregular de tarifa em operação de crédito;5;
2026;2º;Demais Bancos, Financeiras e Instituições de Pagamento;Conglomerado; ;BCO DAYCOVAL S.A (conglomerado);Cobranças diversas;0;
2026;2º;Demais Bancos, Financeiras e Instituições de Pagamento;Conglomerado; ;BCO DAYCOVAL S.A (conglomerado);Concessão de crédito (exceto consignado) sem a formalização do título adequado;0;
2026;2º;Demais Bancos, Financeiras e Instituições de Pagamento;Conglomerado; ;BCO DAYCOVAL S.A (conglomerado);Concessão de crédito consignado sem a formalização do título adequado;5;
2026;2º;Demais Bancos, Financeiras e Instituições de Pagamento;Conglomerado; ;BCO DAYCOVAL S.A (conglomerado);Crédito consignado;0;
2026;2º;Demais Bancos, Financeiras e Instituições de Pagamento;Conglomerado; ;BCO DAYCOVAL S.A (conglomerado);Descumprimento de ordem judicial;0;
2026;2º;Demais Bancos, Financeiras e Instituições de Pagamento;Conglomerado; ;BCO DAYCOVAL S.A (conglomerado);Débito em conta não autorizado pelo cliente, ou não cumprimento das regras aplicáveis;0;
2026;2º;Demais Bancos, Financeiras e Instituições de Pagamento;Conglomerado; ;BCO DAYCOVAL S.A (conglomerado);Dificuldade na liberação ou substituição de bem;0;
2026;2º;Demais Bancos, Financeiras e Instituições de Pagamento;Conglomerado; ;BCO DAYCOVAL S.A (conglomerado);Falta de transparência na redação de documentos;0;
2026;2º;Demais Bancos, Financeiras e Instituições de Pagamento;Conglomerado; ;BCO DAYCOVAL S.A (conglomerado);Insatisfação com a resposta recebida da instituição financeira referente à reclamação registrada no BCB;0;
2026;2º;Demais Bancos, Financeiras e Instituições de Pagamento;Conglomerado; ;BCO DAYCOVAL S.A (conglomerado);Insatisfação com o atendimento prestado pelo SAC ou Central de Relacionamento;37;
2026;2º;Demais Bancos, Financeiras e Instituições de Pagamento;Conglomerado; ;BCO DAYCOVAL S.A (conglomerado);Irregularidades no processo de encerramento de conta de depósitos à vista;0;
2026;2º;Demais Bancos, Financeiras e Instituições de Pagamento;Conglomerado; ;BCO DAYCOVAL S.A (conglomerado);Irregularidades relacionadas ao Custo Efetivo Total (CET) de operação de crédito;0;
2026;2º;Demais Bancos, Financeiras e Instituições de Pagamento;Conglomerado; ;BCO DAYCOVAL S.A (conglomerado);Irregularidades relacionadas ao fornecimento de documento para liquidação antecipada de operações de crédito;5;
2026;2º;Demais Bancos, Financeiras e Instituições de Pagamento;Conglomerado; ;BCO DAYCOVAL S.A (conglomerado);Irregularidades relacionadas ao fornecimento de documentos relativos a cartão de crédito;5;
2026;2º;Demais Bancos, Financeiras e Instituições de Pagamento;Conglomerado; ;BCO DAYCOVAL S.A (conglomerado);Irregularidades relacionadas ao fornecimento de documentos relativos a operação de crédito, exceto para liquidação antecipada e descritivo do crédito.;0;
2026;2º;Demais Bancos, Financeiras e Instituições de Pagamento;Conglomerado; ;BCO DAYCOVAL S.A (conglomerado);Irregularidades relacionadas ao fornecimento de informações relativas a operação de crédito contratada (DDC);0;
2026;2º;Demais Bancos, Financeiras e Instituições de Pagamento;Conglomerado; ;BCO DAYCOVAL S.A (conglomerado);Irregularidades relacionadas ao fornecimento de outros documentos, exceto os relativos a cartão de crédito, conta e operação de crédito;5;
2026;2º;Demais Bancos, Financeiras e Instituições de Pagamento;Conglomerado; ;BCO DAYCOVAL S.A (conglomerado);Irregularidades relacionadas ao Sistema de Informações de Crédito do Banco Central (SCR);9;
2026;2º;Demais Bancos, Financeiras e Instituições de Pagamento;Conglomerado; ;BCO DAYCOVAL S.A (conglomerado);Irregularidades relativas a integridade, confiabilidade, segurança, sigilo ou legitimidade das operações e serviços disponibilizados em internet banking;5;
2026;2º;Demais Bancos, Financeiras e Instituições de Pagamento;Conglomerado; ;BCO DAYCOVAL S.A (conglomerado);Irregularidades relativas a integridade, confiabilidade, segurança, sigilo ou legitimidade das operações e serviços relacionados a cartões de crédito;41;
2026;2º;Demais Bancos, Financeiras e Instituições de Pagamento;Conglomerado; ;BCO DAYCOVAL S.A (conglomerado);Irregularidades relativas a integridade, confiabilidade, segurança, sigilo ou legitimidade das operações e serviços relacionados a cartões de débito;0;
2026;2º;Demais Bancos, Financeiras e Instituições de Pagamento;Conglomerado; ;BCO DAYCOVAL S.A (conglomerado);Irregularidades relativas a integridade, confiabilidade, segurança, sigilo ou legitimidade das operações e serviços, exceto as relacionadas a cartão de crédito, cartão de débito, internet banking, ATM, credenciadora e operação de crédito;9;
2026;2º;Demais Bancos, Financeiras e Instituições de Pagamento;Conglomerado; ;BCO DAYCOVAL S.A (conglomerado);Irregularidades relativas a integridade, confiabilidade, segurança, sigilo ou legitimidade dos serviços relacionados a operações de crédito consignado;28;
2026;2º;Demais Bancos, Financeiras e Instituições de Pagamento;Conglomerado; ;BCO DAYCOVAL S.A (conglomerado);Irregularidades relativas a integridade, confiabilidade, segurança, sigilo ou legitimidade dos serviços relacionados a operações de crédito, exceto consignado;0;
2026;2º;Demais Bancos, Financeiras e Instituições de Pagamento;Conglomerado; ;BCO DAYCOVAL S.A (conglomerado);Irregularidades relativas a operações de crédito de saldo devedor de fatura de cartão de crédito (rotativo e parcelamento) e respectiva cobrança de encargos;0;
2026;2º;Demais Bancos, Financeiras e Instituições de Pagamento;Conglomerado; ;BCO DAYCOVAL S.A (conglomerado);Irregularidades relativas a telemarketing, SMS ou Whatsapp com oferta de produtos e serviços;0;
2026;2º;Demais Bancos, Financeiras e Instituições de Pagamento;Conglomerado; ;BCO DAYCOVAL S.A (conglomerado);Juros e preços;0;
2026;2º;Demais Bancos, Financeiras e Instituições de Pagamento;Conglomerado; ;BCO DAYCOVAL S.A (conglomerado);Limites de transação;5;
2026;2º;Demais Bancos, Financeiras e Instituições de Pagamento;Conglomerado; ;BCO DAYCOVAL S.A (conglomerado);Não acatamento de solicitação de cancelamento de débitos automáticos em conta ou não cumprimento das regras aplicáveis;0;
2026;2º;Demais Bancos, Financeiras e Instituições de Pagamento;Conglomerado; ;BCO DAYCOVAL S.A (conglomerado);Oferta ou prestação de informação sobre crédito consignado de forma inadequada;9;
2026;2º;Demais Bancos, Financeiras e Instituições de Pagamento;Conglomerado; ;BCO DAYCOVAL S.A (conglomerado);Oferta ou prestação de informação sobre o cartão de crédito de forma inadequada ;0;
2026;2º;Demais Bancos, Financeiras e Instituições de Pagamento;Conglomerado; ;BCO DAYCOVAL S.A (conglomerado);Oferta ou prestação de informação sobre operação de crédito de forma inadequada, exceto crédito consignado;5;
2026;2º;Demais Bancos, Financeiras e Instituições de Pagamento;Conglomerado; ;BCO DAYCOVAL S.A (conglomerado);Oferta ou prestação de informação sobre produtos e serviços de forma inadequada, exceto as relacionadas a cartão de crédito, conta e serviços acessórios, credenciadora de cartão e operação de crédito;0;
2026;2º;Demais Bancos, Financeiras e Instituições de Pagamento;Conglomerado; ;BCO DAYCOVAL S.A (conglomerado);Outros assuntos não regulados relacionados a cartão de crédito;0;
2026;2º;Demais Bancos, Financeiras e Instituições de Pagamento;Conglomerado; ;BCO DAYCOVAL S.A (conglomerado);Reclamações relacionadas a assuntos diversos;0;
2026;2º;Demais Bancos, Financeiras e Instituições de Pagamento;Conglomerado; ;BCO DAYCOVAL S.A (conglomerado);Recusa de produtos ou serviços;0;
2026;2º;Demais Bancos, Financeiras e Instituições de Pagamento;Conglomerado; ;BCO DAYCOVAL S.A (conglomerado);Renegociação de dívida (exceto cartão de crédito);0;
2026;2º;Demais Bancos, Financeiras e Instituições de Pagamento;Conglomerado; ;BCO DAYCOVAL S.A (conglomerado);Restrição à realização de portabilidade de operações de crédito (exceto crédito consignado e financiamento imobiliário) relativas a pessoas naturais;0;
2026;2º;Demais Bancos, Financeiras e Instituições de Pagamento;Conglomerado; ;BCO DAYCOVAL S.A (conglomerado);Restrição à realização de portabilidade de operações de crédito consignado relativas a pessoas naturais;0;
2026;2º;Demais Bancos, Financeiras e Instituições de Pagamento;Conglomerado; ;BCO DAYCOVAL S.A (conglomerado);Restrições cadastrais;0;
2026;2º;Demais Bancos, Financeiras e Instituições de Pagamento;Conglomerado; ;BCO DAYCOVAL S.A (conglomerado);Terminais eletrônicos, internet e aplicativos;0;
2026;2º;Demais Bancos, Financeiras e Instituições de Pagamento;Conglomerado; ;BCO DAYCOVAL S.A (conglomerado);Utilização incorreta da taxa de desconto no cálculo do valor presente relacionadas às operações de crédito consignado;0;
2026;2º;Demais Bancos, Financeiras e Instituições de Pagamento;Conglomerado; ;BCO DE LAGE LANDEN BRASIL S.A. (conglomerado);Irregularidades relacionadas ao fornecimento de documentos relativos a operação de crédito, exceto para liquidação antecipada e descritivo do crédito.;3;
2026;2º;Demais Bancos, Financeiras e Instituições de Pagamento;Conglomerado; ;BCO DE LAGE LANDEN BRASIL S.A. (conglomerado);Irregularidades relacionadas ao Sistema de Informações de Crédito do Banco Central (SCR);0;
2026;2º;Demais Bancos, Financeiras e Instituições de Pagamento;Conglomerado; ;BCO DE LAGE LANDEN BRASIL S.A. (conglomerado);Oferta ou prestação de informação sobre operação de crédito de forma inadequada, exceto crédito consignado;0;
2026;2º;Demais Bancos, Financeiras e Instituições de Pagamento;Conglomerado; ;BCO DE LAGE LANDEN BRASIL S.A. (conglomerado);Renegociação de dívida (exceto cartão de crédito);0;
2026;2º;Demais Bancos, Financeiras e Instituições de Pagamento;Conglomerado; ;BCO DO EST. DE SE S.A. (conglomerado);Abertura de conta de depósito com documentação ausente, insuficiente ou falsa;1;
2026;2º;Demais Bancos, Financeiras e Instituições de Pagamento;Conglomerado; ;BCO DO EST. DE SE S.A. (conglomerado);Bloqueio de valores ou de conta fora do âmbito do Pix;1;
2026;2º;Demais Bancos, Financeiras e Instituições de Pagamento;Conglomerado; ;BCO DO EST. DE SE S.A. (conglomerado);Cobrança irregular de tarifa relacionada a conta ou serviços acessórios à conta;1;
2026;2º;Demais Bancos, Financeiras e Instituições de Pagamento;Conglomerado; ;BCO DO EST. DE SE S.A. (conglomerado);Cobrança irregular de tarifa relacionada ao cartão de crédito;0;
2026;2º;Demais Bancos, Financeiras e Instituições de Pagamento;Conglomerado; ;BCO DO EST. DE SE S.A. (conglomerado);Débito em conta de pagamento pré-paga não autorizado pelo cliente, ou não cumprimento das regras aplicáveis - instituição de pagamento;0;
2026;2º;Demais Bancos, Financeiras e Instituições de Pagamento;Conglomerado; ;BCO DO EST. DE SE S.A. (conglomerado);Débito em conta não autorizado pelo cliente, ou não cumprimento das regras aplicáveis;23;
2026;2º;Demais Bancos, Financeiras e Instituições de Pagamento;Conglomerado; ;BCO DO EST. DE SE S.A. (conglomerado);Débito em conta-salário não autorizado pelo cliente, ou não cumprimento das regras aplicáveis;13;
2026;2º;Demais Bancos, Financeiras e Instituições de Pagamento;Conglomerado; ;BCO DO EST. DE SE S.A. (conglomerado);Inclusão de dados incorretos no CCS (Cadastro de Clientes do Sistema Financeiro Nacional);1;
2026;2º;Demais Bancos, Financeiras e Instituições de Pagamento;Conglomerado; ;BCO DO EST. DE SE S.A. (conglomerado);Insatisfação com a resposta recebida da instituição financeira referente à reclamação registrada no BCB;1;
2026;2º;Demais Bancos, Financeiras e Instituições de Pagamento;Conglomerado; ;BCO DO EST. DE SE S.A. (conglomerado);Insatisfação com a resposta referente à reclamação registrada no BCB recebida - instituição de pagamento;0;
2026;2º;Demais Bancos, Financeiras e Instituições de Pagamento;Conglomerado; ;BCO DO EST. DE SE S.A. (conglomerado);Insatisfação com o atendimento prestado pelo SAC ou Central de Relacionamento;0;
2026;2º;Demais Bancos, Financeiras e Instituições de Pagamento;Conglomerado; ;BCO DO EST. DE SE S.A. (conglomerado);Irregularidades envolvendo a abertura de conta-salário;0;
2026;2º;Demais Bancos, Financeiras e Instituições de Pagamento;Conglomerado; ;BCO DO EST. DE SE S.A. (conglomerado);Irregularidades no processo de encerramento de conta de depósitos à vista;1;
2026;2º;Demais Bancos, Financeiras e Instituições de Pagamento;Conglomerado; ;BCO DO EST. DE SE S.A. (conglomerado);Irregularidades relacionadas ao fornecimento de documento para liquidação antecipada de operações de crédito;0;
2026;2º;Demais Bancos, Financeiras e Instituições de Pagamento;Conglomerado; ;BCO DO EST. DE SE S.A. (conglomerado);Irregularidades relacionadas ao fornecimento de documentos - instituição de pagamento;0;
2026;2º;Demais Bancos, Financeiras e Instituições de Pagamento;Conglomerado; ;BCO DO EST. DE SE S.A. (conglomerado);Irregularidades relacionadas ao fornecimento de documentos por conta de pagamentos pós-paga - instituição de pagamento;7;
2026;2º;Demais Bancos, Financeiras e Instituições de Pagamento;Conglomerado; ;BCO DO EST. DE SE S.A. (conglomerado);Irregularidades relacionadas ao fornecimento de documentos relativos a cartão de crédito;1;
2026;2º;Demais Bancos, Financeiras e Instituições de Pagamento;Conglomerado; ;BCO DO EST. DE SE S.A. (conglomerado);Irregularidades relacionadas ao fornecimento de documentos relativos a operação de crédito, exceto para liquidação antecipada e descritivo do crédito.;0;
2026;2º;Demais Bancos, Financeiras e Instituições de Pagamento;Conglomerado; ;BCO DO EST. DE SE S.A. (conglomerado);Irregularidades relacionadas ao fornecimento de informações relativas a operação de crédito contratada (DDC);1;
2026;2º;Demais Bancos, Financeiras e Instituições de Pagamento;Conglomerado; ;BCO DO EST. DE SE S.A. (conglomerado);Irregularidades relacionadas ao Sistema de Informações de Crédito do Banco Central (SCR);0;
2026;2º;Demais Bancos, Financeiras e Instituições de Pagamento;Conglomerado; ;BCO DO EST. DE SE S.A. (conglomerado);Irregularidades relacionadas ao Sistema de Informações de Crédito do Banco Central (SCR) - instituição de pagamento;0;
2026;2º;Demais Bancos, Financeiras e Instituições de Pagamento;Conglomerado; ;BCO DO EST. DE SE S.A. (conglomerado);Irregularidades relativas a integridade, confiabilidade, segurança, sigilo ou legitimidade das operações e serviços disponibilizados em internet banking;0;
2026;2º;Demais Bancos, Financeiras e Instituições de Pagamento;Conglomerado; ;BCO DO EST. DE SE S.A. (conglomerado);Irregularidades relativas a integridade, confiabilidade, segurança, sigilo ou legitimidade das operações e serviços prestados relacionados a conta de pagamento pós-paga - instituição de pagamento;3;
2026;2º;Demais Bancos, Financeiras e Instituições de Pagamento;Conglomerado; ;BCO DO EST. DE SE S.A. (conglomerado);Irregularidades relativas a integridade, confiabilidade, segurança, sigilo ou legitimidade das operações e serviços relacionados a cartões de crédito;0;
2026;2º;Demais Bancos, Financeiras e Instituições de Pagamento;Conglomerado; ;BCO DO EST. DE SE S.A. (conglomerado);Irregularidades relativas a integridade, confiabilidade, segurança, sigilo ou legitimidade das operações e serviços, exceto as relacionadas a cartão de crédito, cartão de débito, internet banking, ATM, credenciadora e operação de crédito;0;
2026;2º;Demais Bancos, Financeiras e Instituições de Pagamento;Conglomerado; ;BCO DO EST. DE SE S.A. (conglomerado);Irregularidades relativas a integridade, confiabilidade, segurança, sigilo ou legitimidade dos serviços relacionados a operações de crédito consignado;0;
2026;2º;Demais Bancos, Financeiras e Instituições de Pagamento;Conglomerado; ;BCO DO EST. DE SE S.A. (conglomerado);Irregularidades relativas a operações de crédito de saldo devedor de fatura de cartão de crédito (rotativo e parcelamento) e respectiva cobrança de encargos;1;
2026;2º;Demais Bancos, Financeiras e Instituições de Pagamento;Conglomerado; ;BCO DO EST. DE SE S.A. (conglomerado);Irregularidades relativas a operações de crédito de saldo devedor de fatura de cartão de crédito (rotativo e parcelamento) e respectiva cobrança de encargos - instituições de pagamento;1;
2026;2º;Demais Bancos, Financeiras e Instituições de Pagamento;Conglomerado; ;BCO DO EST. DE SE S.A. (conglomerado);Juros e preços;0;
2026;2º;Demais Bancos, Financeiras e Instituições de Pagamento;Conglomerado; ;BCO DO EST. DE SE S.A. (conglomerado);Liberação de recursos em financiamento imobiliário;0;
2026;2º;Demais Bancos, Financeiras e Instituições de Pagamento;Conglomerado; ;BCO DO EST. DE SE S.A. (conglomerado);Limites de transação - instituição de pagamento;1;
2026;2º;Demais Bancos, Financeiras e Instituições de Pagamento;Conglomerado; ;BCO DO EST. DE SE S.A. (conglomerado);Não acatamento de solicitação de cancelamento de débitos automáticos em conta ou não cumprimento das regras aplicáveis;1;
2026;2º;Demais Bancos, Financeiras e Instituições de Pagamento;Conglomerado; ;BCO DO EST. DE SE S.A. (conglomerado);Não acatamento de solicitação de cancelamento de débitos automáticos em conta-salário ou não cumprimento das regras aplicáveis;0;
2026;2º;Demais Bancos, Financeiras e Instituições de Pagamento;Conglomerado; ;BCO DO EST. DE SE S.A. (conglomerado);Oferta ou prestação de informação sobre a conta ou serviços acessórios de forma inadequada ;1;
2026;2º;Demais Bancos, Financeiras e Instituições de Pagamento;Conglomerado; ;BCO DO EST. DE SE S.A. (conglomerado);Oferta ou prestação de informação sobre crédito consignado de forma inadequada;0;
2026;2º;Demais Bancos, Financeiras e Instituições de Pagamento;Conglomerado; ;BCO DO EST. DE SE S.A. (conglomerado);Oferta ou prestação de informação sobre produtos e serviços de forma inadequada, exceto as relacionadas a cartão de crédito, conta e serviços acessórios, credenciadora de cartão e operação de crédito;4;
2026;2º;Demais Bancos, Financeiras e Instituições de Pagamento;Conglomerado; ;BCO DO EST. DE SE S.A. (conglomerado);Pix - Bloqueio ou devolução de valores;0;
2026;2º;Demais Bancos, Financeiras e Instituições de Pagamento;Conglomerado; ;BCO DO EST. DE SE S.A. (conglomerado);Pix - Dificuldade para solicitar ou realizar devolução;3;
2026;2º;Demais Bancos, Financeiras e Instituições de Pagamento;Conglomerado; ;BCO DO EST. DE SE S.A. (conglomerado);Pix - liquidação - instituição de pagamento;1;
2026;2º;Demais Bancos, Financeiras e Instituições de Pagamento;Conglomerado; ;BCO DO EST. DE SE S.A. (conglomerado);Prestação de serviço de forma irregular em conta-salário;3;
2026;2º;Demais Bancos, Financeiras e Instituições de Pagamento;Conglomerado; ;BCO DO EST. DE SE S.A. (conglomerado);Reclamações relacionadas a assuntos diversos;0;
2026;2º;Demais Bancos, Financeiras e Instituições de Pagamento;Conglomerado; ;BCO DO EST. DE SE S.A. (conglomerado);Recusa de produtos ou serviços;0;
2026;2º;Demais Bancos, Financeiras e Instituições de Pagamento;Conglomerado; ;BCO DO EST. DE SE S.A. (conglomerado);Recusa de produtos ou serviços - instituição de pagamento;0;
2026;2º;Demais Bancos, Financeiras e Instituições de Pagamento;Conglomerado; ;BCO DO EST. DE SE S.A. (conglomerado);Renegociação de dívida (exceto cartão de crédito);0;
2026;2º;Demais Bancos, Financeiras e Instituições de Pagamento;Conglomerado; ;BCO DO EST. DE SE S.A. (conglomerado);Renegociação de dívida em instituição de pagamento;0;
2026;2º;Demais Bancos, Financeiras e Instituições de Pagamento;Conglomerado; ;BCO DO EST. DE SE S.A. (conglomerado);Restrições cadastrais;0;
2026;2º;Demais Bancos, Financeiras e Instituições de Pagamento;Conglomerado; ;BCO DO EST. DE SE S.A. (conglomerado);Terminais eletrônicos, internet e aplicativos;0;
2026;2º;Demais Bancos, Financeiras e Instituições de Pagamento;Conglomerado; ;BCO DO EST. DE SE S.A. (conglomerado);Transações não reconhecidas pelo titular da conta, realizadas por terceiros (invasão de conta) em instituições financeiras;6;
2026;2º;Demais Bancos, Financeiras e Instituições de Pagamento;Conglomerado; ;BCO DO EST. DO PA S.A. (conglomerado);Bloqueio de valores ou de conta fora do âmbito do Pix;7;
2026;2º;Demais Bancos, Financeiras e Instituições de Pagamento;Conglomerado; ;BCO DO EST. DO PA S.A. (conglomerado);Cancelamento de contrato a pedido do cliente não atendido por instituição financeira;2;
2026;2º;Demais Bancos, Financeiras e Instituições de Pagamento;Conglomerado; ;BCO DO EST. DO PA S.A. (conglomerado);Cobrança irregular de tarifa em operação de crédito;2;
2026;2º;Demais Bancos, Financeiras e Instituições de Pagamento;Conglomerado; ;BCO DO EST. DO PA S.A. (conglomerado);Cobrança irregular de tarifa relacionada a conta ou serviços acessórios à conta;7;
2026;2º;Demais Bancos, Financeiras e Instituições de Pagamento;Conglomerado; ;BCO DO EST. DO PA S.A. (conglomerado);Concessão de crédito (exceto consignado) sem a formalização do título adequado;2;
2026;2º;Demais Bancos, Financeiras e Instituições de Pagamento;Conglomerado; ;BCO DO EST. DO PA S.A. (conglomerado);Descumprimento de ordem judicial;0;
2026;2º;Demais Bancos, Financeiras e Instituições de Pagamento;Conglomerado; ;BCO DO EST. DO PA S.A. (conglomerado);Descumprimento de prazo de resposta da reclamação registrada no BCB;0;
2026;2º;Demais Bancos, Financeiras e Instituições de Pagamento;Conglomerado; ;BCO DO EST. DO PA S.A. (conglomerado);Descumprimento do horário de funcionamento das instituições financeiras;0;
2026;2º;Demais Bancos, Financeiras e Instituições de Pagamento;Conglomerado; ;BCO DO EST. DO PA S.A. (conglomerado);Débito em conta de pagamento pré-paga não autorizado pelo cliente, ou não cumprimento das regras aplicáveis;6;
2026;2º;Demais Bancos, Financeiras e Instituições de Pagamento;Conglomerado; ;BCO DO EST. DO PA S.A. (conglomerado);Débito em conta não autorizado pelo cliente, ou não cumprimento das regras aplicáveis;24;
2026;2º;Demais Bancos, Financeiras e Instituições de Pagamento;Conglomerado; ;BCO DO EST. DO PA S.A. (conglomerado);Débito em conta-salário não autorizado pelo cliente, ou não cumprimento das regras aplicáveis;13;
2026;2º;Demais Bancos, Financeiras e Instituições de Pagamento;Conglomerado; ;BCO DO EST. DO PA S.A. (conglomerado);Inclusão de dados incorretos no CCS (Cadastro de Clientes do Sistema Financeiro Nacional);2;
2026;2º;Demais Bancos, Financeiras e Instituições de Pagamento;Conglomerado; ;BCO DO EST. DO PA S.A. (conglomerado);Insatisfação com a resposta recebida da instituição financeira referente à reclamação registrada no BCB;6;
2026;2º;Demais Bancos, Financeiras e Instituições de Pagamento;Conglomerado; ;BCO DO EST. DO PA S.A. (conglomerado);Insatisfação com o atendimento prestado pelo SAC ou Central de Relacionamento;7;
2026;2º;Demais Bancos, Financeiras e Instituições de Pagamento;Conglomerado; ;BCO DO EST. DO PA S.A. (conglomerado);Irregularidades no processo de encerramento de conta de depósitos à vista;0;
2026;2º;Demais Bancos, Financeiras e Instituições de Pagamento;Conglomerado; ;BCO DO EST. DO PA S.A. (conglomerado);Irregularidades relacionadas a informações e liquidação de valores a receber no sistema SVR do BCB por parte de instituições financeiras;0;
2026;2º;Demais Bancos, Financeiras e Instituições de Pagamento;Conglomerado; ;BCO DO EST. DO PA S.A. (conglomerado);Irregularidades relacionadas ao atendimento da Ouvidoria;0;
2026;2º;Demais Bancos, Financeiras e Instituições de Pagamento;Conglomerado; ;BCO DO EST. DO PA S.A. (conglomerado);Irregularidades relacionadas ao fornecimento de documento para liquidação antecipada de operações de crédito;2;
2026;2º;Demais Bancos, Financeiras e Instituições de Pagamento;Conglomerado; ;BCO DO EST. DO PA S.A. (conglomerado);Irregularidades relacionadas ao fornecimento de documentos relativos a cartão de crédito;0;
2026;2º;Demais Bancos, Financeiras e Instituições de Pagamento;Conglomerado; ;BCO DO EST. DO PA S.A. (conglomerado);Irregularidades relacionadas ao fornecimento de documentos relativos a conta;0;
2026;2º;Demais Bancos, Financeiras e Instituições de Pagamento;Conglomerado; ;BCO DO EST. DO PA S.A. (conglomerado);Irregularidades relacionadas ao fornecimento de documentos relativos a operação de crédito, exceto para liquidação antecipada e descritivo do crédito.;4;
2026;2º;Demais Bancos, Financeiras e Instituições de Pagamento;Conglomerado; ;BCO DO EST. DO PA S.A. (conglomerado);Irregularidades relacionadas ao fornecimento de informações relativas a operação de crédito contratada (DDC);9;
2026;2º;Demais Bancos, Financeiras e Instituições de Pagamento;Conglomerado; ;BCO DO EST. DO PA S.A. (conglomerado);Irregularidades relacionadas ao Sistema de Informações de Crédito do Banco Central (SCR);2;
2026;2º;Demais Bancos, Financeiras e Instituições de Pagamento;Conglomerado; ;BCO DO EST. DO PA S.A. (conglomerado);Irregularidades relativas a integridade, confiabilidade, segurança, sigilo ou legitimidade das operações e serviços disponibilizados em ATM;4;
2026;2º;Demais Bancos, Financeiras e Instituições de Pagamento;Conglomerado; ;BCO DO EST. DO PA S.A. (conglomerado);Irregularidades relativas a integridade, confiabilidade, segurança, sigilo ou legitimidade das operações e serviços disponibilizados em internet banking;11;
2026;2º;Demais Bancos, Financeiras e Instituições de Pagamento;Conglomerado; ;BCO DO EST. DO PA S.A. (conglomerado);Irregularidades relativas a integridade, confiabilidade, segurança, sigilo ou legitimidade das operações e serviços relacionados a cartões de débito;2;
2026;2º;Demais Bancos, Financeiras e Instituições de Pagamento;Conglomerado; ;BCO DO EST. DO PA S.A. (conglomerado);Irregularidades relativas a integridade, confiabilidade, segurança, sigilo ou legitimidade das operações e serviços, exceto as relacionadas a cartão de crédito, cartão de débito, internet banking, ATM, credenciadora e operação de crédito;0;
2026;2º;Demais Bancos, Financeiras e Instituições de Pagamento;Conglomerado; ;BCO DO EST. DO PA S.A. (conglomerado);Irregularidades relativas a integridade, confiabilidade, segurança, sigilo ou legitimidade dos serviços relacionados a operações de crédito consignado;0;
2026;2º;Demais Bancos, Financeiras e Instituições de Pagamento;Conglomerado; ;BCO DO EST. DO PA S.A. (conglomerado);Irregularidades relativas a integridade, confiabilidade, segurança, sigilo ou legitimidade dos serviços relacionados a operações de crédito, exceto consignado;4;
2026;2º;Demais Bancos, Financeiras e Instituições de Pagamento;Conglomerado; ;BCO DO EST. DO PA S.A. (conglomerado);Irregularidades relativas a operações de crédito de saldo devedor de fatura de cartão de crédito (rotativo e parcelamento) e respectiva cobrança de encargos;11;
2026;2º;Demais Bancos, Financeiras e Instituições de Pagamento;Conglomerado; ;BCO DO EST. DO PA S.A. (conglomerado);Juros e preços;0;
2026;2º;Demais Bancos, Financeiras e Instituições de Pagamento;Conglomerado; ;BCO DO EST. DO PA S.A. (conglomerado);Limites de transação;2;
2026;2º;Demais Bancos, Financeiras e Instituições de Pagamento;Conglomerado; ;BCO DO EST. DO PA S.A. (conglomerado);Não acatamento de solicitação de cancelamento de débitos automáticos em conta de pagamento pré-paga, ou não cumprimento das regras aplicáveis;0;
2026;2º;Demais Bancos, Financeiras e Instituições de Pagamento;Conglomerado; ;BCO DO EST. DO PA S.A. (conglomerado);Não acatamento de solicitação de cancelamento de débitos automáticos em conta ou não cumprimento das regras aplicáveis;15;
2026;2º;Demais Bancos, Financeiras e Instituições de Pagamento;Conglomerado; ;BCO DO EST. DO PA S.A. (conglomerado);Não acatamento de solicitação de cancelamento de débitos automáticos em conta-salário ou não cumprimento das regras aplicáveis;0;
2026;2º;Demais Bancos, Financeiras e Instituições de Pagamento;Conglomerado; ;BCO DO EST. DO PA S.A. (conglomerado);Oferta ou prestação de informação sobre a conta ou serviços acessórios de forma inadequada ;6;
2026;2º;Demais Bancos, Financeiras e Instituições de Pagamento;Conglomerado; ;BCO DO EST. DO PA S.A. (conglomerado);Oferta ou prestação de informação sobre crédito consignado de forma inadequada;0;
2026;2º;Demais Bancos, Financeiras e Instituições de Pagamento;Conglomerado; ;BCO DO EST. DO PA S.A. (conglomerado);Oferta ou prestação de informação sobre operação de crédito de forma inadequada, exceto crédito consignado;2;
2026;2º;Demais Bancos, Financeiras e Instituições de Pagamento;Conglomerado; ;BCO DO EST. DO PA S.A. (conglomerado);Oferta ou prestação de informação sobre produtos e serviços de forma inadequada, exceto as relacionadas a cartão de crédito, conta e serviços acessórios, credenciadora de cartão e operação de crédito;4;
2026;2º;Demais Bancos, Financeiras e Instituições de Pagamento;Conglomerado; ;BCO DO EST. DO PA S.A. (conglomerado);Pix  - chaves;0;
2026;2º;Demais Bancos, Financeiras e Instituições de Pagamento;Conglomerado; ;BCO DO EST. DO PA S.A. (conglomerado);Pix - Dificuldade para solicitar ou realizar devolução;6;
2026;2º;Demais Bancos, Financeiras e Instituições de Pagamento;Conglomerado; ;BCO DO EST. DO PA S.A. (conglomerado);Prestação de serviço de forma irregular em conta-salário;9;
2026;2º;Demais Bancos, Financeiras e Instituições de Pagamento;Conglomerado; ;BCO DO EST. DO PA S.A. (conglomerado);Reclamações relacionadas a assuntos diversos;0;
2026;2º;Demais Bancos, Financeiras e Instituições de Pagamento;Conglomerado; ;BCO DO EST. DO PA S.A. (conglomerado);Recusa de cancelamento de pacote de serviços;4;
2026;2º;Demais Bancos, Financeiras e Instituições de Pagamento;Conglomerado; ;BCO DO EST. DO PA S.A. (conglomerado);Recusa de produtos ou serviços;0;
2026;2º;Demais Bancos, Financeiras e Instituições de Pagamento;Conglomerado; ;BCO DO EST. DO PA S.A. (conglomerado);Renegociação de dívida (exceto cartão de crédito);0;
2026;2º;Demais Bancos, Financeiras e Instituições de Pagamento;Conglomerado; ;BCO DO EST. DO PA S.A. (conglomerado);Restrição à realização de portabilidade de operações de crédito consignado relativas a pessoas naturais;0;
2026;2º;Demais Bancos, Financeiras e Instituições de Pagamento;Conglomerado; ;BCO DO EST. DO PA S.A. (conglomerado);Restrições cadastrais;0;
2026;2º;Demais Bancos, Financeiras e Instituições de Pagamento;Conglomerado; ;BCO DO EST. DO PA S.A. (conglomerado);Transações não reconhecidas pelo titular da conta, realizadas por terceiros (invasão de conta) em instituições financeiras;2;
2026;2º;Demais Bancos, Financeiras e Instituições de Pagamento;Conglomerado; ;BCO DO EST. DO PA S.A. (conglomerado);Utilização incorreta da taxa de desconto no cálculo do valor presente relacionadas às operações de crédito consignado;0;
2026;2º;Demais Bancos, Financeiras e Instituições de Pagamento;Conglomerado; ;BCO DO NORDESTE DO BRASIL S.A. (conglomerado);Abertura de conta de depósito com documentação ausente, insuficiente ou falsa;0;
2026;2º;Demais Bancos, Financeiras e Instituições de Pagamento;Conglomerado; ;BCO DO NORDESTE DO BRASIL S.A. (conglomerado);Bloqueio de valores ou de conta fora do âmbito do Pix;0;
2026;2º;Demais Bancos, Financeiras e Instituições de Pagamento;Conglomerado; ;BCO DO NORDESTE DO BRASIL S.A. (conglomerado);Cancelamento de contrato a pedido do cliente não atendido por instituição financeira;2;
2026;2º;Demais Bancos, Financeiras e Instituições de Pagamento;Conglomerado; ;BCO DO NORDESTE DO BRASIL S.A. (conglomerado);Cobrança irregular de tarifa relacionada a conta ou serviços acessórios à conta;0;
2026;2º;Demais Bancos, Financeiras e Instituições de Pagamento;Conglomerado; ;BCO DO NORDESTE DO BRASIL S.A. (conglomerado);Cobranças diversas;0;
2026;2º;Demais Bancos, Financeiras e Instituições de Pagamento;Conglomerado; ;BCO DO NORDESTE DO BRASIL S.A. (conglomerado);Concessão de crédito (exceto consignado) sem a formalização do título adequado;0;
2026;2º;Demais Bancos, Financeiras e Instituições de Pagamento;Conglomerado; ;BCO DO NORDESTE DO BRASIL S.A. (conglomerado);Descumprimento de ordem judicial;0;
2026;2º;Demais Bancos, Financeiras e Instituições de Pagamento;Conglomerado; ;BCO DO NORDESTE DO BRASIL S.A. (conglomerado);Descumprimento de prazo de resposta da reclamação registrada no BCB;0;
2026;2º;Demais Bancos, Financeiras e Instituições de Pagamento;Conglomerado; ;BCO DO NORDESTE DO BRASIL S.A. (conglomerado);Descumprimento do horário de funcionamento das instituições financeiras;0;
2026;2º;Demais Bancos, Financeiras e Instituições de Pagamento;Conglomerado; ;BCO DO NORDESTE DO BRASIL S.A. (conglomerado);Débito em conta não autorizado pelo cliente, ou não cumprimento das regras aplicáveis;2;
2026;2º;Demais Bancos, Financeiras e Instituições de Pagamento;Conglomerado; ;BCO DO NORDESTE DO BRASIL S.A. (conglomerado);Inclusão de dados incorretos no CCS (Cadastro de Clientes do Sistema Financeiro Nacional);0;
2026;2º;Demais Bancos, Financeiras e Instituições de Pagamento;Conglomerado; ;BCO DO NORDESTE DO BRASIL S.A. (conglomerado);Insatisfação com a resposta recebida da instituição financeira referente à reclamação registrada no BCB;4;
2026;2º;Demais Bancos, Financeiras e Instituições de Pagamento;Conglomerado; ;BCO DO NORDESTE DO BRASIL S.A. (conglomerado);Insatisfação com o atendimento prestado pelo SAC ou Central de Relacionamento;0;
2026;2º;Demais Bancos, Financeiras e Instituições de Pagamento;Conglomerado; ;BCO DO NORDESTE DO BRASIL S.A. (conglomerado);Irregularidades no processo de encerramento de conta de depósitos à vista;0;
2026;2º;Demais Bancos, Financeiras e Instituições de Pagamento;Conglomerado; ;BCO DO NORDESTE DO BRASIL S.A. (conglomerado);Irregularidades relacionadas ao acompanhamento de conta;0;
2026;2º;Demais Bancos, Financeiras e Instituições de Pagamento;Conglomerado; ;BCO DO NORDESTE DO BRASIL S.A. (conglomerado);Irregularidades relacionadas ao fornecimento de documentos relativos a conta;0;
2026;2º;Demais Bancos, Financeiras e Instituições de Pagamento;Conglomerado; ;BCO DO NORDESTE DO BRASIL S.A. (conglomerado);Irregularidades relacionadas ao fornecimento de documentos relativos a operação de crédito, exceto para liquidação antecipada e descritivo do crédito.;0;
2026;2º;Demais Bancos, Financeiras e Instituições de Pagamento;Conglomerado; ;BCO DO NORDESTE DO BRASIL S.A. (conglomerado);Irregularidades relacionadas ao fornecimento de informações relativas a operação de crédito contratada (DDC);0;
2026;2º;Demais Bancos, Financeiras e Instituições de Pagamento;Conglomerado; ;BCO DO NORDESTE DO BRASIL S.A. (conglomerado);Irregularidades relacionadas ao fornecimento de outros documentos, exceto os relativos a cartão de crédito, conta e operação de crédito;2;
2026;2º;Demais Bancos, Financeiras e Instituições de Pagamento;Conglomerado; ;BCO DO NORDESTE DO BRASIL S.A. (conglomerado);Irregularidades relacionadas ao Sistema de Informações de Crédito do Banco Central (SCR);0;
2026;2º;Demais Bancos, Financeiras e Instituições de Pagamento;Conglomerado; ;BCO DO NORDESTE DO BRASIL S.A. (conglomerado);Irregularidades relativas a integridade, confiabilidade, segurança, sigilo ou legitimidade das operações e serviços disponibilizados em internet banking;2;
2026;2º;Demais Bancos, Financeiras e Instituições de Pagamento;Conglomerado; ;BCO DO NORDESTE DO BRASIL S.A. (conglomerado);Irregularidades relativas a integridade, confiabilidade, segurança, sigilo ou legitimidade das operações e serviços relacionados a cartões de crédito;0;
2026;2º;Demais Bancos, Financeiras e Instituições de Pagamento;Conglomerado; ;BCO DO NORDESTE DO BRASIL S.A. (conglomerado);Irregularidades relativas a integridade, confiabilidade, segurança, sigilo ou legitimidade das operações e serviços, exceto as relacionadas a cartão de crédito, cartão de débito, internet banking, ATM, credenciadora e operação de crédito;0;
2026;2º;Demais Bancos, Financeiras e Instituições de Pagamento;Conglomerado; ;BCO DO NORDESTE DO BRASIL S.A. (conglomerado);Irregularidades relativas a integridade, confiabilidade, segurança, sigilo ou legitimidade dos serviços relacionados a operações de crédito consignado;0;
2026;2º;Demais Bancos, Financeiras e Instituições de Pagamento;Conglomerado; ;BCO DO NORDESTE DO BRASIL S.A. (conglomerado);Irregularidades relativas a integridade, confiabilidade, segurança, sigilo ou legitimidade dos serviços relacionados a operações de crédito, exceto consignado;2;
2026;2º;Demais Bancos, Financeiras e Instituições de Pagamento;Conglomerado; ;BCO DO NORDESTE DO BRASIL S.A. (conglomerado);Irregularidades relativas a operações de crédito de saldo devedor de fatura de cartão de crédito (rotativo e parcelamento) e respectiva cobrança de encargos;0;
2026;2º;Demais Bancos, Financeiras e Instituições de Pagamento;Conglomerado; ;BCO DO NORDESTE DO BRASIL S.A. (conglomerado);Juros e preços;0;
2026;2º;Demais Bancos, Financeiras e Instituições de Pagamento;Conglomerado; ;BCO DO NORDESTE DO BRASIL S.A. (conglomerado);Não acatamento de solicitação de cancelamento de débitos automáticos em conta ou não cumprimento das regras aplicáveis;0;
2026;2º;Demais Bancos, Financeiras e Instituições de Pagamento;Conglomerado; ;BCO DO NORDESTE DO BRASIL S.A. (conglomerado);Oferta ou prestação de informação sobre o cartão de crédito de forma inadequada ;0;
2026;2º;Demais Bancos, Financeiras e Instituições de Pagamento;Conglomerado; ;BCO DO NORDESTE DO BRASIL S.A. (conglomerado);Oferta ou prestação de informação sobre operação de crédito de forma inadequada, exceto crédito consignado;2;
2026;2º;Demais Bancos, Financeiras e Instituições de Pagamento;Conglomerado; ;BCO DO NORDESTE DO BRASIL S.A. (conglomerado);Oferta ou prestação de informação sobre produtos e serviços de forma inadequada, exceto as relacionadas a cartão de crédito, conta e serviços acessórios, credenciadora de cartão e operação de crédito;2;
2026;2º;Demais Bancos, Financeiras e Instituições de Pagamento;Conglomerado; ;BCO DO NORDESTE DO BRASIL S.A. (conglomerado);Outras irregularidades ;0;
2026;2º;Demais Bancos, Financeiras e Instituições de Pagamento;Conglomerado; ;BCO DO NORDESTE DO BRASIL S.A. (conglomerado);Pix  - chaves;2;
2026;2º;Demais Bancos, Financeiras e Instituições de Pagamento;Conglomerado; ;BCO DO NORDESTE DO BRASIL S.A. (conglomerado);Pix - Bloqueio ou devolução de valores;0;
2026;2º;Demais Bancos, Financeiras e Instituições de Pagamento;Conglomerado; ;BCO DO NORDESTE DO BRASIL S.A. (conglomerado);Pix - Dificuldade para solicitar ou realizar devolução;2;
2026;2º;Demais Bancos, Financeiras e Instituições de Pagamento;Conglomerado; ;BCO DO NORDESTE DO BRASIL S.A. (conglomerado);Pix - liquidação;0;
2026;2º;Demais Bancos, Financeiras e Instituições de Pagamento;Conglomerado; ;BCO DO NORDESTE DO BRASIL S.A. (conglomerado);Reclamações relacionadas a assuntos diversos;0;
2026;2º;Demais Bancos, Financeiras e Instituições de Pagamento;Conglomerado; ;BCO DO NORDESTE DO BRASIL S.A. (conglomerado);Recusa de produtos ou serviços;0;
2026;2º;Demais Bancos, Financeiras e Instituições de Pagamento;Conglomerado; ;BCO DO NORDESTE DO BRASIL S.A. (conglomerado);Renegociação de dívida (exceto cartão de crédito);0;
2026;2º;Demais Bancos, Financeiras e Instituições de Pagamento;Conglomerado; ;BCO DO NORDESTE DO BRASIL S.A. (conglomerado);Restrições cadastrais;0;
2026;2º;Demais Bancos, Financeiras e Instituições de Pagamento;Conglomerado; ;BCO FIBRA S.A. (conglomerado);Insatisfação com o atendimento prestado pelo SAC ou Central de Relacionamento;4;
2026;2º;Demais Bancos, Financeiras e Instituições de Pagamento;Conglomerado; ;BCO FIBRA S.A. (conglomerado);Irregularidades relacionadas ao fornecimento de documentos relativos a operação de crédito, exceto para liquidação antecipada e descritivo do crédito.;4;
2026;2º;Demais Bancos, Financeiras e Instituições de Pagamento;Conglomerado; ;BCO FIBRA S.A. (conglomerado);Irregularidades relacionadas ao fornecimento de informações relativas a operação de crédito contratada (DDC);0;
2026;2º;Demais Bancos, Financeiras e Instituições de Pagamento;Conglomerado; ;BCO FIBRA S.A. (conglomerado);Irregularidades relacionadas ao fornecimento de outros documentos, exceto os relativos a cartão de crédito, conta e operação de crédito;4;
2026;2º;Demais Bancos, Financeiras e Instituições de Pagamento;Conglomerado; ;BCO INBURSA S.A. (conglomerado);Ausência de título adequado relativo a cartão de crédito consignado;0;
2026;2º;Demais Bancos, Financeiras e Instituições de Pagamento;Conglomerado; ;BCO INBURSA S.A. (conglomerado);Cancelamento de contrato a pedido do cliente não atendido por instituição financeira;0;
2026;2º;Demais Bancos, Financeiras e Instituições de Pagamento;Conglomerado; ;BCO INBURSA S.A. (conglomerado);Concessão de crédito consignado sem a formalização do título adequado;4;
2026;2º;Demais Bancos, Financeiras e Instituições de Pagamento;Conglomerado; ;BCO INBURSA S.A. (conglomerado);Falta de transparência na redação de documentos;4;
2026;2º;Demais Bancos, Financeiras e Instituições de Pagamento;Conglomerado; ;BCO INBURSA S.A. (conglomerado);Insatisfação com a resposta recebida da instituição financeira referente à reclamação registrada no BCB;0;
2026;2º;Demais Bancos, Financeiras e Instituições de Pagamento;Conglomerado; ;BCO INBURSA S.A. (conglomerado);Insatisfação com o atendimento prestado pelo SAC ou Central de Relacionamento;6;
2026;2º;Demais Bancos, Financeiras e Instituições de Pagamento;Conglomerado; ;BCO INBURSA S.A. (conglomerado);Irregularidades relacionadas a informações e liquidação de valores a receber no sistema SVR do BCB por parte de instituições financeiras;8;
2026;2º;Demais Bancos, Financeiras e Instituições de Pagamento;Conglomerado; ;BCO INBURSA S.A. (conglomerado);Irregularidades relacionadas ao fornecimento de documento para liquidação antecipada de operações de crédito;8;
2026;2º;Demais Bancos, Financeiras e Instituições de Pagamento;Conglomerado; ;BCO INBURSA S.A. (conglomerado);Irregularidades relacionadas ao fornecimento de documentos relativos a operação de crédito, exceto para liquidação antecipada e descritivo do crédito.;4;
2026;2º;Demais Bancos, Financeiras e Instituições de Pagamento;Conglomerado; ;BCO INBURSA S.A. (conglomerado);Irregularidades relacionadas ao fornecimento de informações relativas a operação de crédito contratada (DDC);2;
2026;2º;Demais Bancos, Financeiras e Instituições de Pagamento;Conglomerado; ;BCO INBURSA S.A. (conglomerado);Irregularidades relacionadas ao Sistema de Informações de Crédito do Banco Central (SCR);2;
2026;2º;Demais Bancos, Financeiras e Instituições de Pagamento;Conglomerado; ;BCO INBURSA S.A. (conglomerado);Irregularidades relativas a integridade, confiabilidade, segurança, sigilo ou legitimidade das operações e serviços disponibilizados em internet banking;0;
2026;2º;Demais Bancos, Financeiras e Instituições de Pagamento;Conglomerado; ;BCO INBURSA S.A. (conglomerado);Irregularidades relativas a integridade, confiabilidade, segurança, sigilo ou legitimidade das operações e serviços relacionados a cartões de crédito;0;
2026;2º;Demais Bancos, Financeiras e Instituições de Pagamento;Conglomerado; ;BCO INBURSA S.A. (conglomerado);Irregularidades relativas a integridade, confiabilidade, segurança, sigilo ou legitimidade das operações e serviços, exceto as relacionadas a cartão de crédito, cartão de débito, internet banking, ATM, credenciadora e operação de crédito;2;
2026;2º;Demais Bancos, Financeiras e Instituições de Pagamento;Conglomerado; ;BCO INBURSA S.A. (conglomerado);Irregularidades relativas a integridade, confiabilidade, segurança, sigilo ou legitimidade dos serviços relacionados a operações de crédito consignado;62;
2026;2º;Demais Bancos, Financeiras e Instituições de Pagamento;Conglomerado; ;BCO INBURSA S.A. (conglomerado);Irregularidades relativas a telemarketing, SMS ou Whatsapp com oferta de produtos e serviços;0;
2026;2º;Demais Bancos, Financeiras e Instituições de Pagamento;Conglomerado; ;BCO INBURSA S.A. (conglomerado);Juros e preços;0;
2026;2º;Demais Bancos, Financeiras e Instituições de Pagamento;Conglomerado; ;BCO INBURSA S.A. (conglomerado);Oferta ou prestação de informação sobre crédito consignado de forma inadequada;17;
2026;2º;Demais Bancos, Financeiras e Instituições de Pagamento;Conglomerado; ;BCO INBURSA S.A. (conglomerado);Oferta ou prestação de informação sobre operação de crédito de forma inadequada, exceto crédito consignado;2;
2026;2º;Demais Bancos, Financeiras e Instituições de Pagamento;Conglomerado; ;BCO INBURSA S.A. (conglomerado);Oferta ou prestação de informação sobre produtos e serviços de forma inadequada, exceto as relacionadas a cartão de crédito, conta e serviços acessórios, credenciadora de cartão e operação de crédito;0;
2026;2º;Demais Bancos, Financeiras e Instituições de Pagamento;Conglomerado; ;BCO INBURSA S.A. (conglomerado);Reclamações relacionadas a assuntos diversos;0;
2026;2º;Demais Bancos, Financeiras e Instituições de Pagamento;Conglomerado; ;BCO INBURSA S.A. (conglomerado);Recusa de produtos ou serviços;0;
2026;2º;Demais Bancos, Financeiras e Instituições de Pagamento;Conglomerado; ;BCO INBURSA S.A. (conglomerado);Renegociação de dívida (exceto cartão de crédito);0;
2026;2º;Demais Bancos, Financeiras e Instituições de Pagamento;Conglomerado; ;BCO INBURSA S.A. (conglomerado);Restrição à realização de portabilidade de operações de crédito consignado relativas a pessoas naturais;12;
2026;2º;Demais Bancos, Financeiras e Instituições de Pagamento;Conglomerado; ;BCO KDB BRASIL S.A. (conglomerado);Irregularidades relacionadas ao fornecimento de informações relativas a operação de crédito contratada (DDC);0;
2026;2º;Demais Bancos, Financeiras e Instituições de Pagamento;Conglomerado; ;BCO TOYOTA DO BRASIL S.A. (conglomerado);Cobrança irregular de tarifa em operação de crédito;1;
2026;2º;Demais Bancos, Financeiras e Instituições de Pagamento;Conglomerado; ;BCO TOYOTA DO BRASIL S.A. (conglomerado);Cobranças diversas;0;
2026;2º;Demais Bancos, Financeiras e Instituições de Pagamento;Conglomerado; ;BCO TOYOTA DO BRASIL S.A. (conglomerado);Dificuldade na liberação ou substituição de bem;0;
2026;2º;Demais Bancos, Financeiras e Instituições de Pagamento;Conglomerado; ;BCO TOYOTA DO BRASIL S.A. (conglomerado);Irregularidades relacionadas ao fornecimento de documentos relativos a operação de crédito, exceto para liquidação antecipada e descritivo do crédito.;0;
2026;2º;Demais Bancos, Financeiras e Instituições de Pagamento;Conglomerado; ;BCO TOYOTA DO BRASIL S.A. (conglomerado);Irregularidades relacionadas ao fornecimento de informações relativas a operação de crédito contratada (DDC);0;
2026;2º;Demais Bancos, Financeiras e Instituições de Pagamento;Conglomerado; ;BCO TOYOTA DO BRASIL S.A. (conglomerado);Irregularidades relacionadas ao Sistema de Informações de Crédito do Banco Central (SCR);0;
2026;2º;Demais Bancos, Financeiras e Instituições de Pagamento;Conglomerado; ;BCO TOYOTA DO BRASIL S.A. (conglomerado);Irregularidades relativas a integridade, confiabilidade, segurança, sigilo ou legitimidade dos serviços relacionados a operações de crédito, exceto consignado;1;
2026;2º;Demais Bancos, Financeiras e Instituições de Pagamento;Conglomerado; ;BCO TOYOTA DO BRASIL S.A. (conglomerado);Juros e preços;0;
2026;2º;Demais Bancos, Financeiras e Instituições de Pagamento;Conglomerado; ;BCO TOYOTA DO BRASIL S.A. (conglomerado);Oferta ou prestação de informação sobre operação de crédito de forma inadequada, exceto crédito consignado;1;
2026;2º;Demais Bancos, Financeiras e Instituições de Pagamento;Conglomerado; ;BCO TOYOTA DO BRASIL S.A. (conglomerado);Oferta ou prestação de informação sobre produtos e serviços de forma inadequada, exceto as relacionadas a cartão de crédito, conta e serviços acessórios, credenciadora de cartão e operação de crédito;0;
2026;2º;Demais Bancos, Financeiras e Instituições de Pagamento;Conglomerado; ;BCO TOYOTA DO BRASIL S.A. (conglomerado);Reclamações relacionadas a assuntos diversos;0;
2026;2º;Demais Bancos, Financeiras e Instituições de Pagamento;Conglomerado; ;BCO TOYOTA DO BRASIL S.A. (conglomerado);Renegociação de dívida (exceto cartão de crédito);0;
2026;2º;Demais Bancos, Financeiras e Instituições de Pagamento;Conglomerado; ;BCO TOYOTA DO BRASIL S.A. (conglomerado);Utilização incorreta da taxa de desconto no cálculo do valor presente relacionadas às demais operações de crédito, exceto as de crédito consignado e de financiamento imobiliário;0;
2026;2º;Demais Bancos, Financeiras e Instituições de Pagamento;Conglomerado; ;BCO TRIANGULO S.A. (conglomerado);Ausência de título adequado relativo a cartão de crédito;2;
2026;2º;Demais Bancos, Financeiras e Instituições de Pagamento;Conglomerado; ;BCO TRIANGULO S.A. (conglomerado);Bloqueio de valores ou de conta fora do âmbito do Pix;2;
2026;2º;Demais Bancos, Financeiras e Instituições de Pagamento;Conglomerado; ;BCO TRIANGULO S.A. (conglomerado);Cancelamento de contrato a pedido do cliente não atendido por instituição financeira;0;
2026;2º;Demais Bancos, Financeiras e Instituições de Pagamento;Conglomerado; ;BCO TRIANGULO S.A. (conglomerado);Cobrança irregular de tarifa relacionada ao cartão de crédito;0;
2026;2º;Demais Bancos, Financeiras e Instituições de Pagamento;Conglomerado; ;BCO TRIANGULO S.A. (conglomerado);Cobranças diversas;0;
2026;2º;Demais Bancos, Financeiras e Instituições de Pagamento;Conglomerado; ;BCO TRIANGULO S.A. (conglomerado);Insatisfação com a resposta recebida da instituição financeira referente à reclamação registrada no BCB;0;
2026;2º;Demais Bancos, Financeiras e Instituições de Pagamento;Conglomerado; ;BCO TRIANGULO S.A. (conglomerado);Insatisfação com o atendimento prestado pelo SAC ou Central de Relacionamento;2;
2026;2º;Demais Bancos, Financeiras e Instituições de Pagamento;Conglomerado; ;BCO TRIANGULO S.A. (conglomerado);Irregularidades no processo de encerramento de conta de depósitos à vista;0;
2026;2º;Demais Bancos, Financeiras e Instituições de Pagamento;Conglomerado; ;BCO TRIANGULO S.A. (conglomerado);Irregularidades relacionadas a informações e liquidação de valores a receber no sistema SVR do BCB por parte de instituições financeiras;0;
2026;2º;Demais Bancos, Financeiras e Instituições de Pagamento;Conglomerado; ;BCO TRIANGULO S.A. (conglomerado);Irregularidades relacionadas ao fornecimento de documento para liquidação antecipada de operações de crédito;0;
2026;2º;Demais Bancos, Financeiras e Instituições de Pagamento;Conglomerado; ;BCO TRIANGULO S.A. (conglomerado);Irregularidades relacionadas ao fornecimento de documentos relativos a cartão de crédito;0;
2026;2º;Demais Bancos, Financeiras e Instituições de Pagamento;Conglomerado; ;BCO TRIANGULO S.A. (conglomerado);Irregularidades relacionadas ao fornecimento de documentos relativos a conta;0;
2026;2º;Demais Bancos, Financeiras e Instituições de Pagamento;Conglomerado; ;BCO TRIANGULO S.A. (conglomerado);Irregularidades relacionadas ao fornecimento de informações relativas a operação de crédito contratada (DDC);0;
2026;2º;Demais Bancos, Financeiras e Instituições de Pagamento;Conglomerado; ;BCO TRIANGULO S.A. (conglomerado);Irregularidades relacionadas ao Sistema de Informações de Crédito do Banco Central (SCR);0;
2026;2º;Demais Bancos, Financeiras e Instituições de Pagamento;Conglomerado; ;BCO TRIANGULO S.A. (conglomerado);Irregularidades relativas a integridade, confiabilidade, segurança, sigilo ou legitimidade das operações e serviços relacionados a cartões de crédito;5;
2026;2º;Demais Bancos, Financeiras e Instituições de Pagamento;Conglomerado; ;BCO TRIANGULO S.A. (conglomerado);Irregularidades relativas a operações de crédito de saldo devedor de fatura de cartão de crédito (rotativo e parcelamento) e respectiva cobrança de encargos;2;
2026;2º;Demais Bancos, Financeiras e Instituições de Pagamento;Conglomerado; ;BCO TRIANGULO S.A. (conglomerado);Reclamações relacionadas a assuntos diversos;0;
2026;2º;Demais Bancos, Financeiras e Instituições de Pagamento;Conglomerado; ;BCO TRIANGULO S.A. (conglomerado);Recusa de produtos ou serviços;0;
2026;2º;Demais Bancos, Financeiras e Instituições de Pagamento;Conglomerado; ;BCO TRIANGULO S.A. (conglomerado);Renegociação de dívida (exceto cartão de crédito);0;
2026;2º;Demais Bancos, Financeiras e Instituições de Pagamento;Conglomerado; ;BCO TRIANGULO S.A. (conglomerado);Restrições cadastrais;0;
2026;2º;Demais Bancos, Financeiras e Instituições de Pagamento;Conglomerado; ;BK IP (conglomerado);Irregularidades no processo de encerramento de conta de pagamento - instituição de pagamento;4;
2026;2º;Demais Bancos, Financeiras e Instituições de Pagamento;Conglomerado; ;BK IP (conglomerado);Irregularidades relacionadas ao Sistema de Informações de Crédito do Banco Central (SCR) - instituição de pagamento;0;
2026;2º;Demais Bancos, Financeiras e Instituições de Pagamento;Conglomerado; ;BK IP (conglomerado);Irregularidades relativas a integridade, confiabilidade, segurança, sigilo ou legitimidade das operações e serviços prestados relacionados a conta de pagamento pré-paga - instituição de pagamento;4;
2026;2º;Demais Bancos, Financeiras e Instituições de Pagamento;Conglomerado; ;BK IP (conglomerado);Oferta ou prestação de informação a respeito de produtos e serviços de forma inadequada para conta de pagamento pré-paga - instituição de pagamento;4;
2026;2º;Demais Bancos, Financeiras e Instituições de Pagamento;Conglomerado; ;BMG (conglomerado);Abertura de conta de depósito com documentação ausente, insuficiente ou falsa;0;
2026;2º;Demais Bancos, Financeiras e Instituições de Pagamento;Conglomerado; ;BMG (conglomerado);Ausência de título adequado relativo a cartão de crédito;0;
2026;2º;Demais Bancos, Financeiras e Instituições de Pagamento;Conglomerado; ;BMG (conglomerado);Ausência de título adequado relativo a cartão de crédito consignado;30;
2026;2º;Demais Bancos, Financeiras e Instituições de Pagamento;Conglomerado; ;BMG (conglomerado);Bloqueio de valores ou de conta fora do âmbito do Pix;5;
2026;2º;Demais Bancos, Financeiras e Instituições de Pagamento;Conglomerado; ;BMG (conglomerado);Cancelamento de contrato a pedido do cliente não atendido por instituição financeira;10;
2026;2º;Demais Bancos, Financeiras e Instituições de Pagamento;Conglomerado; ;BMG (conglomerado);Cobrança irregular de tarifa relacionada a conta ou serviços acessórios à conta;0;
2026;2º;Demais Bancos, Financeiras e Instituições de Pagamento;Conglomerado; ;BMG (conglomerado);Cobrança irregular de tarifa relacionada ao cartão de crédito;5;
2026;2º;Demais Bancos, Financeiras e Instituições de Pagamento;Conglomerado; ;BMG (conglomerado);Cobranças diversas;0;
2026;2º;Demais Bancos, Financeiras e Instituições de Pagamento;Conglomerado; ;BMG (conglomerado);Concessão de crédito (exceto consignado) sem a formalização do título adequado;30;
2026;2º;Demais Bancos, Financeiras e Instituições de Pagamento;Conglomerado; ;BMG (conglomerado);Concessão de crédito consignado sem a formalização do título adequado;5;
2026;2º;Demais Bancos, Financeiras e Instituições de Pagamento;Conglomerado; ;BMG (conglomerado);Descumprimento de ordem judicial;0;
2026;2º;Demais Bancos, Financeiras e Instituições de Pagamento;Conglomerado; ;BMG (conglomerado);Descumprimento de prazo de resposta da reclamação registrada no BCB;0;
2026;2º;Demais Bancos, Financeiras e Instituições de Pagamento;Conglomerado; ;BMG (conglomerado);Débito em conta não autorizado pelo cliente, ou não cumprimento das regras aplicáveis;5;
2026;2º;Demais Bancos, Financeiras e Instituições de Pagamento;Conglomerado; ;BMG (conglomerado);Débito em conta-salário não autorizado pelo cliente, ou não cumprimento das regras aplicáveis;0;
2026;2º;Demais Bancos, Financeiras e Instituições de Pagamento;Conglomerado; ;BMG (conglomerado);Dificuldade na liberação ou substituição de bem;0;
2026;2º;Demais Bancos, Financeiras e Instituições de Pagamento;Conglomerado; ;BMG (conglomerado);Falta de transparência na redação de documentos;5;
2026;2º;Demais Bancos, Financeiras e Instituições de Pagamento;Conglomerado; ;BMG (conglomerado);Insatisfação com a resposta recebida da instituição financeira referente à reclamação registrada no BCB;5;
2026;2º;Demais Bancos, Financeiras e Instituições de Pagamento;Conglomerado; ;BMG (conglomerado);Insatisfação com o atendimento prestado pelo SAC ou Central de Relacionamento;35;
2026;2º;Demais Bancos, Financeiras e Instituições de Pagamento;Conglomerado; ;BMG (conglomerado);Irregularidades no processo de encerramento de conta de depósitos à vista;0;
2026;2º;Demais Bancos, Financeiras e Instituições de Pagamento;Conglomerado; ;BMG (conglomerado);Irregularidades no processo de encerramento de conta de pagamento;0;
2026;2º;Demais Bancos, Financeiras e Instituições de Pagamento;Conglomerado; ;BMG (conglomerado);Irregularidades relacionadas a informações e liquidação de valores a receber no sistema SVR do BCB por parte de instituições financeiras;0;
2026;2º;Demais Bancos, Financeiras e Instituições de Pagamento;Conglomerado; ;BMG (conglomerado);Irregularidades relacionadas ao acompanhamento de conta;5;
2026;2º;Demais Bancos, Financeiras e Instituições de Pagamento;Conglomerado; ;BMG (conglomerado);Irregularidades relacionadas ao fornecimento de documento para liquidação antecipada de operações de crédito;20;
2026;2º;Demais Bancos, Financeiras e Instituições de Pagamento;Conglomerado; ;BMG (conglomerado);Irregularidades relacionadas ao fornecimento de documentos relativos a cartão de crédito;20;
2026;2º;Demais Bancos, Financeiras e Instituições de Pagamento;Conglomerado; ;BMG (conglomerado);Irregularidades relacionadas ao fornecimento de documentos relativos a conta;5;
2026;2º;Demais Bancos, Financeiras e Instituições de Pagamento;Conglomerado; ;BMG (conglomerado);Irregularidades relacionadas ao fornecimento de documentos relativos a operação de crédito, exceto para liquidação antecipada e descritivo do crédito.;5;
2026;2º;Demais Bancos, Financeiras e Instituições de Pagamento;Conglomerado; ;BMG (conglomerado);Irregularidades relacionadas ao fornecimento de informações relativas a operação de crédito contratada (DDC);5;
2026;2º;Demais Bancos, Financeiras e Instituições de Pagamento;Conglomerado; ;BMG (conglomerado);Irregularidades relacionadas ao fornecimento de outros documentos, exceto os relativos a cartão de crédito, conta e operação de crédito;5;
2026;2º;Demais Bancos, Financeiras e Instituições de Pagamento;Conglomerado; ;BMG (conglomerado);Irregularidades relacionadas ao Sistema de Informações de Crédito do Banco Central (SCR);5;
2026;2º;Demais Bancos, Financeiras e Instituições de Pagamento;Conglomerado; ;BMG (conglomerado);Irregularidades relativas a integridade, confiabilidade, segurança, sigilo ou legitimidade das operações e serviços disponibilizados em internet banking;5;
2026;2º;Demais Bancos, Financeiras e Instituições de Pagamento;Conglomerado; ;BMG (conglomerado);Irregularidades relativas a integridade, confiabilidade, segurança, sigilo ou legitimidade das operações e serviços relacionados a cartões de crédito;159;
2026;2º;Demais Bancos, Financeiras e Instituições de Pagamento;Conglomerado; ;BMG (conglomerado);Irregularidades relativas a integridade, confiabilidade, segurança, sigilo ou legitimidade das operações e serviços relacionados a cartões de débito;10;
2026;2º;Demais Bancos, Financeiras e Instituições de Pagamento;Conglomerado; ;BMG (conglomerado);Irregularidades relativas a integridade, confiabilidade, segurança, sigilo ou legitimidade das operações e serviços, exceto as relacionadas a cartão de crédito, cartão de débito, internet banking, ATM, credenciadora e operação de crédito;25;
2026;2º;Demais Bancos, Financeiras e Instituições de Pagamento;Conglomerado; ;BMG (conglomerado);Irregularidades relativas a integridade, confiabilidade, segurança, sigilo ou legitimidade dos serviços relacionados a operações de crédito consignado;35;
2026;2º;Demais Bancos, Financeiras e Instituições de Pagamento;Conglomerado; ;BMG (conglomerado);Irregularidades relativas a integridade, confiabilidade, segurança, sigilo ou legitimidade dos serviços relacionados a operações de crédito, exceto consignado;15;
2026;2º;Demais Bancos, Financeiras e Instituições de Pagamento;Conglomerado; ;BMG (conglomerado);Irregularidades relativas a operações de crédito de saldo devedor de fatura de cartão de crédito (rotativo e parcelamento) e respectiva cobrança de encargos;10;
2026;2º;Demais Bancos, Financeiras e Instituições de Pagamento;Conglomerado; ;BMG (conglomerado);Irregularidades relativas a telemarketing, SMS ou Whatsapp com oferta de produtos e serviços;0;
2026;2º;Demais Bancos, Financeiras e Instituições de Pagamento;Conglomerado; ;BMG (conglomerado);Juros e preços;0;
2026;2º;Demais Bancos, Financeiras e Instituições de Pagamento;Conglomerado; ;BMG (conglomerado);Limites de transação;0;
2026;2º;Demais Bancos, Financeiras e Instituições de Pagamento;Conglomerado; ;BMG (conglomerado);Não acatamento de solicitação de cancelamento de débitos automáticos em conta de pagamento pré-paga, ou não cumprimento das regras aplicáveis;0;
2026;2º;Demais Bancos, Financeiras e Instituições de Pagamento;Conglomerado; ;BMG (conglomerado);Não acatamento de solicitação de cancelamento de débitos automáticos em conta ou não cumprimento das regras aplicáveis;25;
2026;2º;Demais Bancos, Financeiras e Instituições de Pagamento;Conglomerado; ;BMG (conglomerado);Oferta ou prestação de informação sobre crédito consignado de forma inadequada;54;
2026;2º;Demais Bancos, Financeiras e Instituições de Pagamento;Conglomerado; ;BMG (conglomerado);Oferta ou prestação de informação sobre o cartão de crédito de forma inadequada ;188;
2026;2º;Demais Bancos, Financeiras e Instituições de Pagamento;Conglomerado; ;BMG (conglomerado);Oferta ou prestação de informação sobre operação de crédito de forma inadequada, exceto crédito consignado;45;
2026;2º;Demais Bancos, Financeiras e Instituições de Pagamento;Conglomerado; ;BMG (conglomerado);Oferta ou prestação de informação sobre produtos e serviços de forma inadequada, exceto as relacionadas a cartão de crédito, conta e serviços acessórios, credenciadora de cartão e operação de crédito;144;
2026;2º;Demais Bancos, Financeiras e Instituições de Pagamento;Conglomerado; ;BMG (conglomerado);Outras irregularidades ;0;
2026;2º;Demais Bancos, Financeiras e Instituições de Pagamento;Conglomerado; ;BMG (conglomerado);Outras irregularidades relacionadas a cartões de crédito;0;
2026;2º;Demais Bancos, Financeiras e Instituições de Pagamento;Conglomerado; ;BMG (conglomerado);Pix - Bloqueio ou devolução de valores;5;
2026;2º;Demais Bancos, Financeiras e Instituições de Pagamento;Conglomerado; ;BMG (conglomerado);Pix - diversos;0;
2026;2º;Demais Bancos, Financeiras e Instituições de Pagamento;Conglomerado; ;BMG (conglomerado);Pix - Dificuldade para solicitar ou realizar devolução;5;
2026;2º;Demais Bancos, Financeiras e Instituições de Pagamento;Conglomerado; ;BMG (conglomerado);Pix - liquidação;0;
2026;2º;Demais Bancos, Financeiras e Instituições de Pagamento;Conglomerado; ;BMG (conglomerado);Prestação de serviço de forma irregular em conta-salário;0;
2026;2º;Demais Bancos, Financeiras e Instituições de Pagamento;Conglomerado; ;BMG (conglomerado);Reclamações relacionadas a assuntos diversos;0;
2026;2º;Demais Bancos, Financeiras e Instituições de Pagamento;Conglomerado; ;BMG (conglomerado);Recusa de produtos ou serviços;0;
2026;2º;Demais Bancos, Financeiras e Instituições de Pagamento;Conglomerado; ;BMG (conglomerado);Renegociação de dívida (exceto cartão de crédito);0;
2026;2º;Demais Bancos, Financeiras e Instituições de Pagamento;Conglomerado; ;BMG (conglomerado);Restrição à realização de portabilidade de operações de crédito consignado relativas a pessoas naturais;0;
2026;2º;Demais Bancos, Financeiras e Instituições de Pagamento;Conglomerado; ;BMG (conglomerado);Restrições cadastrais;0;
2026;2º;Demais Bancos, Financeiras e Instituições de Pagamento;Conglomerado; ;BMG (conglomerado);Terminais eletrônicos, internet e aplicativos;0;
2026;2º;Demais Bancos, Financeiras e Instituições de Pagamento;Conglomerado; ;BMG (conglomerado);Transações não reconhecidas pelo titular da conta, realizadas por terceiros (invasão de conta) em instituições financeiras;5;
2026;2º;Demais Bancos, Financeiras e Instituições de Pagamento;Conglomerado; ;BMG (conglomerado);Utilização incorreta da taxa de desconto no cálculo do valor presente relacionadas às demais operações de crédito, exceto as de crédito consignado e de financiamento imobiliário;0;
2026;2º;Demais Bancos, Financeiras e Instituições de Pagamento;Conglomerado; ;BMG (conglomerado);Utilização incorreta da taxa de desconto no cálculo do valor presente relacionadas às operações de crédito consignado;5;
2026;2º;Demais Bancos, Financeiras e Instituições de Pagamento;Conglomerado; ;BNP PARIBAS (conglomerado);Abertura de conta de depósito com documentação ausente, insuficiente ou falsa;0;
2026;2º;Demais Bancos, Financeiras e Instituições de Pagamento;Conglomerado; ;BNP PARIBAS (conglomerado);Ausência de título adequado relativo a cartão de crédito consignado;1;
2026;2º;Demais Bancos, Financeiras e Instituições de Pagamento;Conglomerado; ;BNP PARIBAS (conglomerado);Cobranças diversas;0;
2026;2º;Demais Bancos, Financeiras e Instituições de Pagamento;Conglomerado; ;BNP PARIBAS (conglomerado);Concessão de crédito (exceto consignado) sem a formalização do título adequado;0;
2026;2º;Demais Bancos, Financeiras e Instituições de Pagamento;Conglomerado; ;BNP PARIBAS (conglomerado);Concessão de crédito consignado sem a formalização do título adequado;3;
2026;2º;Demais Bancos, Financeiras e Instituições de Pagamento;Conglomerado; ;BNP PARIBAS (conglomerado);Descumprimento de ordem judicial;0;
2026;2º;Demais Bancos, Financeiras e Instituições de Pagamento;Conglomerado; ;BNP PARIBAS (conglomerado);Golpe;0;
2026;2º;Demais Bancos, Financeiras e Instituições de Pagamento;Conglomerado; ;BNP PARIBAS (conglomerado);Insatisfação com a resposta recebida da instituição financeira referente à reclamação registrada no BCB;0;
2026;2º;Demais Bancos, Financeiras e Instituições de Pagamento;Conglomerado; ;BNP PARIBAS (conglomerado);Insatisfação com o atendimento prestado pelo SAC ou Central de Relacionamento;3;
2026;2º;Demais Bancos, Financeiras e Instituições de Pagamento;Conglomerado; ;BNP PARIBAS (conglomerado);Irregularidades relacionadas a informações e liquidação de valores a receber no sistema SVR do BCB por parte de instituições financeiras;0;
2026;2º;Demais Bancos, Financeiras e Instituições de Pagamento;Conglomerado; ;BNP PARIBAS (conglomerado);Irregularidades relacionadas ao fornecimento de documentos relativos a operação de crédito, exceto para liquidação antecipada e descritivo do crédito.;3;
2026;2º;Demais Bancos, Financeiras e Instituições de Pagamento;Conglomerado; ;BNP PARIBAS (conglomerado);Irregularidades relacionadas ao fornecimento de informações relativas a operação de crédito contratada (DDC);0;
2026;2º;Demais Bancos, Financeiras e Instituições de Pagamento;Conglomerado; ;BNP PARIBAS (conglomerado);Irregularidades relacionadas ao Sistema de Informações de Crédito do Banco Central (SCR);4;
2026;2º;Demais Bancos, Financeiras e Instituições de Pagamento;Conglomerado; ;BNP PARIBAS (conglomerado);Irregularidades relativas a integridade, confiabilidade, segurança, sigilo ou legitimidade das operações e serviços relacionados a cartões de crédito;7;
2026;2º;Demais Bancos, Financeiras e Instituições de Pagamento;Conglomerado; ;BNP PARIBAS (conglomerado);Irregularidades relativas a integridade, confiabilidade, segurança, sigilo ou legitimidade dos serviços relacionados a operações de crédito consignado;1;
2026;2º;Demais Bancos, Financeiras e Instituições de Pagamento;Conglomerado; ;BNP PARIBAS (conglomerado);Irregularidades relativas a integridade, confiabilidade, segurança, sigilo ou legitimidade dos serviços relacionados a operações de crédito, exceto consignado;1;
2026;2º;Demais Bancos, Financeiras e Instituições de Pagamento;Conglomerado; ;BNP PARIBAS (conglomerado);Irregularidades relativas a operações de crédito de saldo devedor de fatura de cartão de crédito (rotativo e parcelamento) e respectiva cobrança de encargos;0;
2026;2º;Demais Bancos, Financeiras e Instituições de Pagamento;Conglomerado; ;BNP PARIBAS (conglomerado);Não acatamento de solicitação de cancelamento de débitos automáticos em conta ou não cumprimento das regras aplicáveis;0;
2026;2º;Demais Bancos, Financeiras e Instituições de Pagamento;Conglomerado; ;BNP PARIBAS (conglomerado);Oferta ou prestação de informação sobre operação de crédito de forma inadequada, exceto crédito consignado;1;
2026;2º;Demais Bancos, Financeiras e Instituições de Pagamento;Conglomerado; ;BNP PARIBAS (conglomerado);Reclamações relacionadas a assuntos diversos;0;
2026;2º;Demais Bancos, Financeiras e Instituições de Pagamento;Conglomerado; ;BNP PARIBAS (conglomerado);Renegociação de dívida (exceto cartão de crédito);0;
2026;2º;Demais Bancos, Financeiras e Instituições de Pagamento;Conglomerado; ;BNP PARIBAS (conglomerado);Restrição à realização de portabilidade de operações de crédito consignado relativas a pessoas naturais;1;
2026;2º;Demais Bancos, Financeiras e Instituições de Pagamento;Conglomerado; ;BNP PARIBAS (conglomerado);Restrições cadastrais;0;
2026;2º;Top 15 - Bancos, Financeiras e Instituições de Pagamento;Conglomerado; ;BRADESCO (conglomerado);Abertura de conta de depósito com documentação ausente, insuficiente ou falsa;114;
2026;2º;Top 15 - Bancos, Financeiras e Instituições de Pagamento;Conglomerado; ;BRADESCO (conglomerado);Abertura de conta de pagamento sem documentação necessária ou com documentação falsa - instituição de pagamento;19;
2026;2º;Top 15 - Bancos, Financeiras e Instituições de Pagamento;Conglomerado; ;BRADESCO (conglomerado);Ausência de título adequado relativo a cartão de crédito;57;
2026;2º;Top 15 - Bancos, Financeiras e Instituições de Pagamento;Conglomerado; ;BRADESCO (conglomerado);Bloqueio de valores ou de conta fora do âmbito do Pix;114;
2026;2º;Top 15 - Bancos, Financeiras e Instituições de Pagamento;Conglomerado; ;BRADESCO (conglomerado);Cadastro positivo envolvendo instituição financeira;0;
2026;2º;Top 15 - Bancos, Financeiras e Instituições de Pagamento;Conglomerado; ;BRADESCO (conglomerado);Cancelamento de contrato a pedido do cliente não atendido por instituição financeira;76;
2026;2º;Top 15 - Bancos, Financeiras e Instituições de Pagamento;Conglomerado; ;BRADESCO (conglomerado);Cancelamento de contrato por iniciativa da instituição financeira;0;
2026;2º;Top 15 - Bancos, Financeiras e Instituições de Pagamento;Conglomerado; ;BRADESCO (conglomerado);Cobrança irregular de tarifa em operação de crédito;0;
2026;2º;Top 15 - Bancos, Financeiras e Instituições de Pagamento;Conglomerado; ;BRADESCO (conglomerado);Cobrança irregular de tarifa relacionada a conta ou serviços acessórios à conta;57;
2026;2º;Top 15 - Bancos, Financeiras e Instituições de Pagamento;Conglomerado; ;BRADESCO (conglomerado);Cobrança irregular de tarifa relacionada ao cartão de crédito;76;
2026;2º;Top 15 - Bancos, Financeiras e Instituições de Pagamento;Conglomerado; ;BRADESCO (conglomerado);Cobranças diversas;0;
2026;2º;Top 15 - Bancos, Financeiras e Instituições de Pagamento;Conglomerado; ;BRADESCO (conglomerado);Concessão de crédito (exceto consignado) sem a formalização do título adequado;227;
2026;2º;Top 15 - Bancos, Financeiras e Instituições de Pagamento;Conglomerado; ;BRADESCO (conglomerado);Concessão de crédito consignado sem a formalização do título adequado;38;
2026;2º;Top 15 - Bancos, Financeiras e Instituições de Pagamento;Conglomerado; ;BRADESCO (conglomerado);Descumprimento de ordem judicial;0;
2026;2º;Top 15 - Bancos, Financeiras e Instituições de Pagamento;Conglomerado; ;BRADESCO (conglomerado);Descumprimento de prazo de resposta da reclamação registrada no BCB;19;
2026;2º;Top 15 - Bancos, Financeiras e Instituições de Pagamento;Conglomerado; ;BRADESCO (conglomerado);Débito em conta de pagamento pré-paga não autorizado pelo cliente, ou não cumprimento das regras aplicáveis;19;
2026;2º;Top 15 - Bancos, Financeiras e Instituições de Pagamento;Conglomerado; ;BRADESCO (conglomerado);Débito em conta não autorizado pelo cliente, ou não cumprimento das regras aplicáveis;379;
2026;2º;Top 15 - Bancos, Financeiras e Instituições de Pagamento;Conglomerado; ;BRADESCO (conglomerado);Débito em conta-salário não autorizado pelo cliente, ou não cumprimento das regras aplicáveis;19;
2026;2º;Top 15 - Bancos, Financeiras e Instituições de Pagamento;Conglomerado; ;BRADESCO (conglomerado);Dificuldade na liberação ou substituição de bem;0;
2026;2º;Top 15 - Bancos, Financeiras e Instituições de Pagamento;Conglomerado; ;BRADESCO (conglomerado);Dificuldade para efetuar resgate antecipado de aplicação;0;
2026;2º;Top 15 - Bancos, Financeiras e Instituições de Pagamento;Conglomerado; ;BRADESCO (conglomerado);Encaminhamento de instrumentos de pagamento não solicitados;19;
2026;2º;Top 15 - Bancos, Financeiras e Instituições de Pagamento;Conglomerado; ;BRADESCO (conglomerado);Falta de transparência na redação de documentos;19;
2026;2º;Top 15 - Bancos, Financeiras e Instituições de Pagamento;Conglomerado; ;BRADESCO (conglomerado);Golpe;0;
2026;2º;Top 15 - Bancos, Financeiras e Instituições de Pagamento;Conglomerado; ;BRADESCO (conglomerado);Inclusão de dados incorretos no CCS (Cadastro de Clientes do Sistema Financeiro Nacional);0;
2026;2º;Top 15 - Bancos, Financeiras e Instituições de Pagamento;Conglomerado; ;BRADESCO (conglomerado);Insatisfação com a resposta recebida da instituição financeira referente à reclamação registrada no BCB;114;
2026;2º;Top 15 - Bancos, Financeiras e Instituições de Pagamento;Conglomerado; ;BRADESCO (conglomerado);Insatisfação com o atendimento prestado pelo SAC ou Central de Relacionamento;568;
2026;2º;Top 15 - Bancos, Financeiras e Instituições de Pagamento;Conglomerado; ;BRADESCO (conglomerado);Insatisfação com o atendimento prestado pelo SAC ou Central de Relacionamento - instituição de pagamento;19;
2026;2º;Top 15 - Bancos, Financeiras e Instituições de Pagamento;Conglomerado; ;BRADESCO (conglomerado);Integridade, confiabilidade, segurança, sigilo e legitimidade das operações e serviços  - conta de pagamento pré-paga;19;
2026;2º;Top 15 - Bancos, Financeiras e Instituições de Pagamento;Conglomerado; ;BRADESCO (conglomerado);Irregularidades envolvendo a abertura de conta-salário;0;
2026;2º;Top 15 - Bancos, Financeiras e Instituições de Pagamento;Conglomerado; ;BRADESCO (conglomerado);Irregularidades no processo de encerramento de conta de depósitos à vista;284;
2026;2º;Top 15 - Bancos, Financeiras e Instituições de Pagamento;Conglomerado; ;BRADESCO (conglomerado);Irregularidades no processo de encerramento de conta de pagamento;19;
2026;2º;Top 15 - Bancos, Financeiras e Instituições de Pagamento;Conglomerado; ;BRADESCO (conglomerado);Irregularidades no processo de encerramento de conta de pagamento - instituição de pagamento;0;
2026;2º;Top 15 - Bancos, Financeiras e Instituições de Pagamento;Conglomerado; ;BRADESCO (conglomerado);Irregularidades relacionadas a boletos de pagamento (exceto ausência de contrato com beneficiário);0;
2026;2º;Top 15 - Bancos, Financeiras e Instituições de Pagamento;Conglomerado; ;BRADESCO (conglomerado);Irregularidades relacionadas a informações e liquidação de valores a receber no sistema SVR do BCB - instituições de pagamento;0;
2026;2º;Top 15 - Bancos, Financeiras e Instituições de Pagamento;Conglomerado; ;BRADESCO (conglomerado);Irregularidades relacionadas a informações e liquidação de valores a receber no sistema SVR do BCB por parte de instituições financeiras;0;
2026;2º;Top 15 - Bancos, Financeiras e Instituições de Pagamento;Conglomerado; ;BRADESCO (conglomerado);Irregularidades relacionadas a registros no Cadastro de Emitentes de Cheques sem Fundos (CCF);0;
2026;2º;Top 15 - Bancos, Financeiras e Instituições de Pagamento;Conglomerado; ;BRADESCO (conglomerado);Irregularidades relacionadas ao acompanhamento de conta;170;
2026;2º;Top 15 - Bancos, Financeiras e Instituições de Pagamento;Conglomerado; ;BRADESCO (conglomerado);Irregularidades relacionadas ao acompanhamento de conta de pagamento;0;
2026;2º;Top 15 - Bancos, Financeiras e Instituições de Pagamento;Conglomerado; ;BRADESCO (conglomerado);Irregularidades relacionadas ao acompanhamento de conta de pagamento - instituição de pagamento;0;
2026;2º;Top 15 - Bancos, Financeiras e Instituições de Pagamento;Conglomerado; ;BRADESCO (conglomerado);Irregularidades relacionadas ao fornecimento de documento para liquidação antecipada de operações de crédito;57;
2026;2º;Top 15 - Bancos, Financeiras e Instituições de Pagamento;Conglomerado; ;BRADESCO (conglomerado);Irregularidades relacionadas ao fornecimento de documentos relativos a cartão de crédito;189;
2026;2º;Top 15 - Bancos, Financeiras e Instituições de Pagamento;Conglomerado; ;BRADESCO (conglomerado);Irregularidades relacionadas ao fornecimento de documentos relativos a conta;0;
2026;2º;Top 15 - Bancos, Financeiras e Instituições de Pagamento;Conglomerado; ;BRADESCO (conglomerado);Irregularidades relacionadas ao fornecimento de documentos relativos a operação de crédito, exceto para liquidação antecipada e descritivo do crédito.;227;
2026;2º;Top 15 - Bancos, Financeiras e Instituições de Pagamento;Conglomerado; ;BRADESCO (conglomerado);Irregularidades relacionadas ao fornecimento de informações relativas a operação de crédito contratada (DDC);303;
2026;2º;Top 15 - Bancos, Financeiras e Instituições de Pagamento;Conglomerado; ;BRADESCO (conglomerado);Irregularidades relacionadas ao fornecimento de outros documentos, exceto os relativos a cartão de crédito, conta e operação de crédito;38;
2026;2º;Top 15 - Bancos, Financeiras e Instituições de Pagamento;Conglomerado; ;BRADESCO (conglomerado);Irregularidades relacionadas ao Sistema de Informações de Crédito do Banco Central (SCR);114;
2026;2º;Top 15 - Bancos, Financeiras e Instituições de Pagamento;Conglomerado; ;BRADESCO (conglomerado);Irregularidades relacionadas à liquidação de documentos (exceto cheques);19;
2026;2º;Top 15 - Bancos, Financeiras e Instituições de Pagamento;Conglomerado; ;BRADESCO (conglomerado);Irregularidades relativas a integridade, confiabilidade, segurança, sigilo ou legitimidade das operações e serviços disponibilizados em ATM;38;
2026;2º;Top 15 - Bancos, Financeiras e Instituições de Pagamento;Conglomerado; ;BRADESCO (conglomerado);Irregularidades relativas a integridade, confiabilidade, segurança, sigilo ou legitimidade das operações e serviços disponibilizados em internet banking;625;
2026;2º;Top 15 - Bancos, Financeiras e Instituições de Pagamento;Conglomerado; ;BRADESCO (conglomerado);Irregularidades relativas a integridade, confiabilidade, segurança, sigilo ou legitimidade das operações e serviços relacionados a cartões de crédito;1364;
2026;2º;Top 15 - Bancos, Financeiras e Instituições de Pagamento;Conglomerado; ;BRADESCO (conglomerado);Irregularidades relativas a integridade, confiabilidade, segurança, sigilo ou legitimidade das operações e serviços relacionados a cartões de débito;19;
2026;2º;Top 15 - Bancos, Financeiras e Instituições de Pagamento;Conglomerado; ;BRADESCO (conglomerado);Irregularidades relativas a integridade, confiabilidade, segurança, sigilo ou legitimidade das operações e serviços, exceto as relacionadas a cartão de crédito, cartão de débito, internet banking, ATM, credenciadora e operação de crédito;189;
2026;2º;Top 15 - Bancos, Financeiras e Instituições de Pagamento;Conglomerado; ;BRADESCO (conglomerado);Irregularidades relativas a integridade, confiabilidade, segurança, sigilo ou legitimidade dos serviços relacionados a operações de crédito consignado;492;
2026;2º;Top 15 - Bancos, Financeiras e Instituições de Pagamento;Conglomerado; ;BRADESCO (conglomerado);Irregularidades relativas a integridade, confiabilidade, segurança, sigilo ou legitimidade dos serviços relacionados a operações de crédito, exceto consignado;1136;
2026;2º;Top 15 - Bancos, Financeiras e Instituições de Pagamento;Conglomerado; ;BRADESCO (conglomerado);Irregularidades relativas a operações de crédito de saldo devedor de fatura de cartão de crédito (rotativo e parcelamento) e respectiva cobrança de encargos;265;
2026;2º;Top 15 - Bancos, Financeiras e Instituições de Pagamento;Conglomerado; ;BRADESCO (conglomerado);Irregularidades relativas a telemarketing, SMS ou Whatsapp com oferta de produtos e serviços;0;
2026;2º;Top 15 - Bancos, Financeiras e Instituições de Pagamento;Conglomerado; ;BRADESCO (conglomerado);Juros e preços;0;
2026;2º;Top 15 - Bancos, Financeiras e Instituições de Pagamento;Conglomerado; ;BRADESCO (conglomerado);Limites de transação;38;
2026;2º;Top 15 - Bancos, Financeiras e Instituições de Pagamento;Conglomerado; ;BRADESCO (conglomerado);Não acatamento de solicitação de cancelamento de débitos automáticos em conta de pagamento pré-paga, ou não cumprimento das regras aplicáveis;38;
2026;2º;Top 15 - Bancos, Financeiras e Instituições de Pagamento;Conglomerado; ;BRADESCO (conglomerado);Não acatamento de solicitação de cancelamento de débitos automáticos em conta ou não cumprimento das regras aplicáveis;95;
2026;2º;Top 15 - Bancos, Financeiras e Instituições de Pagamento;Conglomerado; ;BRADESCO (conglomerado);Oferta ou prestação de informação sobre a conta ou serviços acessórios de forma inadequada ;114;
2026;2º;Top 15 - Bancos, Financeiras e Instituições de Pagamento;Conglomerado; ;BRADESCO (conglomerado);Oferta ou prestação de informação sobre crédito consignado de forma inadequada;379;
2026;2º;Top 15 - Bancos, Financeiras e Instituições de Pagamento;Conglomerado; ;BRADESCO (conglomerado);Oferta ou prestação de informação sobre o cartão de crédito de forma inadequada ;227;
2026;2º;Top 15 - Bancos, Financeiras e Instituições de Pagamento;Conglomerado; ;BRADESCO (conglomerado);Oferta ou prestação de informação sobre operação de crédito de forma inadequada, exceto crédito consignado;152;
2026;2º;Top 15 - Bancos, Financeiras e Instituições de Pagamento;Conglomerado; ;BRADESCO (conglomerado);Oferta ou prestação de informação sobre produtos e serviços de forma inadequada, exceto as relacionadas a cartão de crédito, conta e serviços acessórios, credenciadora de cartão e operação de crédito;246;
2026;2º;Top 15 - Bancos, Financeiras e Instituições de Pagamento;Conglomerado; ;BRADESCO (conglomerado);Outras irregularidades ;0;
2026;2º;Top 15 - Bancos, Financeiras e Instituições de Pagamento;Conglomerado; ;BRADESCO (conglomerado);Outras irregularidades relacionadas a cartões de crédito;0;
2026;2º;Top 15 - Bancos, Financeiras e Instituições de Pagamento;Conglomerado; ;BRADESCO (conglomerado);Outros assuntos não regulados relacionados a cartão de crédito;0;
2026;2º;Top 15 - Bancos, Financeiras e Instituições de Pagamento;Conglomerado; ;BRADESCO (conglomerado);Pix  - chaves;19;
2026;2º;Top 15 - Bancos, Financeiras e Instituições de Pagamento;Conglomerado; ;BRADESCO (conglomerado);Pix - Bloqueio ou devolução de valores;19;
2026;2º;Top 15 - Bancos, Financeiras e Instituições de Pagamento;Conglomerado; ;BRADESCO (conglomerado);Pix - diversos;0;
2026;2º;Top 15 - Bancos, Financeiras e Instituições de Pagamento;Conglomerado; ;BRADESCO (conglomerado);Pix - Dificuldade para solicitar ou realizar devolução;19;
2026;2º;Top 15 - Bancos, Financeiras e Instituições de Pagamento;Conglomerado; ;BRADESCO (conglomerado);Pix - experiência do usuário;0;
2026;2º;Top 15 - Bancos, Financeiras e Instituições de Pagamento;Conglomerado; ;BRADESCO (conglomerado);Pix - iniciação;76;
2026;2º;Top 15 - Bancos, Financeiras e Instituições de Pagamento;Conglomerado; ;BRADESCO (conglomerado);Pix - liquidação;57;
2026;2º;Top 15 - Bancos, Financeiras e Instituições de Pagamento;Conglomerado; ;BRADESCO (conglomerado);Pix - liquidação - instituição de pagamento;0;
2026;2º;Top 15 - Bancos, Financeiras e Instituições de Pagamento;Conglomerado; ;BRADESCO (conglomerado);Pix - outros;0;
2026;2º;Top 15 - Bancos, Financeiras e Instituições de Pagamento;Conglomerado; ;BRADESCO (conglomerado);Pix Automático;19;
2026;2º;Top 15 - Bancos, Financeiras e Instituições de Pagamento;Conglomerado; ;BRADESCO (conglomerado);Prestação de serviço de forma irregular em conta-salário;38;
2026;2º;Top 15 - Bancos, Financeiras e Instituições de Pagamento;Conglomerado; ;BRADESCO (conglomerado);Reclamações relacionadas a assuntos diversos;0;
2026;2º;Top 15 - Bancos, Financeiras e Instituições de Pagamento;Conglomerado; ;BRADESCO (conglomerado);Recusa de cancelamento de pacote de serviços;57;
2026;2º;Top 15 - Bancos, Financeiras e Instituições de Pagamento;Conglomerado; ;BRADESCO (conglomerado);Recusa de produtos ou serviços;0;
2026;2º;Top 15 - Bancos, Financeiras e Instituições de Pagamento;Conglomerado; ;BRADESCO (conglomerado);Renegociação de dívida (exceto cartão de crédito);0;
2026;2º;Top 15 - Bancos, Financeiras e Instituições de Pagamento;Conglomerado; ;BRADESCO (conglomerado);Restrição à realização de portabilidade de operações de crédito consignado relativas a pessoas naturais;95;
2026;2º;Top 15 - Bancos, Financeiras e Instituições de Pagamento;Conglomerado; ;BRADESCO (conglomerado);Restrição à realização de portabilidade de operações de financiamento imobiliário relativas a pessoas naturais;0;
2026;2º;Top 15 - Bancos, Financeiras e Instituições de Pagamento;Conglomerado; ;BRADESCO (conglomerado);Restrições cadastrais;0;
2026;2º;Top 15 - Bancos, Financeiras e Instituições de Pagamento;Conglomerado; ;BRADESCO (conglomerado);Restrições cadastrais por parte - instituição de pagamento;0;
2026;2º;Top 15 - Bancos, Financeiras e Instituições de Pagamento;Conglomerado; ;BRADESCO (conglomerado);Tempo de espera em fila;0;
2026;2º;Top 15 - Bancos, Financeiras e Instituições de Pagamento;Conglomerado; ;BRADESCO (conglomerado);Terminais eletrônicos, internet e aplicativos;0;
2026;2º;Top 15 - Bancos, Financeiras e Instituições de Pagamento;Conglomerado; ;BRADESCO (conglomerado);Transações não reconhecidas pelo titular da conta, realizadas por terceiros (invasão de conta) em instituições financeiras;170;
2026;2º;Top 15 - Bancos, Financeiras e Instituições de Pagamento;Conglomerado; ;BRADESCO (conglomerado);Utilização incorreta da taxa de desconto no cálculo do valor presente relacionadas às demais operações de crédito, exceto as de crédito consignado e de financiamento imobiliário;0;
2026;2º;Top 15 - Bancos, Financeiras e Instituições de Pagamento;Conglomerado; ;BRADESCO (conglomerado);Utilização incorreta da taxa de desconto no cálculo do valor presente relacionadas às operações de crédito consignado;0;
2026;2º;Demais Bancos, Financeiras e Instituições de Pagamento;Conglomerado; ;BRB (conglomerado);Abertura de conta de depósito com documentação ausente, insuficiente ou falsa;12;
2026;2º;Demais Bancos, Financeiras e Instituições de Pagamento;Conglomerado; ;BRB (conglomerado);Ausência de título adequado relativo a cartão de crédito;6;
2026;2º;Demais Bancos, Financeiras e Instituições de Pagamento;Conglomerado; ;BRB (conglomerado);Ausência de título adequado relativo a cartão de crédito consignado;24;
2026;2º;Demais Bancos, Financeiras e Instituições de Pagamento;Conglomerado; ;BRB (conglomerado);Bloqueio de valores ou de conta fora do âmbito do Pix;6;
2026;2º;Demais Bancos, Financeiras e Instituições de Pagamento;Conglomerado; ;BRB (conglomerado);Cancelamento de contrato a pedido do cliente não atendido por instituição financeira;30;
2026;2º;Demais Bancos, Financeiras e Instituições de Pagamento;Conglomerado; ;BRB (conglomerado);Cobrança irregular de tarifa relacionada a conta ou serviços acessórios à conta;6;
2026;2º;Demais Bancos, Financeiras e Instituições de Pagamento;Conglomerado; ;BRB (conglomerado);Cobrança irregular de tarifa relacionada ao cartão de crédito;30;
2026;2º;Demais Bancos, Financeiras e Instituições de Pagamento;Conglomerado; ;BRB (conglomerado);Cobrança irregular para fins de remuneração de correspondentes no País;6;
2026;2º;Demais Bancos, Financeiras e Instituições de Pagamento;Conglomerado; ;BRB (conglomerado);Concessão de crédito (exceto consignado) sem a formalização do título adequado;42;
2026;2º;Demais Bancos, Financeiras e Instituições de Pagamento;Conglomerado; ;BRB (conglomerado);Concessão de crédito consignado sem a formalização do título adequado;18;
2026;2º;Demais Bancos, Financeiras e Instituições de Pagamento;Conglomerado; ;BRB (conglomerado);Descumprimento de ordem judicial;0;
2026;2º;Demais Bancos, Financeiras e Instituições de Pagamento;Conglomerado; ;BRB (conglomerado);Descumprimento de prazo de resposta da reclamação registrada no BCB;6;
2026;2º;Demais Bancos, Financeiras e Instituições de Pagamento;Conglomerado; ;BRB (conglomerado);Débito em conta de pagamento pré-paga não autorizado pelo cliente, ou não cumprimento das regras aplicáveis;0;
2026;2º;Demais Bancos, Financeiras e Instituições de Pagamento;Conglomerado; ;BRB (conglomerado);Débito em conta não autorizado pelo cliente, ou não cumprimento das regras aplicáveis;125;
2026;2º;Demais Bancos, Financeiras e Instituições de Pagamento;Conglomerado; ;BRB (conglomerado);Débito em conta-salário não autorizado pelo cliente, ou não cumprimento das regras aplicáveis;54;
2026;2º;Demais Bancos, Financeiras e Instituições de Pagamento;Conglomerado; ;BRB (conglomerado);Dificuldade na liberação ou substituição de bem;0;
2026;2º;Demais Bancos, Financeiras e Instituições de Pagamento;Conglomerado; ;BRB (conglomerado);Dificuldade para efetuar resgate antecipado de aplicação;0;
2026;2º;Demais Bancos, Financeiras e Instituições de Pagamento;Conglomerado; ;BRB (conglomerado);Golpe;0;
2026;2º;Demais Bancos, Financeiras e Instituições de Pagamento;Conglomerado; ;BRB (conglomerado);Inclusão de dados incorretos no CCS (Cadastro de Clientes do Sistema Financeiro Nacional);0;
2026;2º;Demais Bancos, Financeiras e Instituições de Pagamento;Conglomerado; ;BRB (conglomerado);Insatisfação com a resposta recebida da instituição financeira referente à reclamação registrada no BCB;48;
2026;2º;Demais Bancos, Financeiras e Instituições de Pagamento;Conglomerado; ;BRB (conglomerado);Insatisfação com o atendimento prestado pelo SAC ou Central de Relacionamento;101;
2026;2º;Demais Bancos, Financeiras e Instituições de Pagamento;Conglomerado; ;BRB (conglomerado);Irregularidades no processo de encerramento de conta de depósitos à vista;30;
2026;2º;Demais Bancos, Financeiras e Instituições de Pagamento;Conglomerado; ;BRB (conglomerado);Irregularidades relacionadas a informações e liquidação de valores a receber no sistema SVR do BCB por parte de instituições financeiras;6;
2026;2º;Demais Bancos, Financeiras e Instituições de Pagamento;Conglomerado; ;BRB (conglomerado);Irregularidades relacionadas ao acompanhamento de conta;18;
2026;2º;Demais Bancos, Financeiras e Instituições de Pagamento;Conglomerado; ;BRB (conglomerado);Irregularidades relacionadas ao fornecimento de documento para liquidação antecipada de operações de crédito;65;
2026;2º;Demais Bancos, Financeiras e Instituições de Pagamento;Conglomerado; ;BRB (conglomerado);Irregularidades relacionadas ao fornecimento de documentos relativos a cartão de crédito;30;
2026;2º;Demais Bancos, Financeiras e Instituições de Pagamento;Conglomerado; ;BRB (conglomerado);Irregularidades relacionadas ao fornecimento de documentos relativos a conta;0;
2026;2º;Demais Bancos, Financeiras e Instituições de Pagamento;Conglomerado; ;BRB (conglomerado);Irregularidades relacionadas ao fornecimento de documentos relativos a operação de crédito, exceto para liquidação antecipada e descritivo do crédito.;36;
2026;2º;Demais Bancos, Financeiras e Instituições de Pagamento;Conglomerado; ;BRB (conglomerado);Irregularidades relacionadas ao fornecimento de informações relativas a operação de crédito contratada (DDC);137;
2026;2º;Demais Bancos, Financeiras e Instituições de Pagamento;Conglomerado; ;BRB (conglomerado);Irregularidades relacionadas ao fornecimento de outros documentos, exceto os relativos a cartão de crédito, conta e operação de crédito;6;
2026;2º;Demais Bancos, Financeiras e Instituições de Pagamento;Conglomerado; ;BRB (conglomerado);Irregularidades relacionadas ao Sistema de Informações de Crédito do Banco Central (SCR);946;
2026;2º;Demais Bancos, Financeiras e Instituições de Pagamento;Conglomerado; ;BRB (conglomerado);Irregularidades relacionadas à liquidação de documentos (exceto cheques);0;
2026;2º;Demais Bancos, Financeiras e Instituições de Pagamento;Conglomerado; ;BRB (conglomerado);Irregularidades relativas a integridade, confiabilidade, segurança, sigilo ou legitimidade das operações e serviços disponibilizados em internet banking;6;
2026;2º;Demais Bancos, Financeiras e Instituições de Pagamento;Conglomerado; ;BRB (conglomerado);Irregularidades relativas a integridade, confiabilidade, segurança, sigilo ou legitimidade das operações e serviços relacionados a cartões de crédito;476;
2026;2º;Demais Bancos, Financeiras e Instituições de Pagamento;Conglomerado; ;BRB (conglomerado);Irregularidades relativas a integridade, confiabilidade, segurança, sigilo ou legitimidade das operações e serviços relacionados a cartões de débito;18;
2026;2º;Demais Bancos, Financeiras e Instituições de Pagamento;Conglomerado; ;BRB (conglomerado);Irregularidades relativas a integridade, confiabilidade, segurança, sigilo ou legitimidade das operações e serviços, exceto as relacionadas a cartão de crédito, cartão de débito, internet banking, ATM, credenciadora e operação de crédito;12;
2026;2º;Demais Bancos, Financeiras e Instituições de Pagamento;Conglomerado; ;BRB (conglomerado);Irregularidades relativas a integridade, confiabilidade, segurança, sigilo ou legitimidade dos serviços relacionados a operações de crédito consignado;179;
2026;2º;Demais Bancos, Financeiras e Instituições de Pagamento;Conglomerado; ;BRB (conglomerado);Irregularidades relativas a integridade, confiabilidade, segurança, sigilo ou legitimidade dos serviços relacionados a operações de crédito, exceto consignado;48;
2026;2º;Demais Bancos, Financeiras e Instituições de Pagamento;Conglomerado; ;BRB (conglomerado);Irregularidades relativas a operações de crédito de saldo devedor de fatura de cartão de crédito (rotativo e parcelamento) e respectiva cobrança de encargos;12;
2026;2º;Demais Bancos, Financeiras e Instituições de Pagamento;Conglomerado; ;BRB (conglomerado);Juros e preços;0;
2026;2º;Demais Bancos, Financeiras e Instituições de Pagamento;Conglomerado; ;BRB (conglomerado);Limites de transação;30;
2026;2º;Demais Bancos, Financeiras e Instituições de Pagamento;Conglomerado; ;BRB (conglomerado);Não acatamento de solicitação de cancelamento de débitos automáticos em conta de pagamento pré-paga, ou não cumprimento das regras aplicáveis;0;
2026;2º;Demais Bancos, Financeiras e Instituições de Pagamento;Conglomerado; ;BRB (conglomerado);Não acatamento de solicitação de cancelamento de débitos automáticos em conta ou não cumprimento das regras aplicáveis;298;
2026;2º;Demais Bancos, Financeiras e Instituições de Pagamento;Conglomerado; ;BRB (conglomerado);Não acatamento de solicitação de cancelamento de débitos automáticos em conta-salário ou não cumprimento das regras aplicáveis;12;
2026;2º;Demais Bancos, Financeiras e Instituições de Pagamento;Conglomerado; ;BRB (conglomerado);Oferta ou prestação de informação sobre crédito consignado de forma inadequada;179;
2026;2º;Demais Bancos, Financeiras e Instituições de Pagamento;Conglomerado; ;BRB (conglomerado);Oferta ou prestação de informação sobre o cartão de crédito de forma inadequada ;54;
2026;2º;Demais Bancos, Financeiras e Instituições de Pagamento;Conglomerado; ;BRB (conglomerado);Oferta ou prestação de informação sobre operação de crédito de forma inadequada, exceto crédito consignado;12;
2026;2º;Demais Bancos, Financeiras e Instituições de Pagamento;Conglomerado; ;BRB (conglomerado);Oferta ou prestação de informação sobre produtos e serviços de forma inadequada, exceto as relacionadas a cartão de crédito, conta e serviços acessórios, credenciadora de cartão e operação de crédito;24;
2026;2º;Demais Bancos, Financeiras e Instituições de Pagamento;Conglomerado; ;BRB (conglomerado);Outros assuntos não regulados relacionados a cartão de crédito;0;
2026;2º;Demais Bancos, Financeiras e Instituições de Pagamento;Conglomerado; ;BRB (conglomerado);Pix - Bloqueio ou devolução de valores;0;
2026;2º;Demais Bancos, Financeiras e Instituições de Pagamento;Conglomerado; ;BRB (conglomerado);Pix - diversos;0;
2026;2º;Demais Bancos, Financeiras e Instituições de Pagamento;Conglomerado; ;BRB (conglomerado);Pix - Dificuldade para solicitar ou realizar devolução;24;
2026;2º;Demais Bancos, Financeiras e Instituições de Pagamento;Conglomerado; ;BRB (conglomerado);Pix - iniciação;24;
2026;2º;Demais Bancos, Financeiras e Instituições de Pagamento;Conglomerado; ;BRB (conglomerado);Pix - liquidação;12;
2026;2º;Demais Bancos, Financeiras e Instituições de Pagamento;Conglomerado; ;BRB (conglomerado);Prestação de serviço de forma irregular em conta-salário;0;
2026;2º;Demais Bancos, Financeiras e Instituições de Pagamento;Conglomerado; ;BRB (conglomerado);Reclamações relacionadas a assuntos diversos;0;
2026;2º;Demais Bancos, Financeiras e Instituições de Pagamento;Conglomerado; ;BRB (conglomerado);Recusa de produtos ou serviços;0;
2026;2º;Demais Bancos, Financeiras e Instituições de Pagamento;Conglomerado; ;BRB (conglomerado);Renegociação de dívida (exceto cartão de crédito);0;
2026;2º;Demais Bancos, Financeiras e Instituições de Pagamento;Conglomerado; ;BRB (conglomerado);Restrição à realização de portabilidade de operações de crédito consignado relativas a pessoas naturais;375;
2026;2º;Demais Bancos, Financeiras e Instituições de Pagamento;Conglomerado; ;BRB (conglomerado);Restrição à realização de portabilidade de operações de financiamento imobiliário relativas a pessoas naturais;0;
2026;2º;Demais Bancos, Financeiras e Instituições de Pagamento;Conglomerado; ;BRB (conglomerado);Restrições cadastrais;0;
2026;2º;Demais Bancos, Financeiras e Instituições de Pagamento;Conglomerado; ;BRB (conglomerado);Transações não reconhecidas pelo titular da conta, realizadas por terceiros (invasão de conta) em instituições financeiras;6;
2026;2º;Demais Bancos, Financeiras e Instituições de Pagamento;Conglomerado; ;BS2 (conglomerado);Abertura de conta de depósito com documentação ausente, insuficiente ou falsa;1;
2026;2º;Demais Bancos, Financeiras e Instituições de Pagamento;Conglomerado; ;BS2 (conglomerado);Abertura de conta de pagamento sem documentação necessária ou com documentação falsa;0;
2026;2º;Demais Bancos, Financeiras e Instituições de Pagamento;Conglomerado; ;BS2 (conglomerado);Bloqueio de valores ou de conta fora do âmbito do Pix;4;
2026;2º;Demais Bancos, Financeiras e Instituições de Pagamento;Conglomerado; ;BS2 (conglomerado);Cancelamento de contrato a pedido do cliente não atendido por instituição financeira;1;
2026;2º;Demais Bancos, Financeiras e Instituições de Pagamento;Conglomerado; ;BS2 (conglomerado);Cobrança irregular de tarifa relacionada a conta ou serviços acessórios à conta;3;
2026;2º;Demais Bancos, Financeiras e Instituições de Pagamento;Conglomerado; ;BS2 (conglomerado);Débito em conta não autorizado pelo cliente, ou não cumprimento das regras aplicáveis;1;
2026;2º;Demais Bancos, Financeiras e Instituições de Pagamento;Conglomerado; ;BS2 (conglomerado);Inclusão de dados incorretos no CCS (Cadastro de Clientes do Sistema Financeiro Nacional);4;
2026;2º;Demais Bancos, Financeiras e Instituições de Pagamento;Conglomerado; ;BS2 (conglomerado);Insatisfação com a resposta recebida da instituição financeira referente à reclamação registrada no BCB;3;
2026;2º;Demais Bancos, Financeiras e Instituições de Pagamento;Conglomerado; ;BS2 (conglomerado);Insatisfação com o atendimento prestado pelo SAC ou Central de Relacionamento;5;
2026;2º;Demais Bancos, Financeiras e Instituições de Pagamento;Conglomerado; ;BS2 (conglomerado);Irregularidades no processo de encerramento de conta de depósitos à vista;0;
2026;2º;Demais Bancos, Financeiras e Instituições de Pagamento;Conglomerado; ;BS2 (conglomerado);Irregularidades relacionadas a informações e liquidação de valores a receber no sistema SVR do BCB por parte de instituições financeiras;1;
2026;2º;Demais Bancos, Financeiras e Instituições de Pagamento;Conglomerado; ;BS2 (conglomerado);Irregularidades relacionadas a operações no mercado de câmbio;5;
2026;2º;Demais Bancos, Financeiras e Instituições de Pagamento;Conglomerado; ;BS2 (conglomerado);Irregularidades relacionadas ao acompanhamento de conta;15;
2026;2º;Demais Bancos, Financeiras e Instituições de Pagamento;Conglomerado; ;BS2 (conglomerado);Irregularidades relacionadas ao acompanhamento de conta de pagamento;3;
2026;2º;Demais Bancos, Financeiras e Instituições de Pagamento;Conglomerado; ;BS2 (conglomerado);Irregularidades relacionadas ao fornecimento de documentos relativos a conta;1;
2026;2º;Demais Bancos, Financeiras e Instituições de Pagamento;Conglomerado; ;BS2 (conglomerado);Irregularidades relacionadas ao fornecimento de documentos relativos a operação de crédito, exceto para liquidação antecipada e descritivo do crédito.;0;
2026;2º;Demais Bancos, Financeiras e Instituições de Pagamento;Conglomerado; ;BS2 (conglomerado);Irregularidades relacionadas ao Sistema de Informações de Crédito do Banco Central (SCR);0;
2026;2º;Demais Bancos, Financeiras e Instituições de Pagamento;Conglomerado; ;BS2 (conglomerado);Irregularidades relacionadas à liquidação de documentos (exceto cheques);0;
2026;2º;Demais Bancos, Financeiras e Instituições de Pagamento;Conglomerado; ;BS2 (conglomerado);Irregularidades relativas a integridade, confiabilidade, segurança, sigilo ou legitimidade das operações e serviços disponibilizados em internet banking;1;
2026;2º;Demais Bancos, Financeiras e Instituições de Pagamento;Conglomerado; ;BS2 (conglomerado);Irregularidades relativas a integridade, confiabilidade, segurança, sigilo ou legitimidade das operações e serviços relacionados a cartões de crédito;1;
2026;2º;Demais Bancos, Financeiras e Instituições de Pagamento;Conglomerado; ;BS2 (conglomerado);Irregularidades relativas a integridade, confiabilidade, segurança, sigilo ou legitimidade das operações e serviços, exceto as relacionadas a cartão de crédito, cartão de débito, internet banking, ATM, credenciadora e operação de crédito;3;
2026;2º;Demais Bancos, Financeiras e Instituições de Pagamento;Conglomerado; ;BS2 (conglomerado);Irregularidades relativas a integridade, confiabilidade, segurança, sigilo ou legitimidade dos serviços relacionados a operações de crédito, exceto consignado;0;
2026;2º;Demais Bancos, Financeiras e Instituições de Pagamento;Conglomerado; ;BS2 (conglomerado);Irregularidades relativas a operações de crédito de saldo devedor de fatura de cartão de crédito (rotativo e parcelamento) e respectiva cobrança de encargos;0;
2026;2º;Demais Bancos, Financeiras e Instituições de Pagamento;Conglomerado; ;BS2 (conglomerado);Oferta ou prestação de informação sobre a conta ou serviços acessórios de forma inadequada ;1;
2026;2º;Demais Bancos, Financeiras e Instituições de Pagamento;Conglomerado; ;BS2 (conglomerado);Oferta ou prestação de informação sobre o cartão de crédito de forma inadequada ;0;
2026;2º;Demais Bancos, Financeiras e Instituições de Pagamento;Conglomerado; ;BS2 (conglomerado);Oferta ou prestação de informação sobre operação de crédito de forma inadequada, exceto crédito consignado;0;
2026;2º;Demais Bancos, Financeiras e Instituições de Pagamento;Conglomerado; ;BS2 (conglomerado);Oferta ou prestação de informação sobre produtos e serviços de forma inadequada, exceto as relacionadas a cartão de crédito, conta e serviços acessórios, credenciadora de cartão e operação de crédito;1;
2026;2º;Demais Bancos, Financeiras e Instituições de Pagamento;Conglomerado; ;BS2 (conglomerado);Pix  - chaves;1;
2026;2º;Demais Bancos, Financeiras e Instituições de Pagamento;Conglomerado; ;BS2 (conglomerado);Pix - Dificuldade para solicitar ou realizar devolução;0;
2026;2º;Demais Bancos, Financeiras e Instituições de Pagamento;Conglomerado; ;BS2 (conglomerado);Prestação de serviço de forma irregular em conta-salário;0;
2026;2º;Demais Bancos, Financeiras e Instituições de Pagamento;Conglomerado; ;BS2 (conglomerado);Reclamações relacionadas a assuntos diversos;0;
2026;2º;Demais Bancos, Financeiras e Instituições de Pagamento;Conglomerado; ;BS2 (conglomerado);Renegociação de dívida (exceto cartão de crédito);0;
2026;2º;Demais Bancos, Financeiras e Instituições de Pagamento;Conglomerado; ;BS2 (conglomerado);Restrições cadastrais;0;
2026;2º;Top 15 - Bancos, Financeiras e Instituições de Pagamento;Conglomerado; ;BTG PACTUAL/BANCO PAN (conglomerado);Abertura de conta de depósito com documentação ausente, insuficiente ou falsa;5;
2026;2º;Top 15 - Bancos, Financeiras e Instituições de Pagamento;Conglomerado; ;BTG PACTUAL/BANCO PAN (conglomerado);Abertura de conta de pagamento sem documentação necessária ou com documentação falsa;0;
2026;2º;Top 15 - Bancos, Financeiras e Instituições de Pagamento;Conglomerado; ;BTG PACTUAL/BANCO PAN (conglomerado);Ausência de informações sobre as regras de funcionamento nos contratos de cartões de crédito ou seu descumprimento;0;
2026;2º;Top 15 - Bancos, Financeiras e Instituições de Pagamento;Conglomerado; ;BTG PACTUAL/BANCO PAN (conglomerado);Ausência de título adequado relativo a cartão de crédito consignado;10;
2026;2º;Top 15 - Bancos, Financeiras e Instituições de Pagamento;Conglomerado; ;BTG PACTUAL/BANCO PAN (conglomerado);Bloqueio de valores ou de conta fora do âmbito do Pix;25;
2026;2º;Top 15 - Bancos, Financeiras e Instituições de Pagamento;Conglomerado; ;BTG PACTUAL/BANCO PAN (conglomerado);Cadastro positivo envolvendo instituição financeira;0;
2026;2º;Top 15 - Bancos, Financeiras e Instituições de Pagamento;Conglomerado; ;BTG PACTUAL/BANCO PAN (conglomerado);Cancelamento de contrato a pedido do cliente não atendido por instituição financeira;25;
2026;2º;Top 15 - Bancos, Financeiras e Instituições de Pagamento;Conglomerado; ;BTG PACTUAL/BANCO PAN (conglomerado);Cobrança irregular de tarifa em operação de crédito;0;
2026;2º;Top 15 - Bancos, Financeiras e Instituições de Pagamento;Conglomerado; ;BTG PACTUAL/BANCO PAN (conglomerado);Cobrança irregular de tarifa relacionada a conta ou serviços acessórios à conta;0;
2026;2º;Top 15 - Bancos, Financeiras e Instituições de Pagamento;Conglomerado; ;BTG PACTUAL/BANCO PAN (conglomerado);Cobrança irregular de tarifa relacionada ao cartão de crédito;5;
2026;2º;Top 15 - Bancos, Financeiras e Instituições de Pagamento;Conglomerado; ;BTG PACTUAL/BANCO PAN (conglomerado);Cobranças diversas;0;
2026;2º;Top 15 - Bancos, Financeiras e Instituições de Pagamento;Conglomerado; ;BTG PACTUAL/BANCO PAN (conglomerado);Concessão de crédito (exceto consignado) sem a formalização do título adequado;5;
2026;2º;Top 15 - Bancos, Financeiras e Instituições de Pagamento;Conglomerado; ;BTG PACTUAL/BANCO PAN (conglomerado);Concessão de crédito consignado sem a formalização do título adequado;20;
2026;2º;Top 15 - Bancos, Financeiras e Instituições de Pagamento;Conglomerado; ;BTG PACTUAL/BANCO PAN (conglomerado);Crédito consignado;0;
2026;2º;Top 15 - Bancos, Financeiras e Instituições de Pagamento;Conglomerado; ;BTG PACTUAL/BANCO PAN (conglomerado);Descumprimento de ordem judicial;0;
2026;2º;Top 15 - Bancos, Financeiras e Instituições de Pagamento;Conglomerado; ;BTG PACTUAL/BANCO PAN (conglomerado);Descumprimento de prazo de resposta da reclamação registrada no BCB;0;
2026;2º;Top 15 - Bancos, Financeiras e Instituições de Pagamento;Conglomerado; ;BTG PACTUAL/BANCO PAN (conglomerado);Débito em conta não autorizado pelo cliente, ou não cumprimento das regras aplicáveis;20;
2026;2º;Top 15 - Bancos, Financeiras e Instituições de Pagamento;Conglomerado; ;BTG PACTUAL/BANCO PAN (conglomerado);Dificuldade na liberação ou substituição de bem;0;
2026;2º;Top 15 - Bancos, Financeiras e Instituições de Pagamento;Conglomerado; ;BTG PACTUAL/BANCO PAN (conglomerado);Dificuldade para efetuar resgate antecipado de aplicação;0;
2026;2º;Top 15 - Bancos, Financeiras e Instituições de Pagamento;Conglomerado; ;BTG PACTUAL/BANCO PAN (conglomerado);Encaminhamento de instrumentos de pagamento não solicitados;5;
2026;2º;Top 15 - Bancos, Financeiras e Instituições de Pagamento;Conglomerado; ;BTG PACTUAL/BANCO PAN (conglomerado);Falta de transparência na redação de documentos;15;
2026;2º;Top 15 - Bancos, Financeiras e Instituições de Pagamento;Conglomerado; ;BTG PACTUAL/BANCO PAN (conglomerado);Golpe;0;
2026;2º;Top 15 - Bancos, Financeiras e Instituições de Pagamento;Conglomerado; ;BTG PACTUAL/BANCO PAN (conglomerado);Inclusão de dados incorretos no CCS (Cadastro de Clientes do Sistema Financeiro Nacional);0;
2026;2º;Top 15 - Bancos, Financeiras e Instituições de Pagamento;Conglomerado; ;BTG PACTUAL/BANCO PAN (conglomerado);Insatisfação com a resposta recebida da instituição financeira referente à reclamação registrada no BCB;15;
2026;2º;Top 15 - Bancos, Financeiras e Instituições de Pagamento;Conglomerado; ;BTG PACTUAL/BANCO PAN (conglomerado);Insatisfação com o atendimento prestado pelo SAC ou Central de Relacionamento;185;
2026;2º;Top 15 - Bancos, Financeiras e Instituições de Pagamento;Conglomerado; ;BTG PACTUAL/BANCO PAN (conglomerado);Integridade, confiabilidade, segurança, sigilo e legitimidade das operações e serviços  - conta de pagamento pré-paga;0;
2026;2º;Top 15 - Bancos, Financeiras e Instituições de Pagamento;Conglomerado; ;BTG PACTUAL/BANCO PAN (conglomerado);Irregularidades no processo de encerramento de conta de depósitos à vista;15;
2026;2º;Top 15 - Bancos, Financeiras e Instituições de Pagamento;Conglomerado; ;BTG PACTUAL/BANCO PAN (conglomerado);Irregularidades no processo de encerramento de conta de pagamento;0;
2026;2º;Top 15 - Bancos, Financeiras e Instituições de Pagamento;Conglomerado; ;BTG PACTUAL/BANCO PAN (conglomerado);Irregularidades relacionadas a boletos de pagamento (exceto ausência de contrato com beneficiário);0;
2026;2º;Top 15 - Bancos, Financeiras e Instituições de Pagamento;Conglomerado; ;BTG PACTUAL/BANCO PAN (conglomerado);Irregularidades relacionadas a informações e liquidação de valores a receber no sistema SVR do BCB por parte de instituições financeiras;0;
2026;2º;Top 15 - Bancos, Financeiras e Instituições de Pagamento;Conglomerado; ;BTG PACTUAL/BANCO PAN (conglomerado);Irregularidades relacionadas a operações no mercado de câmbio;0;
2026;2º;Top 15 - Bancos, Financeiras e Instituições de Pagamento;Conglomerado; ;BTG PACTUAL/BANCO PAN (conglomerado);Irregularidades relacionadas ao acompanhamento de conta;25;
2026;2º;Top 15 - Bancos, Financeiras e Instituições de Pagamento;Conglomerado; ;BTG PACTUAL/BANCO PAN (conglomerado);Irregularidades relacionadas ao Custo Efetivo Total (CET) de operação de crédito;0;
2026;2º;Top 15 - Bancos, Financeiras e Instituições de Pagamento;Conglomerado; ;BTG PACTUAL/BANCO PAN (conglomerado);Irregularidades relacionadas ao fornecimento de documento para liquidação antecipada de operações de crédito;40;
2026;2º;Top 15 - Bancos, Financeiras e Instituições de Pagamento;Conglomerado; ;BTG PACTUAL/BANCO PAN (conglomerado);Irregularidades relacionadas ao fornecimento de documentos relativos a cartão de crédito;0;
2026;2º;Top 15 - Bancos, Financeiras e Instituições de Pagamento;Conglomerado; ;BTG PACTUAL/BANCO PAN (conglomerado);Irregularidades relacionadas ao fornecimento de documentos relativos a conta;5;
2026;2º;Top 15 - Bancos, Financeiras e Instituições de Pagamento;Conglomerado; ;BTG PACTUAL/BANCO PAN (conglomerado);Irregularidades relacionadas ao fornecimento de documentos relativos a operação de crédito, exceto para liquidação antecipada e descritivo do crédito.;45;
2026;2º;Top 15 - Bancos, Financeiras e Instituições de Pagamento;Conglomerado; ;BTG PACTUAL/BANCO PAN (conglomerado);Irregularidades relacionadas ao fornecimento de informações relativas a operação de crédito contratada (DDC);30;
2026;2º;Top 15 - Bancos, Financeiras e Instituições de Pagamento;Conglomerado; ;BTG PACTUAL/BANCO PAN (conglomerado);Irregularidades relacionadas ao fornecimento de outros documentos, exceto os relativos a cartão de crédito, conta e operação de crédito;0;
2026;2º;Top 15 - Bancos, Financeiras e Instituições de Pagamento;Conglomerado; ;BTG PACTUAL/BANCO PAN (conglomerado);Irregularidades relacionadas ao Sistema de Informações de Crédito do Banco Central (SCR);30;
2026;2º;Top 15 - Bancos, Financeiras e Instituições de Pagamento;Conglomerado; ;BTG PACTUAL/BANCO PAN (conglomerado);Irregularidades relativas a dados cadastrais no Open Banking por instituições financeiras;0;
2026;2º;Top 15 - Bancos, Financeiras e Instituições de Pagamento;Conglomerado; ;BTG PACTUAL/BANCO PAN (conglomerado);Irregularidades relativas a integridade, confiabilidade, segurança, sigilo ou legitimidade das operações e serviços disponibilizados em internet banking;15;
2026;2º;Top 15 - Bancos, Financeiras e Instituições de Pagamento;Conglomerado; ;BTG PACTUAL/BANCO PAN (conglomerado);Irregularidades relativas a integridade, confiabilidade, segurança, sigilo ou legitimidade das operações e serviços relacionados a cartões de crédito;90;
2026;2º;Top 15 - Bancos, Financeiras e Instituições de Pagamento;Conglomerado; ;BTG PACTUAL/BANCO PAN (conglomerado);Irregularidades relativas a integridade, confiabilidade, segurança, sigilo ou legitimidade das operações e serviços relacionados a cartões de débito;0;
2026;2º;Top 15 - Bancos, Financeiras e Instituições de Pagamento;Conglomerado; ;BTG PACTUAL/BANCO PAN (conglomerado);Irregularidades relativas a integridade, confiabilidade, segurança, sigilo ou legitimidade das operações e serviços, exceto as relacionadas a cartão de crédito, cartão de débito, internet banking, ATM, credenciadora e operação de crédito;25;
2026;2º;Top 15 - Bancos, Financeiras e Instituições de Pagamento;Conglomerado; ;BTG PACTUAL/BANCO PAN (conglomerado);Irregularidades relativas a integridade, confiabilidade, segurança, sigilo ou legitimidade dos serviços relacionados a operações de crédito consignado;65;
2026;2º;Top 15 - Bancos, Financeiras e Instituições de Pagamento;Conglomerado; ;BTG PACTUAL/BANCO PAN (conglomerado);Irregularidades relativas a integridade, confiabilidade, segurança, sigilo ou legitimidade dos serviços relacionados a operações de crédito, exceto consignado;30;
2026;2º;Top 15 - Bancos, Financeiras e Instituições de Pagamento;Conglomerado; ;BTG PACTUAL/BANCO PAN (conglomerado);Irregularidades relativas a operações de crédito de saldo devedor de fatura de cartão de crédito (rotativo e parcelamento) e respectiva cobrança de encargos;40;
2026;2º;Top 15 - Bancos, Financeiras e Instituições de Pagamento;Conglomerado; ;BTG PACTUAL/BANCO PAN (conglomerado);Irregularidades relativas a telemarketing, SMS ou Whatsapp com oferta de produtos e serviços;0;
2026;2º;Top 15 - Bancos, Financeiras e Instituições de Pagamento;Conglomerado; ;BTG PACTUAL/BANCO PAN (conglomerado);Juros e preços;0;
2026;2º;Top 15 - Bancos, Financeiras e Instituições de Pagamento;Conglomerado; ;BTG PACTUAL/BANCO PAN (conglomerado);Limites de transação;0;
2026;2º;Top 15 - Bancos, Financeiras e Instituições de Pagamento;Conglomerado; ;BTG PACTUAL/BANCO PAN (conglomerado);Não acatamento de solicitação de cancelamento de débitos automáticos em conta ou não cumprimento das regras aplicáveis;0;
2026;2º;Top 15 - Bancos, Financeiras e Instituições de Pagamento;Conglomerado; ;BTG PACTUAL/BANCO PAN (conglomerado);Oferta ou prestação de informação sobre a conta ou serviços acessórios de forma inadequada ;0;
2026;2º;Top 15 - Bancos, Financeiras e Instituições de Pagamento;Conglomerado; ;BTG PACTUAL/BANCO PAN (conglomerado);Oferta ou prestação de informação sobre crédito consignado de forma inadequada;145;
2026;2º;Top 15 - Bancos, Financeiras e Instituições de Pagamento;Conglomerado; ;BTG PACTUAL/BANCO PAN (conglomerado);Oferta ou prestação de informação sobre o cartão de crédito de forma inadequada ;60;
2026;2º;Top 15 - Bancos, Financeiras e Instituições de Pagamento;Conglomerado; ;BTG PACTUAL/BANCO PAN (conglomerado);Oferta ou prestação de informação sobre operação de crédito de forma inadequada, exceto crédito consignado;75;
2026;2º;Top 15 - Bancos, Financeiras e Instituições de Pagamento;Conglomerado; ;BTG PACTUAL/BANCO PAN (conglomerado);Oferta ou prestação de informação sobre produtos e serviços de forma inadequada, exceto as relacionadas a cartão de crédito, conta e serviços acessórios, credenciadora de cartão e operação de crédito;35;
2026;2º;Top 15 - Bancos, Financeiras e Instituições de Pagamento;Conglomerado; ;BTG PACTUAL/BANCO PAN (conglomerado);Outras irregularidades ;0;
2026;2º;Top 15 - Bancos, Financeiras e Instituições de Pagamento;Conglomerado; ;BTG PACTUAL/BANCO PAN (conglomerado);Outras irregularidades relacionadas a cartões de crédito;0;
2026;2º;Top 15 - Bancos, Financeiras e Instituições de Pagamento;Conglomerado; ;BTG PACTUAL/BANCO PAN (conglomerado);Outras irregularidades relacionadas a tarifas;0;
2026;2º;Top 15 - Bancos, Financeiras e Instituições de Pagamento;Conglomerado; ;BTG PACTUAL/BANCO PAN (conglomerado);Outros assuntos não regulados relacionados a cartão de crédito;0;
2026;2º;Top 15 - Bancos, Financeiras e Instituições de Pagamento;Conglomerado; ;BTG PACTUAL/BANCO PAN (conglomerado);Pix  - chaves;5;
2026;2º;Top 15 - Bancos, Financeiras e Instituições de Pagamento;Conglomerado; ;BTG PACTUAL/BANCO PAN (conglomerado);Pix - Bloqueio ou devolução de valores;0;
2026;2º;Top 15 - Bancos, Financeiras e Instituições de Pagamento;Conglomerado; ;BTG PACTUAL/BANCO PAN (conglomerado);Pix - diversos;0;
2026;2º;Top 15 - Bancos, Financeiras e Instituições de Pagamento;Conglomerado; ;BTG PACTUAL/BANCO PAN (conglomerado);Pix - Dificuldade para solicitar ou realizar devolução;25;
2026;2º;Top 15 - Bancos, Financeiras e Instituições de Pagamento;Conglomerado; ;BTG PACTUAL/BANCO PAN (conglomerado);Pix - experiência do usuário;0;
2026;2º;Top 15 - Bancos, Financeiras e Instituições de Pagamento;Conglomerado; ;BTG PACTUAL/BANCO PAN (conglomerado);Pix - iniciação;25;
2026;2º;Top 15 - Bancos, Financeiras e Instituições de Pagamento;Conglomerado; ;BTG PACTUAL/BANCO PAN (conglomerado);Pix - liquidação;5;
2026;2º;Top 15 - Bancos, Financeiras e Instituições de Pagamento;Conglomerado; ;BTG PACTUAL/BANCO PAN (conglomerado);Pix - outros;0;
2026;2º;Top 15 - Bancos, Financeiras e Instituições de Pagamento;Conglomerado; ;BTG PACTUAL/BANCO PAN (conglomerado);Reclamações relacionadas a assuntos diversos;0;
2026;2º;Top 15 - Bancos, Financeiras e Instituições de Pagamento;Conglomerado; ;BTG PACTUAL/BANCO PAN (conglomerado);Recusa de produtos ou serviços;0;
2026;2º;Top 15 - Bancos, Financeiras e Instituições de Pagamento;Conglomerado; ;BTG PACTUAL/BANCO PAN (conglomerado);Renegociação de dívida (exceto cartão de crédito);0;
2026;2º;Top 15 - Bancos, Financeiras e Instituições de Pagamento;Conglomerado; ;BTG PACTUAL/BANCO PAN (conglomerado);Restrição à realização de portabilidade de operações de crédito (exceto crédito consignado e financiamento imobiliário) relativas a pessoas naturais;0;
2026;2º;Top 15 - Bancos, Financeiras e Instituições de Pagamento;Conglomerado; ;BTG PACTUAL/BANCO PAN (conglomerado);Restrição à realização de portabilidade de operações de crédito consignado relativas a pessoas naturais;0;
2026;2º;Top 15 - Bancos, Financeiras e Instituições de Pagamento;Conglomerado; ;BTG PACTUAL/BANCO PAN (conglomerado);Restrições cadastrais;0;
2026;2º;Top 15 - Bancos, Financeiras e Instituições de Pagamento;Conglomerado; ;BTG PACTUAL/BANCO PAN (conglomerado);Terminais eletrônicos, internet e aplicativos;0;
2026;2º;Top 15 - Bancos, Financeiras e Instituições de Pagamento;Conglomerado; ;BTG PACTUAL/BANCO PAN (conglomerado);Transações não reconhecidas pelo titular da conta, realizadas por terceiros (invasão de conta) em instituições financeiras;5;
2026;2º;Top 15 - Bancos, Financeiras e Instituições de Pagamento;Conglomerado; ;BTG PACTUAL/BANCO PAN (conglomerado);Utilização incorreta da taxa de desconto no cálculo do valor presente relacionadas às demais operações de crédito, exceto as de crédito consignado e de financiamento imobiliário;0;
2026;2º;Top 15 - Bancos, Financeiras e Instituições de Pagamento;Conglomerado; ;BTG PACTUAL/BANCO PAN (conglomerado);Utilização incorreta da taxa de desconto no cálculo do valor presente relacionadas às operações de crédito consignado;0;
2026;2º;Demais Bancos, Financeiras e Instituições de Pagamento;Conglomerado; ;BULLLA IP (conglomerado);Abertura de conta de pagamento sem documentação necessária ou com documentação falsa - instituição de pagamento;2;
2026;2º;Demais Bancos, Financeiras e Instituições de Pagamento;Conglomerado; ;BULLLA IP (conglomerado);Cancelamento de contrato a pedido do cliente de conta de pagamento pré-paga não atendido - instituição de pagamento;0;
2026;2º;Demais Bancos, Financeiras e Instituições de Pagamento;Conglomerado; ;BULLLA IP (conglomerado);Débito em conta de pagamento pré-paga não autorizado pelo cliente, ou não cumprimento das regras aplicáveis - instituição de pagamento;2;
2026;2º;Demais Bancos, Financeiras e Instituições de Pagamento;Conglomerado; ;BULLLA IP (conglomerado);Encaminhamento de instrumentos de pagamento não solicitados - instituição de pagamento;3;
2026;2º;Demais Bancos, Financeiras e Instituições de Pagamento;Conglomerado; ;BULLLA IP (conglomerado);Falta de transparência na redação de documentos - instituição de pagamento;2;
2026;2º;Demais Bancos, Financeiras e Instituições de Pagamento;Conglomerado; ;BULLLA IP (conglomerado);Inclusão de dados incorretos no CCS (Cadastro de Clientes do Sistema Financeiro Nacional) - instituição de pagamento;0;
2026;2º;Demais Bancos, Financeiras e Instituições de Pagamento;Conglomerado; ;BULLLA IP (conglomerado);Insatisfação com a resposta referente à reclamação registrada no BCB recebida - instituição de pagamento;5;
2026;2º;Demais Bancos, Financeiras e Instituições de Pagamento;Conglomerado; ;BULLLA IP (conglomerado);Insatisfação com o atendimento prestado pelo SAC ou Central de Relacionamento - instituição de pagamento;7;
2026;2º;Demais Bancos, Financeiras e Instituições de Pagamento;Conglomerado; ;BULLLA IP (conglomerado);Irregularidades no processo de encerramento de conta de pagamento - instituição de pagamento;2;
2026;2º;Demais Bancos, Financeiras e Instituições de Pagamento;Conglomerado; ;BULLLA IP (conglomerado);Irregularidades relacionadas ao fornecimento de documentos - instituição de pagamento;5;
2026;2º;Demais Bancos, Financeiras e Instituições de Pagamento;Conglomerado; ;BULLLA IP (conglomerado);Irregularidades relacionadas ao fornecimento de documentos por conta de pagamentos pós-paga - instituição de pagamento;2;
2026;2º;Demais Bancos, Financeiras e Instituições de Pagamento;Conglomerado; ;BULLLA IP (conglomerado);Irregularidades relacionadas ao fornecimento de documentos por conta de pagamentos pré-paga - instituição de pagamento;2;
2026;2º;Demais Bancos, Financeiras e Instituições de Pagamento;Conglomerado; ;BULLLA IP (conglomerado);Irregularidades relacionadas ao Sistema de Informações de Crédito do Banco Central (SCR) - instituição de pagamento;82;
2026;2º;Demais Bancos, Financeiras e Instituições de Pagamento;Conglomerado; ;BULLLA IP (conglomerado);Irregularidades relativas a integridade, confiabilidade, segurança, sigilo ou legitimidade das operações e serviços prestados relacionados a conta de pagamento pós-paga - instituição de pagamento;7;
2026;2º;Demais Bancos, Financeiras e Instituições de Pagamento;Conglomerado; ;BULLLA IP (conglomerado);Irregularidades relativas a integridade, confiabilidade, segurança, sigilo ou legitimidade das operações e serviços prestados relacionados a conta de pagamento pré-paga - instituição de pagamento;12;
2026;2º;Demais Bancos, Financeiras e Instituições de Pagamento;Conglomerado; ;BULLLA IP (conglomerado);Irregularidades relativas a operações de crédito de saldo devedor de fatura de cartão de crédito (rotativo e parcelamento) e respectiva cobrança de encargos - instituições de pagamento;2;
2026;2º;Demais Bancos, Financeiras e Instituições de Pagamento;Conglomerado; ;BULLLA IP (conglomerado);Não acatamento de solicitação de cancelamento de débitos automáticos em conta de pagamento pré-paga ou não cumprimento das regras aplicáveis - instituição de pagamento;0;
2026;2º;Demais Bancos, Financeiras e Instituições de Pagamento;Conglomerado; ;BULLLA IP (conglomerado);Oferta ou prestação de informação a respeito de produtos e serviços de forma inadequada para conta de pagamento pós-paga - instituição de pagamento;2;
2026;2º;Demais Bancos, Financeiras e Instituições de Pagamento;Conglomerado; ;BULLLA IP (conglomerado);Oferta ou prestação de informação a respeito de produtos e serviços de forma inadequada para conta de pagamento pré-paga - instituição de pagamento;12;
2026;2º;Demais Bancos, Financeiras e Instituições de Pagamento;Conglomerado; ;BULLLA IP (conglomerado);Outras irregularidades - instituição de pagamento;0;
2026;2º;Demais Bancos, Financeiras e Instituições de Pagamento;Conglomerado; ;BULLLA IP (conglomerado);Outros assuntos não regulados relacionados a cartão de crédito - instituição de pagamento;0;
2026;2º;Demais Bancos, Financeiras e Instituições de Pagamento;Conglomerado; ;BULLLA IP (conglomerado);Reclamações relacionadas a assuntos diversos envolvendo - instituição de pagamento;0;
2026;2º;Demais Bancos, Financeiras e Instituições de Pagamento;Conglomerado; ;BULLLA IP (conglomerado);Renegociação de dívida em instituição de pagamento;0;
2026;2º;Demais Bancos, Financeiras e Instituições de Pagamento;Conglomerado; ;BULLLA IP (conglomerado);Restrições cadastrais por parte - instituição de pagamento;0;
2026;2º;Demais Bancos, Financeiras e Instituições de Pagamento;Conglomerado; ;BULLLA IP (conglomerado);Terminais eletrônicos, internet e aplicativos - instituição de pagamento;0;
2026;2º;Top 15 - Bancos, Financeiras e Instituições de Pagamento;Conglomerado; ;CAIXA ECONÔMICA FEDERAL (conglomerado);Abertura de conta de depósito com documentação ausente, insuficiente ou falsa;98;
2026;2º;Top 15 - Bancos, Financeiras e Instituições de Pagamento;Conglomerado; ;CAIXA ECONÔMICA FEDERAL (conglomerado);Ausência de título adequado relativo a cartão de crédito;24;
2026;2º;Top 15 - Bancos, Financeiras e Instituições de Pagamento;Conglomerado; ;CAIXA ECONÔMICA FEDERAL (conglomerado);Bloqueio de valores ou de conta fora do âmbito do Pix;122;
2026;2º;Top 15 - Bancos, Financeiras e Instituições de Pagamento;Conglomerado; ;CAIXA ECONÔMICA FEDERAL (conglomerado);Cancelamento de contrato a pedido do cliente não atendido por instituição financeira;73;
2026;2º;Top 15 - Bancos, Financeiras e Instituições de Pagamento;Conglomerado; ;CAIXA ECONÔMICA FEDERAL (conglomerado);Cobrança irregular de tarifa em operação de crédito;0;
2026;2º;Top 15 - Bancos, Financeiras e Instituições de Pagamento;Conglomerado; ;CAIXA ECONÔMICA FEDERAL (conglomerado);Cobrança irregular de tarifa relacionada a conta ou serviços acessórios à conta;24;
2026;2º;Top 15 - Bancos, Financeiras e Instituições de Pagamento;Conglomerado; ;CAIXA ECONÔMICA FEDERAL (conglomerado);Cobrança irregular de tarifa relacionada ao cartão de crédito;24;
2026;2º;Top 15 - Bancos, Financeiras e Instituições de Pagamento;Conglomerado; ;CAIXA ECONÔMICA FEDERAL (conglomerado);Cobranças diversas;0;
2026;2º;Top 15 - Bancos, Financeiras e Instituições de Pagamento;Conglomerado; ;CAIXA ECONÔMICA FEDERAL (conglomerado);Concessão de crédito (exceto consignado) sem a formalização do título adequado;24;
2026;2º;Top 15 - Bancos, Financeiras e Instituições de Pagamento;Conglomerado; ;CAIXA ECONÔMICA FEDERAL (conglomerado);Concessão de crédito consignado sem a formalização do título adequado;0;
2026;2º;Top 15 - Bancos, Financeiras e Instituições de Pagamento;Conglomerado; ;CAIXA ECONÔMICA FEDERAL (conglomerado);Crédito consignado;0;
2026;2º;Top 15 - Bancos, Financeiras e Instituições de Pagamento;Conglomerado; ;CAIXA ECONÔMICA FEDERAL (conglomerado);Descumprimento de ordem judicial;0;
2026;2º;Top 15 - Bancos, Financeiras e Instituições de Pagamento;Conglomerado; ;CAIXA ECONÔMICA FEDERAL (conglomerado);Descumprimento de prazo de resposta da reclamação registrada no BCB;0;
2026;2º;Top 15 - Bancos, Financeiras e Instituições de Pagamento;Conglomerado; ;CAIXA ECONÔMICA FEDERAL (conglomerado);Débito em conta não autorizado pelo cliente, ou não cumprimento das regras aplicáveis;147;
2026;2º;Top 15 - Bancos, Financeiras e Instituições de Pagamento;Conglomerado; ;CAIXA ECONÔMICA FEDERAL (conglomerado);Dificuldade na liberação ou substituição de bem;0;
2026;2º;Top 15 - Bancos, Financeiras e Instituições de Pagamento;Conglomerado; ;CAIXA ECONÔMICA FEDERAL (conglomerado);Encaminhamento de instrumentos de pagamento não solicitados;0;
2026;2º;Top 15 - Bancos, Financeiras e Instituições de Pagamento;Conglomerado; ;CAIXA ECONÔMICA FEDERAL (conglomerado);Golpe;0;
2026;2º;Top 15 - Bancos, Financeiras e Instituições de Pagamento;Conglomerado; ;CAIXA ECONÔMICA FEDERAL (conglomerado);Inclusão de dados incorretos no CCS (Cadastro de Clientes do Sistema Financeiro Nacional);49;
2026;2º;Top 15 - Bancos, Financeiras e Instituições de Pagamento;Conglomerado; ;CAIXA ECONÔMICA FEDERAL (conglomerado);Insatisfação com a resposta recebida da instituição financeira referente à reclamação registrada no BCB;24;
2026;2º;Top 15 - Bancos, Financeiras e Instituições de Pagamento;Conglomerado; ;CAIXA ECONÔMICA FEDERAL (conglomerado);Insatisfação com o atendimento prestado pelo SAC ou Central de Relacionamento;488;
2026;2º;Top 15 - Bancos, Financeiras e Instituições de Pagamento;Conglomerado; ;CAIXA ECONÔMICA FEDERAL (conglomerado);Irregularidades no processo de encerramento de conta de depósitos à vista;0;
2026;2º;Top 15 - Bancos, Financeiras e Instituições de Pagamento;Conglomerado; ;CAIXA ECONÔMICA FEDERAL (conglomerado);Irregularidades relacionadas a boletos de pagamento (exceto ausência de contrato com beneficiário);0;
2026;2º;Top 15 - Bancos, Financeiras e Instituições de Pagamento;Conglomerado; ;CAIXA ECONÔMICA FEDERAL (conglomerado);Irregularidades relacionadas a informações e liquidação de valores a receber no sistema SVR do BCB por parte de instituições financeiras;24;
2026;2º;Top 15 - Bancos, Financeiras e Instituições de Pagamento;Conglomerado; ;CAIXA ECONÔMICA FEDERAL (conglomerado);Irregularidades relacionadas a registros no Cadastro de Emitentes de Cheques sem Fundos (CCF);0;
2026;2º;Top 15 - Bancos, Financeiras e Instituições de Pagamento;Conglomerado; ;CAIXA ECONÔMICA FEDERAL (conglomerado);Irregularidades relacionadas ao acompanhamento de conta;293;
2026;2º;Top 15 - Bancos, Financeiras e Instituições de Pagamento;Conglomerado; ;CAIXA ECONÔMICA FEDERAL (conglomerado);Irregularidades relacionadas ao fornecimento de documento para liquidação antecipada de operações de crédito;24;
2026;2º;Top 15 - Bancos, Financeiras e Instituições de Pagamento;Conglomerado; ;CAIXA ECONÔMICA FEDERAL (conglomerado);Irregularidades relacionadas ao fornecimento de documentos relativos a cartão de crédito;0;
2026;2º;Top 15 - Bancos, Financeiras e Instituições de Pagamento;Conglomerado; ;CAIXA ECONÔMICA FEDERAL (conglomerado);Irregularidades relacionadas ao fornecimento de documentos relativos a conta;0;
2026;2º;Top 15 - Bancos, Financeiras e Instituições de Pagamento;Conglomerado; ;CAIXA ECONÔMICA FEDERAL (conglomerado);Irregularidades relacionadas ao fornecimento de documentos relativos a operação de crédito, exceto para liquidação antecipada e descritivo do crédito.;24;
2026;2º;Top 15 - Bancos, Financeiras e Instituições de Pagamento;Conglomerado; ;CAIXA ECONÔMICA FEDERAL (conglomerado);Irregularidades relacionadas ao fornecimento de informações relativas a operação de crédito contratada (DDC);98;
2026;2º;Top 15 - Bancos, Financeiras e Instituições de Pagamento;Conglomerado; ;CAIXA ECONÔMICA FEDERAL (conglomerado);Irregularidades relacionadas ao fornecimento de outros documentos, exceto os relativos a cartão de crédito, conta e operação de crédito;49;
2026;2º;Top 15 - Bancos, Financeiras e Instituições de Pagamento;Conglomerado; ;CAIXA ECONÔMICA FEDERAL (conglomerado);Irregularidades relacionadas ao Sistema de Informações de Crédito do Banco Central (SCR);24;
2026;2º;Top 15 - Bancos, Financeiras e Instituições de Pagamento;Conglomerado; ;CAIXA ECONÔMICA FEDERAL (conglomerado);Irregularidades relacionadas à liquidação de documentos (exceto cheques);24;
2026;2º;Top 15 - Bancos, Financeiras e Instituições de Pagamento;Conglomerado; ;CAIXA ECONÔMICA FEDERAL (conglomerado);Irregularidades relativas a integridade, confiabilidade, segurança, sigilo ou legitimidade das operações e serviços disponibilizados em ATM;49;
2026;2º;Top 15 - Bancos, Financeiras e Instituições de Pagamento;Conglomerado; ;CAIXA ECONÔMICA FEDERAL (conglomerado);Irregularidades relativas a integridade, confiabilidade, segurança, sigilo ou legitimidade das operações e serviços disponibilizados em internet banking;366;
2026;2º;Top 15 - Bancos, Financeiras e Instituições de Pagamento;Conglomerado; ;CAIXA ECONÔMICA FEDERAL (conglomerado);Irregularidades relativas a integridade, confiabilidade, segurança, sigilo ou legitimidade das operações e serviços relacionados a cartões de crédito;147;
2026;2º;Top 15 - Bancos, Financeiras e Instituições de Pagamento;Conglomerado; ;CAIXA ECONÔMICA FEDERAL (conglomerado);Irregularidades relativas a integridade, confiabilidade, segurança, sigilo ou legitimidade das operações e serviços relacionados a cartões de débito;98;
2026;2º;Top 15 - Bancos, Financeiras e Instituições de Pagamento;Conglomerado; ;CAIXA ECONÔMICA FEDERAL (conglomerado);Irregularidades relativas a integridade, confiabilidade, segurança, sigilo ou legitimidade das operações e serviços, exceto as relacionadas a cartão de crédito, cartão de débito, internet banking, ATM, credenciadora e operação de crédito;220;
2026;2º;Top 15 - Bancos, Financeiras e Instituições de Pagamento;Conglomerado; ;CAIXA ECONÔMICA FEDERAL (conglomerado);Irregularidades relativas a integridade, confiabilidade, segurança, sigilo ou legitimidade dos serviços relacionados a operações de crédito consignado;195;
2026;2º;Top 15 - Bancos, Financeiras e Instituições de Pagamento;Conglomerado; ;CAIXA ECONÔMICA FEDERAL (conglomerado);Irregularidades relativas a integridade, confiabilidade, segurança, sigilo ou legitimidade dos serviços relacionados a operações de crédito, exceto consignado;220;
2026;2º;Top 15 - Bancos, Financeiras e Instituições de Pagamento;Conglomerado; ;CAIXA ECONÔMICA FEDERAL (conglomerado);Irregularidades relativas a operações de crédito de saldo devedor de fatura de cartão de crédito (rotativo e parcelamento) e respectiva cobrança de encargos;24;
2026;2º;Top 15 - Bancos, Financeiras e Instituições de Pagamento;Conglomerado; ;CAIXA ECONÔMICA FEDERAL (conglomerado);Irregularidades relativas a telemarketing, SMS ou Whatsapp com oferta de produtos e serviços;0;
2026;2º;Top 15 - Bancos, Financeiras e Instituições de Pagamento;Conglomerado; ;CAIXA ECONÔMICA FEDERAL (conglomerado);Juros e preços;0;
2026;2º;Top 15 - Bancos, Financeiras e Instituições de Pagamento;Conglomerado; ;CAIXA ECONÔMICA FEDERAL (conglomerado);Liberação de recursos em financiamento imobiliário;0;
2026;2º;Top 15 - Bancos, Financeiras e Instituições de Pagamento;Conglomerado; ;CAIXA ECONÔMICA FEDERAL (conglomerado);Limites de transação;24;
2026;2º;Top 15 - Bancos, Financeiras e Instituições de Pagamento;Conglomerado; ;CAIXA ECONÔMICA FEDERAL (conglomerado);Não acatamento de solicitação de cancelamento de débitos automáticos em conta ou não cumprimento das regras aplicáveis;0;
2026;2º;Top 15 - Bancos, Financeiras e Instituições de Pagamento;Conglomerado; ;CAIXA ECONÔMICA FEDERAL (conglomerado);Oferta ou prestação de informação sobre a conta ou serviços acessórios de forma inadequada ;24;
2026;2º;Top 15 - Bancos, Financeiras e Instituições de Pagamento;Conglomerado; ;CAIXA ECONÔMICA FEDERAL (conglomerado);Oferta ou prestação de informação sobre crédito consignado de forma inadequada;0;
2026;2º;Top 15 - Bancos, Financeiras e Instituições de Pagamento;Conglomerado; ;CAIXA ECONÔMICA FEDERAL (conglomerado);Oferta ou prestação de informação sobre o cartão de crédito de forma inadequada ;73;
2026;2º;Top 15 - Bancos, Financeiras e Instituições de Pagamento;Conglomerado; ;CAIXA ECONÔMICA FEDERAL (conglomerado);Oferta ou prestação de informação sobre operação de crédito de forma inadequada, exceto crédito consignado;147;
2026;2º;Top 15 - Bancos, Financeiras e Instituições de Pagamento;Conglomerado; ;CAIXA ECONÔMICA FEDERAL (conglomerado);Oferta ou prestação de informação sobre produtos e serviços de forma inadequada, exceto as relacionadas a cartão de crédito, conta e serviços acessórios, credenciadora de cartão e operação de crédito;195;
2026;2º;Top 15 - Bancos, Financeiras e Instituições de Pagamento;Conglomerado; ;CAIXA ECONÔMICA FEDERAL (conglomerado);Outras irregularidades ;0;
2026;2º;Top 15 - Bancos, Financeiras e Instituições de Pagamento;Conglomerado; ;CAIXA ECONÔMICA FEDERAL (conglomerado);Outros assuntos não regulados relacionados a cartão de crédito;0;
2026;2º;Top 15 - Bancos, Financeiras e Instituições de Pagamento;Conglomerado; ;CAIXA ECONÔMICA FEDERAL (conglomerado);Pix  - chaves;24;
2026;2º;Top 15 - Bancos, Financeiras e Instituições de Pagamento;Conglomerado; ;CAIXA ECONÔMICA FEDERAL (conglomerado);Pix - Bloqueio ou devolução de valores;0;
2026;2º;Top 15 - Bancos, Financeiras e Instituições de Pagamento;Conglomerado; ;CAIXA ECONÔMICA FEDERAL (conglomerado);Pix - diversos;0;
2026;2º;Top 15 - Bancos, Financeiras e Instituições de Pagamento;Conglomerado; ;CAIXA ECONÔMICA FEDERAL (conglomerado);Pix - Dificuldade para solicitar ou realizar devolução;49;
2026;2º;Top 15 - Bancos, Financeiras e Instituições de Pagamento;Conglomerado; ;CAIXA ECONÔMICA FEDERAL (conglomerado);Pix - experiência do usuário;49;
2026;2º;Top 15 - Bancos, Financeiras e Instituições de Pagamento;Conglomerado; ;CAIXA ECONÔMICA FEDERAL (conglomerado);Pix - liquidação;0;
2026;2º;Top 15 - Bancos, Financeiras e Instituições de Pagamento;Conglomerado; ;CAIXA ECONÔMICA FEDERAL (conglomerado);Pix - outros;0;
2026;2º;Top 15 - Bancos, Financeiras e Instituições de Pagamento;Conglomerado; ;CAIXA ECONÔMICA FEDERAL (conglomerado);Planos Econômicos - divergências no saldo de cadernetas de poupança;0;
2026;2º;Top 15 - Bancos, Financeiras e Instituições de Pagamento;Conglomerado; ;CAIXA ECONÔMICA FEDERAL (conglomerado);Prestação de serviço de forma irregular em conta-salário;49;
2026;2º;Top 15 - Bancos, Financeiras e Instituições de Pagamento;Conglomerado; ;CAIXA ECONÔMICA FEDERAL (conglomerado);Reclamações relacionadas a assuntos diversos;0;
2026;2º;Top 15 - Bancos, Financeiras e Instituições de Pagamento;Conglomerado; ;CAIXA ECONÔMICA FEDERAL (conglomerado);Recusa de produtos ou serviços;0;
2026;2º;Top 15 - Bancos, Financeiras e Instituições de Pagamento;Conglomerado; ;CAIXA ECONÔMICA FEDERAL (conglomerado);Renegociação de dívida (exceto cartão de crédito);0;
2026;2º;Top 15 - Bancos, Financeiras e Instituições de Pagamento;Conglomerado; ;CAIXA ECONÔMICA FEDERAL (conglomerado);Restrição à realização de portabilidade de operações de crédito consignado relativas a pessoas naturais;0;
2026;2º;Top 15 - Bancos, Financeiras e Instituições de Pagamento;Conglomerado; ;CAIXA ECONÔMICA FEDERAL (conglomerado);Restrições cadastrais;0;
2026;2º;Top 15 - Bancos, Financeiras e Instituições de Pagamento;Conglomerado; ;CAIXA ECONÔMICA FEDERAL (conglomerado);Tempo de espera em fila;0;
2026;2º;Top 15 - Bancos, Financeiras e Instituições de Pagamento;Conglomerado; ;CAIXA ECONÔMICA FEDERAL (conglomerado);Terminais eletrônicos, internet e aplicativos;0;
2026;2º;Top 15 - Bancos, Financeiras e Instituições de Pagamento;Conglomerado; ;CAIXA ECONÔMICA FEDERAL (conglomerado);Transações não reconhecidas pelo titular da conta, realizadas por terceiros (invasão de conta) em instituições financeiras;122;
2026;2º;Top 15 - Bancos, Financeiras e Instituições de Pagamento;Conglomerado; ;CAIXA ECONÔMICA FEDERAL (conglomerado);Utilização incorreta da taxa de desconto no cálculo do valor presente relacionadas às operações de crédito consignado;0;
2026;2º;Demais Bancos, Financeiras e Instituições de Pagamento;Conglomerado; ;CAIXA GERAL (conglomerado);Abertura de conta de depósito com documentação ausente, insuficiente ou falsa;0;
2026;2º;Demais Bancos, Financeiras e Instituições de Pagamento;Conglomerado; ;CAIXA GERAL (conglomerado);Bloqueio de valores ou de conta fora do âmbito do Pix;0;
2026;2º;Demais Bancos, Financeiras e Instituições de Pagamento;Conglomerado; ;CAIXA GERAL (conglomerado);Cancelamento de contrato a pedido do cliente não atendido por instituição financeira;0;
2026;2º;Demais Bancos, Financeiras e Instituições de Pagamento;Conglomerado; ;CAIXA GERAL (conglomerado);Cobranças diversas;0;
2026;2º;Demais Bancos, Financeiras e Instituições de Pagamento;Conglomerado; ;CAIXA GERAL (conglomerado);Débito em conta não autorizado pelo cliente, ou não cumprimento das regras aplicáveis;0;
2026;2º;Demais Bancos, Financeiras e Instituições de Pagamento;Conglomerado; ;CAIXA GERAL (conglomerado);Golpe;0;
2026;2º;Demais Bancos, Financeiras e Instituições de Pagamento;Conglomerado; ;CAIXA GERAL (conglomerado);Insatisfação com a resposta recebida da instituição financeira referente à reclamação registrada no BCB;0;
2026;2º;Demais Bancos, Financeiras e Instituições de Pagamento;Conglomerado; ;CAIXA GERAL (conglomerado);Insatisfação com o atendimento prestado pelo SAC ou Central de Relacionamento;0;
2026;2º;Demais Bancos, Financeiras e Instituições de Pagamento;Conglomerado; ;CAIXA GERAL (conglomerado);Irregularidades no processo de encerramento de conta de depósitos à vista;0;
2026;2º;Demais Bancos, Financeiras e Instituições de Pagamento;Conglomerado; ;CAIXA GERAL (conglomerado);Irregularidades relacionadas a boletos de pagamento (exceto ausência de contrato com beneficiário);0;
2026;2º;Demais Bancos, Financeiras e Instituições de Pagamento;Conglomerado; ;CAIXA GERAL (conglomerado);Irregularidades relacionadas ao acompanhamento de conta;0;
2026;2º;Demais Bancos, Financeiras e Instituições de Pagamento;Conglomerado; ;CAIXA GERAL (conglomerado);Irregularidades relacionadas ao fornecimento de documentos relativos a operação de crédito, exceto para liquidação antecipada e descritivo do crédito.;0;
2026;2º;Demais Bancos, Financeiras e Instituições de Pagamento;Conglomerado; ;CAIXA GERAL (conglomerado);Irregularidades relacionadas ao fornecimento de informações relativas a operação de crédito contratada (DDC);0;
2026;2º;Demais Bancos, Financeiras e Instituições de Pagamento;Conglomerado; ;CAIXA GERAL (conglomerado);Irregularidades relacionadas ao fornecimento de outros documentos, exceto os relativos a cartão de crédito, conta e operação de crédito;0;
2026;2º;Demais Bancos, Financeiras e Instituições de Pagamento;Conglomerado; ;CAIXA GERAL (conglomerado);Irregularidades relacionadas ao Sistema de Informações de Crédito do Banco Central (SCR);0;
2026;2º;Demais Bancos, Financeiras e Instituições de Pagamento;Conglomerado; ;CAIXA GERAL (conglomerado);Irregularidades relacionadas à liquidação de documentos (exceto cheques);0;
2026;2º;Demais Bancos, Financeiras e Instituições de Pagamento;Conglomerado; ;CAIXA GERAL (conglomerado);Irregularidades relativas a integridade, confiabilidade, segurança, sigilo ou legitimidade das operações e serviços disponibilizados em ATM;0;
2026;2º;Demais Bancos, Financeiras e Instituições de Pagamento;Conglomerado; ;CAIXA GERAL (conglomerado);Irregularidades relativas a integridade, confiabilidade, segurança, sigilo ou legitimidade das operações e serviços relacionados a cartões de crédito;0;
2026;2º;Demais Bancos, Financeiras e Instituições de Pagamento;Conglomerado; ;CAIXA GERAL (conglomerado);Irregularidades relativas a integridade, confiabilidade, segurança, sigilo ou legitimidade das operações e serviços relacionados a cartões de débito;0;
2026;2º;Demais Bancos, Financeiras e Instituições de Pagamento;Conglomerado; ;CAIXA GERAL (conglomerado);Irregularidades relativas a integridade, confiabilidade, segurança, sigilo ou legitimidade das operações e serviços, exceto as relacionadas a cartão de crédito, cartão de débito, internet banking, ATM, credenciadora e operação de crédito;0;
2026;2º;Demais Bancos, Financeiras e Instituições de Pagamento;Conglomerado; ;CAIXA GERAL (conglomerado);Irregularidades relativas a integridade, confiabilidade, segurança, sigilo ou legitimidade dos serviços relacionados a operações de crédito consignado;0;
2026;2º;Demais Bancos, Financeiras e Instituições de Pagamento;Conglomerado; ;CAIXA GERAL (conglomerado);Irregularidades relativas a integridade, confiabilidade, segurança, sigilo ou legitimidade dos serviços relacionados a operações de crédito, exceto consignado;0;
2026;2º;Demais Bancos, Financeiras e Instituições de Pagamento;Conglomerado; ;CAIXA GERAL (conglomerado);Irregularidades relativas a operações de crédito de saldo devedor de fatura de cartão de crédito (rotativo e parcelamento) e respectiva cobrança de encargos;0;
2026;2º;Demais Bancos, Financeiras e Instituições de Pagamento;Conglomerado; ;CAIXA GERAL (conglomerado);Oferta ou prestação de informação sobre o cartão de crédito de forma inadequada ;0;
2026;2º;Demais Bancos, Financeiras e Instituições de Pagamento;Conglomerado; ;CAIXA GERAL (conglomerado);Oferta ou prestação de informação sobre operação de crédito de forma inadequada, exceto crédito consignado;0;
2026;2º;Demais Bancos, Financeiras e Instituições de Pagamento;Conglomerado; ;CAIXA GERAL (conglomerado);Pix  - chaves;0;
2026;2º;Demais Bancos, Financeiras e Instituições de Pagamento;Conglomerado; ;CAIXA GERAL (conglomerado);Pix - Bloqueio ou devolução de valores;0;
2026;2º;Demais Bancos, Financeiras e Instituições de Pagamento;Conglomerado; ;CAIXA GERAL (conglomerado);Pix - Dificuldade para solicitar ou realizar devolução;0;
2026;2º;Demais Bancos, Financeiras e Instituições de Pagamento;Conglomerado; ;CAIXA GERAL (conglomerado);Reclamações relacionadas a assuntos diversos;0;
2026;2º;Demais Bancos, Financeiras e Instituições de Pagamento;Conglomerado; ;CAIXA GERAL (conglomerado);Recusa de produtos ou serviços;0;
2026;2º;Demais Bancos, Financeiras e Instituições de Pagamento;Conglomerado; ;CAIXA GERAL (conglomerado);Recusa ou dificuldade de acesso aos canais de atendimento convencionais;0;
2026;2º;Demais Bancos, Financeiras e Instituições de Pagamento;Conglomerado; ;CAIXA GERAL (conglomerado);Renegociação de dívida (exceto cartão de crédito);0;
2026;2º;Demais Bancos, Financeiras e Instituições de Pagamento;Conglomerado; ;CAIXA GERAL (conglomerado);Restrições cadastrais;0;
2026;2º;Demais Bancos, Financeiras e Instituições de Pagamento;Conglomerado; ;CAIXA GERAL (conglomerado);Terminais eletrônicos, internet e aplicativos;0;
2026;2º;Demais Bancos, Financeiras e Instituições de Pagamento;Conglomerado; ;CALCARD IP (conglomerado);Cancelamento de contrato a pedido do cliente de conta de pagamento pós-paga não atendido - instituição de pagamento;1;
2026;2º;Demais Bancos, Financeiras e Instituições de Pagamento;Conglomerado; ;CALCARD IP (conglomerado);Cobranças diversas;0;
2026;2º;Demais Bancos, Financeiras e Instituições de Pagamento;Conglomerado; ;CALCARD IP (conglomerado);Cobranças diversas de IPs;0;
2026;2º;Demais Bancos, Financeiras e Instituições de Pagamento;Conglomerado; ;CALCARD IP (conglomerado);Concessão de crédito (exceto consignado) sem a formalização do título adequado;1;
2026;2º;Demais Bancos, Financeiras e Instituições de Pagamento;Conglomerado; ;CALCARD IP (conglomerado);Insatisfação com a resposta referente à reclamação registrada no BCB recebida - instituição de pagamento;1;
2026;2º;Demais Bancos, Financeiras e Instituições de Pagamento;Conglomerado; ;CALCARD IP (conglomerado);Insatisfação com o atendimento prestado pelo SAC ou Central de Relacionamento - instituição de pagamento;1;
2026;2º;Demais Bancos, Financeiras e Instituições de Pagamento;Conglomerado; ;CALCARD IP (conglomerado);Irregularidades relacionadas ao fornecimento de documentos por conta de pagamentos pré-paga - instituição de pagamento;0;
2026;2º;Demais Bancos, Financeiras e Instituições de Pagamento;Conglomerado; ;CALCARD IP (conglomerado);Irregularidades relacionadas ao Sistema de Informações de Crédito do Banco Central (SCR);3;
2026;2º;Demais Bancos, Financeiras e Instituições de Pagamento;Conglomerado; ;CALCARD IP (conglomerado);Irregularidades relacionadas ao Sistema de Informações de Crédito do Banco Central (SCR) - instituição de pagamento;1;
2026;2º;Demais Bancos, Financeiras e Instituições de Pagamento;Conglomerado; ;CALCARD IP (conglomerado);Irregularidades relativas a integridade, confiabilidade, segurança, sigilo ou legitimidade das operações e serviços prestados relacionados a conta de pagamento pós-paga - instituição de pagamento;5;
2026;2º;Demais Bancos, Financeiras e Instituições de Pagamento;Conglomerado; ;CALCARD IP (conglomerado);Irregularidades relativas a integridade, confiabilidade, segurança, sigilo ou legitimidade das operações e serviços relacionados a cartões de crédito;1;
2026;2º;Demais Bancos, Financeiras e Instituições de Pagamento;Conglomerado; ;CALCARD IP (conglomerado);Irregularidades relativas a operações de crédito de saldo devedor de fatura de cartão de crédito (rotativo e parcelamento) e respectiva cobrança de encargos;0;
2026;2º;Demais Bancos, Financeiras e Instituições de Pagamento;Conglomerado; ;CALCARD IP (conglomerado);Irregularidades relativas a operações de crédito de saldo devedor de fatura de cartão de crédito (rotativo e parcelamento) e respectiva cobrança de encargos - instituições de pagamento;0;
2026;2º;Demais Bancos, Financeiras e Instituições de Pagamento;Conglomerado; ;CALCARD IP (conglomerado);Juros e preços;0;
2026;2º;Demais Bancos, Financeiras e Instituições de Pagamento;Conglomerado; ;CALCARD IP (conglomerado);Limites de transação - instituição de pagamento;4;
2026;2º;Demais Bancos, Financeiras e Instituições de Pagamento;Conglomerado; ;CALCARD IP (conglomerado);Oferta ou prestação de informação a respeito de produtos e serviços de forma inadequada para conta de pagamento pós-paga - instituição de pagamento;8;
2026;2º;Demais Bancos, Financeiras e Instituições de Pagamento;Conglomerado; ;CALCARD IP (conglomerado);Reclamações relacionadas a assuntos diversos;0;
2026;2º;Demais Bancos, Financeiras e Instituições de Pagamento;Conglomerado; ;CALCARD IP (conglomerado);Recusa de produtos ou serviços - instituição de pagamento;0;
2026;2º;Demais Bancos, Financeiras e Instituições de Pagamento;Conglomerado; ;CALCARD IP (conglomerado);Renegociação de dívida em instituição de pagamento;0;
2026;2º;Demais Bancos, Financeiras e Instituições de Pagamento;Conglomerado; ;CALCARD IP (conglomerado);Restrições cadastrais por parte - instituição de pagamento;0;
2026;2º;Demais Bancos, Financeiras e Instituições de Pagamento;Conglomerado; ;CARUANA SCFI (conglomerado);Irregularidades relacionadas ao Sistema de Informações de Crédito do Banco Central (SCR);9;
2026;2º;Demais Bancos, Financeiras e Instituições de Pagamento;Conglomerado; ;CASAS BAHIA PAY IP (conglomerado);Abertura de conta de pagamento sem documentação necessária ou com documentação falsa - instituição de pagamento;12;
2026;2º;Demais Bancos, Financeiras e Instituições de Pagamento;Conglomerado; ;CASAS BAHIA PAY IP (conglomerado);Bloqueio de valores ou de conta fora do âmbito do Pix - instituição de pagamento;3;
2026;2º;Demais Bancos, Financeiras e Instituições de Pagamento;Conglomerado; ;CASAS BAHIA PAY IP (conglomerado);Cancelamento de contrato a pedido do cliente de conta de pagamento pós-paga não atendido - instituição de pagamento;1;
2026;2º;Demais Bancos, Financeiras e Instituições de Pagamento;Conglomerado; ;CASAS BAHIA PAY IP (conglomerado);Cobrança irregular de tarifa em conta de pagamento pré-paga - instituição de pagamento;0;
2026;2º;Demais Bancos, Financeiras e Instituições de Pagamento;Conglomerado; ;CASAS BAHIA PAY IP (conglomerado);Cobranças diversas de IPs;0;
2026;2º;Demais Bancos, Financeiras e Instituições de Pagamento;Conglomerado; ;CASAS BAHIA PAY IP (conglomerado);Débito em conta de pagamento pré-paga não autorizado pelo cliente, ou não cumprimento das regras aplicáveis - instituição de pagamento;1;
2026;2º;Demais Bancos, Financeiras e Instituições de Pagamento;Conglomerado; ;CASAS BAHIA PAY IP (conglomerado);Golpe;0;
2026;2º;Demais Bancos, Financeiras e Instituições de Pagamento;Conglomerado; ;CASAS BAHIA PAY IP (conglomerado);Inclusão de dados incorretos no CCS (Cadastro de Clientes do Sistema Financeiro Nacional) - instituição de pagamento;1;
2026;2º;Demais Bancos, Financeiras e Instituições de Pagamento;Conglomerado; ;CASAS BAHIA PAY IP (conglomerado);Insatisfação com a resposta referente à reclamação registrada no BCB recebida - instituição de pagamento;0;
2026;2º;Demais Bancos, Financeiras e Instituições de Pagamento;Conglomerado; ;CASAS BAHIA PAY IP (conglomerado);Insatisfação com o atendimento prestado pelo SAC ou Central de Relacionamento - instituição de pagamento;0;
2026;2º;Demais Bancos, Financeiras e Instituições de Pagamento;Conglomerado; ;CASAS BAHIA PAY IP (conglomerado);Irregularidades no processo de encerramento de conta de pagamento - instituição de pagamento;0;
2026;2º;Demais Bancos, Financeiras e Instituições de Pagamento;Conglomerado; ;CASAS BAHIA PAY IP (conglomerado);Irregularidades relacionadas a informações e liquidação de valores a receber no sistema SVR do BCB - instituições de pagamento;0;
2026;2º;Demais Bancos, Financeiras e Instituições de Pagamento;Conglomerado; ;CASAS BAHIA PAY IP (conglomerado);Irregularidades relacionadas ao acompanhamento de conta de pagamento - instituição de pagamento;0;
2026;2º;Demais Bancos, Financeiras e Instituições de Pagamento;Conglomerado; ;CASAS BAHIA PAY IP (conglomerado);Irregularidades relacionadas ao fornecimento de documentos por conta de pagamentos pós-paga - instituição de pagamento;1;
2026;2º;Demais Bancos, Financeiras e Instituições de Pagamento;Conglomerado; ;CASAS BAHIA PAY IP (conglomerado);Irregularidades relacionadas ao fornecimento de documentos por conta de pagamentos pré-paga - instituição de pagamento;1;
2026;2º;Demais Bancos, Financeiras e Instituições de Pagamento;Conglomerado; ;CASAS BAHIA PAY IP (conglomerado);Irregularidades relacionadas ao Sistema de Informações de Crédito do Banco Central (SCR) - instituição de pagamento;0;
2026;2º;Demais Bancos, Financeiras e Instituições de Pagamento;Conglomerado; ;CASAS BAHIA PAY IP (conglomerado);Irregularidades relativas a integridade, confiabilidade, segurança, sigilo ou legitimidade das operações e serviços prestados relacionados a conta de pagamento pós-paga - instituição de pagamento;1;
2026;2º;Demais Bancos, Financeiras e Instituições de Pagamento;Conglomerado; ;CASAS BAHIA PAY IP (conglomerado);Irregularidades relativas a integridade, confiabilidade, segurança, sigilo ou legitimidade das operações e serviços prestados relacionados a conta de pagamento pré-paga - instituição de pagamento;4;
2026;2º;Demais Bancos, Financeiras e Instituições de Pagamento;Conglomerado; ;CASAS BAHIA PAY IP (conglomerado);Outros assuntos não regulados relacionados a cartão de crédito - instituição de pagamento;0;
2026;2º;Demais Bancos, Financeiras e Instituições de Pagamento;Conglomerado; ;CASAS BAHIA PAY IP (conglomerado);Pix - Bloqueio ou devolução irregular de valores - instituição de pagamento;0;
2026;2º;Demais Bancos, Financeiras e Instituições de Pagamento;Conglomerado; ;CASAS BAHIA PAY IP (conglomerado);Pix - Dificuldade para solicitar ou realizar devolução - instituição de pagamento;0;
2026;2º;Demais Bancos, Financeiras e Instituições de Pagamento;Conglomerado; ;CASAS BAHIA PAY IP (conglomerado);Pix - liquidação - instituição de pagamento;3;
2026;2º;Demais Bancos, Financeiras e Instituições de Pagamento;Conglomerado; ;CASAS BAHIA PAY IP (conglomerado);Pix - outros - instituição de pagamento;0;
2026;2º;Demais Bancos, Financeiras e Instituições de Pagamento;Conglomerado; ;CASAS BAHIA PAY IP (conglomerado);PIX - Chaves - instituição de pagamento;4;
2026;2º;Demais Bancos, Financeiras e Instituições de Pagamento;Conglomerado; ;CASAS BAHIA PAY IP (conglomerado);PIX - Diversos - instituição de pagamento;0;
2026;2º;Demais Bancos, Financeiras e Instituições de Pagamento;Conglomerado; ;CASAS BAHIA PAY IP (conglomerado);Reclamações relacionadas a assuntos diversos envolvendo - instituição de pagamento;0;
2026;2º;Demais Bancos, Financeiras e Instituições de Pagamento;Conglomerado; ;CASAS BAHIA PAY IP (conglomerado);Recusa de produtos ou serviços - instituição de pagamento;0;
2026;2º;Demais Bancos, Financeiras e Instituições de Pagamento;Conglomerado; ;CASAS BAHIA PAY IP (conglomerado);Renegociação de dívida em instituição de pagamento;0;
2026;2º;Demais Bancos, Financeiras e Instituições de Pagamento;Conglomerado; ;CASAS BAHIA PAY IP (conglomerado);Restrições cadastrais por parte - instituição de pagamento;0;
2026;2º;Demais Bancos, Financeiras e Instituições de Pagamento;Conglomerado; ;CASAS BAHIA PAY IP (conglomerado);Terminais eletrônicos, internet e aplicativos - instituição de pagamento;0;
2026;2º;Demais Bancos, Financeiras e Instituições de Pagamento;Conglomerado; ;CELCOIN IP (conglomerado);Abertura de conta de pagamento sem documentação necessária ou com documentação falsa - instituição de pagamento;43;
2026;2º;Demais Bancos, Financeiras e Instituições de Pagamento;Conglomerado; ;CELCOIN IP (conglomerado);Bloqueio de valores ou de conta fora do âmbito do Pix - instituição de pagamento;2;
2026;2º;Demais Bancos, Financeiras e Instituições de Pagamento;Conglomerado; ;CELCOIN IP (conglomerado);Cancelamento de contrato a pedido do cliente de conta de pagamento pré-paga não atendido - instituição de pagamento;0;
2026;2º;Demais Bancos, Financeiras e Instituições de Pagamento;Conglomerado; ;CELCOIN IP (conglomerado);Cobranças diversas de IPs;0;
2026;2º;Demais Bancos, Financeiras e Instituições de Pagamento;Conglomerado; ;CELCOIN IP (conglomerado);Inclusão de dados incorretos no CCS (Cadastro de Clientes do Sistema Financeiro Nacional) - instituição de pagamento;4;
2026;2º;Demais Bancos, Financeiras e Instituições de Pagamento;Conglomerado; ;CELCOIN IP (conglomerado);Insatisfação com a resposta referente à reclamação registrada no BCB recebida - instituição de pagamento;0;
2026;2º;Demais Bancos, Financeiras e Instituições de Pagamento;Conglomerado; ;CELCOIN IP (conglomerado);Insatisfação com o atendimento prestado pelo SAC ou Central de Relacionamento - instituição de pagamento;9;
2026;2º;Demais Bancos, Financeiras e Instituições de Pagamento;Conglomerado; ;CELCOIN IP (conglomerado);Irregularidades no processo de encerramento de conta de pagamento - instituição de pagamento;9;
2026;2º;Demais Bancos, Financeiras e Instituições de Pagamento;Conglomerado; ;CELCOIN IP (conglomerado);Irregularidades relacionadas ao acompanhamento de conta de pagamento - instituição de pagamento;30;
2026;2º;Demais Bancos, Financeiras e Instituições de Pagamento;Conglomerado; ;CELCOIN IP (conglomerado);Irregularidades relacionadas ao fornecimento de documentos por conta de pagamentos pré-paga - instituição de pagamento;6;
2026;2º;Demais Bancos, Financeiras e Instituições de Pagamento;Conglomerado; ;CELCOIN IP (conglomerado);Irregularidades relativas a integridade, confiabilidade, segurança, sigilo ou legitimidade das operações e serviços prestados relacionados a conta de pagamento pós-paga - instituição de pagamento;0;
2026;2º;Demais Bancos, Financeiras e Instituições de Pagamento;Conglomerado; ;CELCOIN IP (conglomerado);Irregularidades relativas a integridade, confiabilidade, segurança, sigilo ou legitimidade das operações e serviços prestados relacionados a conta de pagamento pré-paga - instituição de pagamento;19;
2026;2º;Demais Bancos, Financeiras e Instituições de Pagamento;Conglomerado; ;CELCOIN IP (conglomerado);Limites de transação - instituição de pagamento;2;
2026;2º;Demais Bancos, Financeiras e Instituições de Pagamento;Conglomerado; ;CELCOIN IP (conglomerado);Oferta ou prestação de informação a respeito de produtos e serviços de forma inadequada para conta de pagamento pós-paga - instituição de pagamento;2;
2026;2º;Demais Bancos, Financeiras e Instituições de Pagamento;Conglomerado; ;CELCOIN IP (conglomerado);Oferta ou prestação de informação a respeito de produtos e serviços de forma inadequada para conta de pagamento pré-paga - instituição de pagamento;0;
2026;2º;Demais Bancos, Financeiras e Instituições de Pagamento;Conglomerado; ;CELCOIN IP (conglomerado);Outras irregularidades - instituição de pagamento;0;
2026;2º;Demais Bancos, Financeiras e Instituições de Pagamento;Conglomerado; ;CELCOIN IP (conglomerado);Pix - Bloqueio ou devolução irregular de valores - instituição de pagamento;0;
2026;2º;Demais Bancos, Financeiras e Instituições de Pagamento;Conglomerado; ;CELCOIN IP (conglomerado);Pix - Dificuldade para solicitar ou realizar devolução - instituição de pagamento;2;
2026;2º;Demais Bancos, Financeiras e Instituições de Pagamento;Conglomerado; ;CELCOIN IP (conglomerado);Pix - liquidação - instituição de pagamento;0;
2026;2º;Demais Bancos, Financeiras e Instituições de Pagamento;Conglomerado; ;CELCOIN IP (conglomerado);PIX - Chaves - instituição de pagamento;217;
2026;2º;Demais Bancos, Financeiras e Instituições de Pagamento;Conglomerado; ;CELCOIN IP (conglomerado);PIX - Diversos - instituição de pagamento;0;
2026;2º;Demais Bancos, Financeiras e Instituições de Pagamento;Conglomerado; ;CELCOIN IP (conglomerado);PIX - Iniciação - instituição de pagamento;2;
2026;2º;Demais Bancos, Financeiras e Instituições de Pagamento;Conglomerado; ;CELCOIN IP (conglomerado);Reclamações relacionadas a assuntos diversos envolvendo - instituição de pagamento;0;
2026;2º;Demais Bancos, Financeiras e Instituições de Pagamento;Conglomerado; ;CELCOIN IP (conglomerado);Renegociação de dívida em instituição de pagamento;0;
2026;2º;Demais Bancos, Financeiras e Instituições de Pagamento;Conglomerado; ;CELCOIN IP (conglomerado);Restrições cadastrais por parte - instituição de pagamento;0;
2026;2º;Demais Bancos, Financeiras e Instituições de Pagamento;Conglomerado; ;CELCOIN IP (conglomerado);Terminais eletrônicos, internet e aplicativos - instituição de pagamento;0;
2026;2º;Demais Bancos, Financeiras e Instituições de Pagamento;Conglomerado; ;CIELO IP (conglomerado);Abertura de conta de pagamento sem documentação necessária ou com documentação falsa - instituição de pagamento;3;
2026;2º;Demais Bancos, Financeiras e Instituições de Pagamento;Conglomerado; ;CIELO IP (conglomerado);Bloqueio de valores ou de conta fora do âmbito do Pix - instituição de pagamento;0;
2026;2º;Demais Bancos, Financeiras e Instituições de Pagamento;Conglomerado; ;CIELO IP (conglomerado);Cobranças diversas de IPs;0;
2026;2º;Demais Bancos, Financeiras e Instituições de Pagamento;Conglomerado; ;CIELO IP (conglomerado);Inclusão de dados incorretos no CCS (Cadastro de Clientes do Sistema Financeiro Nacional) - instituição de pagamento;16;
2026;2º;Demais Bancos, Financeiras e Instituições de Pagamento;Conglomerado; ;CIELO IP (conglomerado);Insatisfação com a resposta referente à reclamação registrada no BCB recebida - instituição de pagamento;3;
2026;2º;Demais Bancos, Financeiras e Instituições de Pagamento;Conglomerado; ;CIELO IP (conglomerado);Irregularidades no processo de encerramento de conta de pagamento - instituição de pagamento;0;
2026;2º;Demais Bancos, Financeiras e Instituições de Pagamento;Conglomerado; ;CIELO IP (conglomerado);Irregularidades relacionadas a informações e liquidação de valores a receber no sistema SVR do BCB - instituições de pagamento;3;
2026;2º;Demais Bancos, Financeiras e Instituições de Pagamento;Conglomerado; ;CIELO IP (conglomerado);Irregularidades relacionadas ao acompanhamento de conta de pagamento - instituição de pagamento;3;
2026;2º;Demais Bancos, Financeiras e Instituições de Pagamento;Conglomerado; ;CIELO IP (conglomerado);Irregularidades relacionadas ao fornecimento de documentos por conta de pagamentos pré-paga - instituição de pagamento;0;
2026;2º;Demais Bancos, Financeiras e Instituições de Pagamento;Conglomerado; ;CIELO IP (conglomerado);Irregularidades relacionadas ao Sistema de Informações de Crédito do Banco Central (SCR) - instituição de pagamento;0;
2026;2º;Demais Bancos, Financeiras e Instituições de Pagamento;Conglomerado; ;CIELO IP (conglomerado);Irregularidades relativas a integridade, confiabilidade, segurança, sigilo ou legitimidade das operações e serviços prestados relacionados a conta de pagamento pós-paga - instituição de pagamento;0;
2026;2º;Demais Bancos, Financeiras e Instituições de Pagamento;Conglomerado; ;CIELO IP (conglomerado);Pix - liquidação - instituição de pagamento;0;
2026;2º;Demais Bancos, Financeiras e Instituições de Pagamento;Conglomerado; ;CIELO IP (conglomerado);PIX - Chaves - instituição de pagamento;3;
2026;2º;Demais Bancos, Financeiras e Instituições de Pagamento;Conglomerado; ;CIELO IP (conglomerado);Reclamações relacionadas a assuntos diversos envolvendo - instituição de pagamento;0;
2026;2º;Demais Bancos, Financeiras e Instituições de Pagamento;Conglomerado; ;CIELO IP (conglomerado);Renegociação de dívida em instituição de pagamento;0;
2026;2º;Demais Bancos, Financeiras e Instituições de Pagamento;Conglomerado; ;CIELO IP (conglomerado);Restrições cadastrais por parte - instituição de pagamento;0;
2026;2º;Demais Bancos, Financeiras e Instituições de Pagamento;Conglomerado; ;CITIBANK (conglomerado);Débito em conta não autorizado pelo cliente, ou não cumprimento das regras aplicáveis;0;
2026;2º;Demais Bancos, Financeiras e Instituições de Pagamento;Conglomerado; ;CITIBANK (conglomerado);Golpe;0;
2026;2º;Demais Bancos, Financeiras e Instituições de Pagamento;Conglomerado; ;CITIBANK (conglomerado);Integridade, confiabilidade, segurança, sigilo e legitimidade das operações e serviços  - conta de pagamento pré-paga;0;
2026;2º;Demais Bancos, Financeiras e Instituições de Pagamento;Conglomerado; ;CITIBANK (conglomerado);Reclamações relacionadas a assuntos diversos;0;
2026;2º;Demais Bancos, Financeiras e Instituições de Pagamento;Conglomerado; ;CITIBANK (conglomerado);Restrições cadastrais;0;
2026;2º;Demais Bancos, Financeiras e Instituições de Pagamento;Conglomerado; ;CLARA IP (conglomerado);Irregularidades no processo de encerramento de conta de pagamento - instituição de pagamento;0;
2026;2º;Demais Bancos, Financeiras e Instituições de Pagamento;Conglomerado; ;CLARA IP (conglomerado);Irregularidades relacionadas ao fornecimento de documentos por conta de pagamentos pós-paga - instituição de pagamento;4;
2026;2º;Demais Bancos, Financeiras e Instituições de Pagamento;Conglomerado; ;CLARA IP (conglomerado);Irregularidades relativas a integridade, confiabilidade, segurança, sigilo ou legitimidade das operações e serviços prestados relacionados a conta de pagamento pré-paga - instituição de pagamento;4;
2026;2º;Demais Bancos, Financeiras e Instituições de Pagamento;Conglomerado; ;CLARO PAY IP (conglomerado);Abertura de conta de pagamento sem documentação necessária ou com documentação falsa - instituição de pagamento;2;
2026;2º;Demais Bancos, Financeiras e Instituições de Pagamento;Conglomerado; ;CLARO PAY IP (conglomerado);Bloqueio de valores ou de conta fora do âmbito do Pix - instituição de pagamento;1;
2026;2º;Demais Bancos, Financeiras e Instituições de Pagamento;Conglomerado; ;CLARO PAY IP (conglomerado);Cobranças diversas de IPs;0;
2026;2º;Demais Bancos, Financeiras e Instituições de Pagamento;Conglomerado; ;CLARO PAY IP (conglomerado);Inclusão de dados incorretos no CCS (Cadastro de Clientes do Sistema Financeiro Nacional) - instituição de pagamento;1;
2026;2º;Demais Bancos, Financeiras e Instituições de Pagamento;Conglomerado; ;CLARO PAY IP (conglomerado);Insatisfação com a resposta referente à reclamação registrada no BCB recebida - instituição de pagamento;0;
2026;2º;Demais Bancos, Financeiras e Instituições de Pagamento;Conglomerado; ;CLARO PAY IP (conglomerado);Insatisfação com o atendimento prestado pelo SAC ou Central de Relacionamento - instituição de pagamento;1;
2026;2º;Demais Bancos, Financeiras e Instituições de Pagamento;Conglomerado; ;CLARO PAY IP (conglomerado);Irregularidades no processo de encerramento de conta de pagamento - instituição de pagamento;6;
2026;2º;Demais Bancos, Financeiras e Instituições de Pagamento;Conglomerado; ;CLARO PAY IP (conglomerado);Irregularidades relacionadas ao fornecimento de documentos por conta de pagamentos pré-paga - instituição de pagamento;2;
2026;2º;Demais Bancos, Financeiras e Instituições de Pagamento;Conglomerado; ;CLARO PAY IP (conglomerado);Irregularidades relativas a integridade, confiabilidade, segurança, sigilo ou legitimidade das operações e serviços prestados relacionados a conta de pagamento pós-paga - instituição de pagamento;0;
2026;2º;Demais Bancos, Financeiras e Instituições de Pagamento;Conglomerado; ;CLARO PAY IP (conglomerado);Irregularidades relativas a integridade, confiabilidade, segurança, sigilo ou legitimidade das operações e serviços prestados relacionados a conta de pagamento pré-paga - instituição de pagamento;3;
2026;2º;Demais Bancos, Financeiras e Instituições de Pagamento;Conglomerado; ;CLARO PAY IP (conglomerado);Irregularidades relativas a operações de crédito de saldo devedor de fatura de cartão de crédito (rotativo e parcelamento) e respectiva cobrança de encargos - instituições de pagamento;0;
2026;2º;Demais Bancos, Financeiras e Instituições de Pagamento;Conglomerado; ;CLARO PAY IP (conglomerado);Oferta ou prestação de informação a respeito de produtos e serviços de forma inadequada para conta de pagamento pré-paga - instituição de pagamento;3;
2026;2º;Demais Bancos, Financeiras e Instituições de Pagamento;Conglomerado; ;CLARO PAY IP (conglomerado);PIX - Chaves - instituição de pagamento;3;
2026;2º;Demais Bancos, Financeiras e Instituições de Pagamento;Conglomerado; ;CLARO PAY IP (conglomerado);PIX - Iniciação - instituição de pagamento;10;
2026;2º;Demais Bancos, Financeiras e Instituições de Pagamento;Conglomerado; ;CLARO PAY IP (conglomerado);Reclamações relacionadas a assuntos diversos envolvendo - instituição de pagamento;0;
2026;2º;Demais Bancos, Financeiras e Instituições de Pagamento;Conglomerado; ;CLARO PAY IP (conglomerado);Renegociação de dívida em instituição de pagamento;0;
2026;2º;Demais Bancos, Financeiras e Instituições de Pagamento;Conglomerado; ;CLARO PAY IP (conglomerado);Restrições cadastrais por parte - instituição de pagamento;0;
2026;2º;Top 15 - Bancos, Financeiras e Instituições de Pagamento;Conglomerado; ;CLOUDWALK IP (conglomerado);Abertura de conta de depósito com documentação ausente, insuficiente ou falsa;3;
2026;2º;Top 15 - Bancos, Financeiras e Instituições de Pagamento;Conglomerado; ;CLOUDWALK IP (conglomerado);Abertura de conta de pagamento sem documentação necessária ou com documentação falsa - instituição de pagamento;0;
2026;2º;Top 15 - Bancos, Financeiras e Instituições de Pagamento;Conglomerado; ;CLOUDWALK IP (conglomerado);Bloqueio de valores ou de conta fora do âmbito do Pix;0;
2026;2º;Top 15 - Bancos, Financeiras e Instituições de Pagamento;Conglomerado; ;CLOUDWALK IP (conglomerado);Bloqueio de valores ou de conta fora do âmbito do Pix - instituição de pagamento;3;
2026;2º;Top 15 - Bancos, Financeiras e Instituições de Pagamento;Conglomerado; ;CLOUDWALK IP (conglomerado);Cadastro positivo envolvendo instituição de pagamento;0;
2026;2º;Top 15 - Bancos, Financeiras e Instituições de Pagamento;Conglomerado; ;CLOUDWALK IP (conglomerado);Concessão de crédito (exceto consignado) sem a formalização do título adequado;3;
2026;2º;Top 15 - Bancos, Financeiras e Instituições de Pagamento;Conglomerado; ;CLOUDWALK IP (conglomerado);Descumprimento de prazo de resposta da reclamação registrada no BCB - instituição de pagamento;0;
2026;2º;Top 15 - Bancos, Financeiras e Instituições de Pagamento;Conglomerado; ;CLOUDWALK IP (conglomerado);Débito em conta de pagamento pré-paga não autorizado pelo cliente, ou não cumprimento das regras aplicáveis - instituição de pagamento;3;
2026;2º;Top 15 - Bancos, Financeiras e Instituições de Pagamento;Conglomerado; ;CLOUDWALK IP (conglomerado);Inclusão de dados incorretos no CCS (Cadastro de Clientes do Sistema Financeiro Nacional) - instituição de pagamento;0;
2026;2º;Top 15 - Bancos, Financeiras e Instituições de Pagamento;Conglomerado; ;CLOUDWALK IP (conglomerado);Insatisfação com a resposta referente à reclamação registrada no BCB recebida - instituição de pagamento;0;
2026;2º;Top 15 - Bancos, Financeiras e Instituições de Pagamento;Conglomerado; ;CLOUDWALK IP (conglomerado);Insatisfação com o atendimento prestado pelo SAC ou Central de Relacionamento - instituição de pagamento;10;
2026;2º;Top 15 - Bancos, Financeiras e Instituições de Pagamento;Conglomerado; ;CLOUDWALK IP (conglomerado);Irregularidades no processo de encerramento de conta de pagamento - instituição de pagamento;0;
2026;2º;Top 15 - Bancos, Financeiras e Instituições de Pagamento;Conglomerado; ;CLOUDWALK IP (conglomerado);Irregularidades relacionadas ao acompanhamento de conta de pagamento;0;
2026;2º;Top 15 - Bancos, Financeiras e Instituições de Pagamento;Conglomerado; ;CLOUDWALK IP (conglomerado);Irregularidades relacionadas ao acompanhamento de conta de pagamento - instituição de pagamento;42;
2026;2º;Top 15 - Bancos, Financeiras e Instituições de Pagamento;Conglomerado; ;CLOUDWALK IP (conglomerado);Irregularidades relacionadas ao fornecimento de documentos por conta de pagamentos pós-paga - instituição de pagamento;0;
2026;2º;Top 15 - Bancos, Financeiras e Instituições de Pagamento;Conglomerado; ;CLOUDWALK IP (conglomerado);Irregularidades relacionadas ao fornecimento de documentos por conta de pagamentos pré-paga - instituição de pagamento;0;
2026;2º;Top 15 - Bancos, Financeiras e Instituições de Pagamento;Conglomerado; ;CLOUDWALK IP (conglomerado);Irregularidades relacionadas ao fornecimento de informações relativas a operação de crédito contratada (DDC);0;
2026;2º;Top 15 - Bancos, Financeiras e Instituições de Pagamento;Conglomerado; ;CLOUDWALK IP (conglomerado);Irregularidades relacionadas ao Sistema de Informações de Crédito do Banco Central (SCR);10;
2026;2º;Top 15 - Bancos, Financeiras e Instituições de Pagamento;Conglomerado; ;CLOUDWALK IP (conglomerado);Irregularidades relacionadas ao Sistema de Informações de Crédito do Banco Central (SCR) - instituição de pagamento;0;
2026;2º;Top 15 - Bancos, Financeiras e Instituições de Pagamento;Conglomerado; ;CLOUDWALK IP (conglomerado);Irregularidades relativas a integridade, confiabilidade, segurança, sigilo ou legitimidade das operações e serviços prestados relacionados a conta de pagamento pós-paga - instituição de pagamento;3;
2026;2º;Top 15 - Bancos, Financeiras e Instituições de Pagamento;Conglomerado; ;CLOUDWALK IP (conglomerado);Irregularidades relativas a integridade, confiabilidade, segurança, sigilo ou legitimidade das operações e serviços prestados relacionados a conta de pagamento pré-paga - instituição de pagamento;29;
2026;2º;Top 15 - Bancos, Financeiras e Instituições de Pagamento;Conglomerado; ;CLOUDWALK IP (conglomerado);Irregularidades relativas a integridade, confiabilidade, segurança, sigilo ou legitimidade das operações e serviços, exceto as relacionadas a cartão de crédito, cartão de débito, internet banking, ATM, credenciadora e operação de crédito;3;
2026;2º;Top 15 - Bancos, Financeiras e Instituições de Pagamento;Conglomerado; ;CLOUDWALK IP (conglomerado);Irregularidades relativas a integridade, confiabilidade, segurança, sigilo ou legitimidade dos serviços relacionados a operações de crédito, exceto consignado;3;
2026;2º;Top 15 - Bancos, Financeiras e Instituições de Pagamento;Conglomerado; ;CLOUDWALK IP (conglomerado);Irregularidades relativas a operações de crédito de saldo devedor de fatura de cartão de crédito (rotativo e parcelamento) e respectiva cobrança de encargos - instituições de pagamento;0;
2026;2º;Top 15 - Bancos, Financeiras e Instituições de Pagamento;Conglomerado; ;CLOUDWALK IP (conglomerado);Juros e preços;0;
2026;2º;Top 15 - Bancos, Financeiras e Instituições de Pagamento;Conglomerado; ;CLOUDWALK IP (conglomerado);Limites de transação - instituição de pagamento;3;
2026;2º;Top 15 - Bancos, Financeiras e Instituições de Pagamento;Conglomerado; ;CLOUDWALK IP (conglomerado);Não acatamento de solicitação de cancelamento de débitos automáticos em conta de pagamento pré-paga ou não cumprimento das regras aplicáveis - instituição de pagamento;0;
2026;2º;Top 15 - Bancos, Financeiras e Instituições de Pagamento;Conglomerado; ;CLOUDWALK IP (conglomerado);Oferta ou prestação de informação sobre operação de crédito de forma inadequada, exceto crédito consignado;3;
2026;2º;Top 15 - Bancos, Financeiras e Instituições de Pagamento;Conglomerado; ;CLOUDWALK IP (conglomerado);Outras irregularidades - instituição de pagamento;3;
2026;2º;Top 15 - Bancos, Financeiras e Instituições de Pagamento;Conglomerado; ;CLOUDWALK IP (conglomerado);Outras irregularidades relacionadas a cartões de crédito - instituição de pagamento;0;
2026;2º;Top 15 - Bancos, Financeiras e Instituições de Pagamento;Conglomerado; ;CLOUDWALK IP (conglomerado);Outros assuntos não regulados relacionados a cartão de crédito - instituição de pagamento;0;
2026;2º;Top 15 - Bancos, Financeiras e Instituições de Pagamento;Conglomerado; ;CLOUDWALK IP (conglomerado);Pix - Bloqueio ou devolução de valores;0;
2026;2º;Top 15 - Bancos, Financeiras e Instituições de Pagamento;Conglomerado; ;CLOUDWALK IP (conglomerado);Pix - Bloqueio ou devolução irregular de valores - instituição de pagamento;0;
2026;2º;Top 15 - Bancos, Financeiras e Instituições de Pagamento;Conglomerado; ;CLOUDWALK IP (conglomerado);Pix - Dificuldade para solicitar ou realizar devolução;0;
2026;2º;Top 15 - Bancos, Financeiras e Instituições de Pagamento;Conglomerado; ;CLOUDWALK IP (conglomerado);Pix - Dificuldade para solicitar ou realizar devolução - instituição de pagamento;3;
2026;2º;Top 15 - Bancos, Financeiras e Instituições de Pagamento;Conglomerado; ;CLOUDWALK IP (conglomerado);Pix - experiência do usuário - instituição de pagamento;0;
2026;2º;Top 15 - Bancos, Financeiras e Instituições de Pagamento;Conglomerado; ;CLOUDWALK IP (conglomerado);Pix - liquidação - instituição de pagamento;10;
2026;2º;Top 15 - Bancos, Financeiras e Instituições de Pagamento;Conglomerado; ;CLOUDWALK IP (conglomerado);Pix - outros - instituição de pagamento;0;
2026;2º;Top 15 - Bancos, Financeiras e Instituições de Pagamento;Conglomerado; ;CLOUDWALK IP (conglomerado);PIX - Chaves - instituição de pagamento;0;
2026;2º;Top 15 - Bancos, Financeiras e Instituições de Pagamento;Conglomerado; ;CLOUDWALK IP (conglomerado);PIX - Diversos - instituição de pagamento;0;
2026;2º;Top 15 - Bancos, Financeiras e Instituições de Pagamento;Conglomerado; ;CLOUDWALK IP (conglomerado);PIX - Iniciação - instituição de pagamento;10;
2026;2º;Top 15 - Bancos, Financeiras e Instituições de Pagamento;Conglomerado; ;CLOUDWALK IP (conglomerado);Recusa de produtos ou serviços;0;
2026;2º;Top 15 - Bancos, Financeiras e Instituições de Pagamento;Conglomerado; ;CLOUDWALK IP (conglomerado);Recusa de produtos ou serviços - instituição de pagamento;0;
2026;2º;Top 15 - Bancos, Financeiras e Instituições de Pagamento;Conglomerado; ;CLOUDWALK IP (conglomerado);Renegociação de dívida (exceto cartão de crédito);0;
2026;2º;Top 15 - Bancos, Financeiras e Instituições de Pagamento;Conglomerado; ;CLOUDWALK IP (conglomerado);Renegociação de dívida em instituição de pagamento;0;
2026;2º;Top 15 - Bancos, Financeiras e Instituições de Pagamento;Conglomerado; ;CLOUDWALK IP (conglomerado);Restrições cadastrais;0;
2026;2º;Top 15 - Bancos, Financeiras e Instituições de Pagamento;Conglomerado; ;CLOUDWALK IP (conglomerado);Restrições cadastrais por parte - instituição de pagamento;0;
2026;2º;Top 15 - Bancos, Financeiras e Instituições de Pagamento;Conglomerado; ;CLOUDWALK IP (conglomerado);Transações não reconhecidas pelo titular da conta, realizadas por terceiros (invasão de conta) - instituição de pagamento;3;
2026;2º;Top 15 - Bancos, Financeiras e Instituições de Pagamento;Conglomerado; ;CLOUDWALK IP (conglomerado);Transações não reconhecidas pelo titular da conta, realizadas por terceiros (invasão de conta) em instituições financeiras;0;
2026;2º;Demais Bancos, Financeiras e Instituições de Pagamento;Conglomerado; ;COBUCCIO SCFI (conglomerado);Abertura de conta de pagamento sem documentação necessária ou com documentação falsa - instituição de pagamento;45;
2026;2º;Demais Bancos, Financeiras e Instituições de Pagamento;Conglomerado; ;COBUCCIO SCFI (conglomerado);Bloqueio de valores ou de conta fora do âmbito do Pix - instituição de pagamento;4;
2026;2º;Demais Bancos, Financeiras e Instituições de Pagamento;Conglomerado; ;COBUCCIO SCFI (conglomerado);Cadastro positivo envolvendo instituição financeira;0;
2026;2º;Demais Bancos, Financeiras e Instituições de Pagamento;Conglomerado; ;COBUCCIO SCFI (conglomerado);Cancelamento de contrato a pedido do cliente de conta de pagamento pós-paga não atendido - instituição de pagamento;23;
2026;2º;Demais Bancos, Financeiras e Instituições de Pagamento;Conglomerado; ;COBUCCIO SCFI (conglomerado);Cancelamento de contrato a pedido do cliente de conta de pagamento pré-paga não atendido - instituição de pagamento;4;
2026;2º;Demais Bancos, Financeiras e Instituições de Pagamento;Conglomerado; ;COBUCCIO SCFI (conglomerado);Cancelamento de contrato a pedido do cliente não atendido por instituição financeira;11;
2026;2º;Demais Bancos, Financeiras e Instituições de Pagamento;Conglomerado; ;COBUCCIO SCFI (conglomerado);Cobrança irregular de tarifa em conta de pagamento pós-paga - instituição de pagamento;34;
2026;2º;Demais Bancos, Financeiras e Instituições de Pagamento;Conglomerado; ;COBUCCIO SCFI (conglomerado);Cobranças diversas;0;
2026;2º;Demais Bancos, Financeiras e Instituições de Pagamento;Conglomerado; ;COBUCCIO SCFI (conglomerado);Cobranças diversas de IPs;0;
2026;2º;Demais Bancos, Financeiras e Instituições de Pagamento;Conglomerado; ;COBUCCIO SCFI (conglomerado);Concessão de crédito (exceto consignado) sem a formalização do título adequado;8;
2026;2º;Demais Bancos, Financeiras e Instituições de Pagamento;Conglomerado; ;COBUCCIO SCFI (conglomerado);Descumprimento de prazo de resposta da reclamação registrada no BCB - instituição de pagamento;0;
2026;2º;Demais Bancos, Financeiras e Instituições de Pagamento;Conglomerado; ;COBUCCIO SCFI (conglomerado);Débito em conta não autorizado pelo cliente, ou não cumprimento das regras aplicáveis;4;
2026;2º;Demais Bancos, Financeiras e Instituições de Pagamento;Conglomerado; ;COBUCCIO SCFI (conglomerado);Encaminhamento de instrumentos de pagamento não solicitados - instituição de pagamento;8;
2026;2º;Demais Bancos, Financeiras e Instituições de Pagamento;Conglomerado; ;COBUCCIO SCFI (conglomerado);Falta de transparência na redação de documentos;0;
2026;2º;Demais Bancos, Financeiras e Instituições de Pagamento;Conglomerado; ;COBUCCIO SCFI (conglomerado);Falta de transparência na redação de documentos - instituição de pagamento;4;
2026;2º;Demais Bancos, Financeiras e Instituições de Pagamento;Conglomerado; ;COBUCCIO SCFI (conglomerado);Inclusão de dados incorretos no CCS (Cadastro de Clientes do Sistema Financeiro Nacional) - instituição de pagamento;8;
2026;2º;Demais Bancos, Financeiras e Instituições de Pagamento;Conglomerado; ;COBUCCIO SCFI (conglomerado);Insatisfação com a resposta recebida da instituição financeira referente à reclamação registrada no BCB;0;
2026;2º;Demais Bancos, Financeiras e Instituições de Pagamento;Conglomerado; ;COBUCCIO SCFI (conglomerado);Insatisfação com a resposta referente à reclamação registrada no BCB recebida - instituição de pagamento;4;
2026;2º;Demais Bancos, Financeiras e Instituições de Pagamento;Conglomerado; ;COBUCCIO SCFI (conglomerado);Insatisfação com o atendimento prestado pelo SAC ou Central de Relacionamento;30;
2026;2º;Demais Bancos, Financeiras e Instituições de Pagamento;Conglomerado; ;COBUCCIO SCFI (conglomerado);Insatisfação com o atendimento prestado pelo SAC ou Central de Relacionamento - instituição de pagamento;30;
2026;2º;Demais Bancos, Financeiras e Instituições de Pagamento;Conglomerado; ;COBUCCIO SCFI (conglomerado);Irregularidades no processo de encerramento de conta de pagamento - instituição de pagamento;34;
2026;2º;Demais Bancos, Financeiras e Instituições de Pagamento;Conglomerado; ;COBUCCIO SCFI (conglomerado);Irregularidades relacionadas a boletos de pagamento (exceto ausência de contrato com beneficiário);0;
2026;2º;Demais Bancos, Financeiras e Instituições de Pagamento;Conglomerado; ;COBUCCIO SCFI (conglomerado);Irregularidades relacionadas ao acompanhamento de conta;19;
2026;2º;Demais Bancos, Financeiras e Instituições de Pagamento;Conglomerado; ;COBUCCIO SCFI (conglomerado);Irregularidades relacionadas ao acompanhamento de conta de pagamento - instituição de pagamento;253;
2026;2º;Demais Bancos, Financeiras e Instituições de Pagamento;Conglomerado; ;COBUCCIO SCFI (conglomerado);Irregularidades relacionadas ao atendimento da Ouvidoria - instituição de pagamento;4;
2026;2º;Demais Bancos, Financeiras e Instituições de Pagamento;Conglomerado; ;COBUCCIO SCFI (conglomerado);Irregularidades relacionadas ao fornecimento de documento para liquidação antecipada de operações de crédito;30;
2026;2º;Demais Bancos, Financeiras e Instituições de Pagamento;Conglomerado; ;COBUCCIO SCFI (conglomerado);Irregularidades relacionadas ao fornecimento de documentos - instituição de pagamento;19;
2026;2º;Demais Bancos, Financeiras e Instituições de Pagamento;Conglomerado; ;COBUCCIO SCFI (conglomerado);Irregularidades relacionadas ao fornecimento de documentos por conta de pagamentos pós-paga - instituição de pagamento;60;
2026;2º;Demais Bancos, Financeiras e Instituições de Pagamento;Conglomerado; ;COBUCCIO SCFI (conglomerado);Irregularidades relacionadas ao fornecimento de documentos por conta de pagamentos pré-paga - instituição de pagamento;0;
2026;2º;Demais Bancos, Financeiras e Instituições de Pagamento;Conglomerado; ;COBUCCIO SCFI (conglomerado);Irregularidades relacionadas ao fornecimento de documentos relativos a operação de crédito, exceto para liquidação antecipada e descritivo do crédito.;8;
2026;2º;Demais Bancos, Financeiras e Instituições de Pagamento;Conglomerado; ;COBUCCIO SCFI (conglomerado);Irregularidades relacionadas ao fornecimento de informações relativas a operação de crédito contratada (DDC);53;
2026;2º;Demais Bancos, Financeiras e Instituições de Pagamento;Conglomerado; ;COBUCCIO SCFI (conglomerado);Irregularidades relacionadas ao Sistema de Informações de Crédito do Banco Central (SCR);0;
2026;2º;Demais Bancos, Financeiras e Instituições de Pagamento;Conglomerado; ;COBUCCIO SCFI (conglomerado);Irregularidades relacionadas ao Sistema de Informações de Crédito do Banco Central (SCR) - instituição de pagamento;8;
2026;2º;Demais Bancos, Financeiras e Instituições de Pagamento;Conglomerado; ;COBUCCIO SCFI (conglomerado);Irregularidades relacionadas à liquidação de documentos (exceto cheques) - instituição de pagamento;11;
2026;2º;Demais Bancos, Financeiras e Instituições de Pagamento;Conglomerado; ;COBUCCIO SCFI (conglomerado);Irregularidades relativas a integridade, confiabilidade, segurança, sigilo ou legitimidade das operações e serviços prestados relacionados a conta de pagamento pós-paga - instituição de pagamento;151;
2026;2º;Demais Bancos, Financeiras e Instituições de Pagamento;Conglomerado; ;COBUCCIO SCFI (conglomerado);Irregularidades relativas a integridade, confiabilidade, segurança, sigilo ou legitimidade das operações e serviços prestados relacionados a conta de pagamento pré-paga - instituição de pagamento;15;
2026;2º;Demais Bancos, Financeiras e Instituições de Pagamento;Conglomerado; ;COBUCCIO SCFI (conglomerado);Irregularidades relativas a integridade, confiabilidade, segurança, sigilo ou legitimidade das operações e serviços relacionados a cartões de crédito;4;
2026;2º;Demais Bancos, Financeiras e Instituições de Pagamento;Conglomerado; ;COBUCCIO SCFI (conglomerado);Irregularidades relativas a integridade, confiabilidade, segurança, sigilo ou legitimidade das operações e serviços, exceto as relacionadas a cartão de crédito, cartão de débito, internet banking, ATM, credenciadora e operação de crédito;0;
2026;2º;Demais Bancos, Financeiras e Instituições de Pagamento;Conglomerado; ;COBUCCIO SCFI (conglomerado);Irregularidades relativas a integridade, confiabilidade, segurança, sigilo ou legitimidade dos serviços relacionados a operações de crédito consignado;11;
2026;2º;Demais Bancos, Financeiras e Instituições de Pagamento;Conglomerado; ;COBUCCIO SCFI (conglomerado);Irregularidades relativas a integridade, confiabilidade, segurança, sigilo ou legitimidade dos serviços relacionados a operações de crédito, exceto consignado;60;
2026;2º;Demais Bancos, Financeiras e Instituições de Pagamento;Conglomerado; ;COBUCCIO SCFI (conglomerado);Irregularidades relativas a operações de crédito de saldo devedor de fatura de cartão de crédito (rotativo e parcelamento) e respectiva cobrança de encargos;0;
2026;2º;Demais Bancos, Financeiras e Instituições de Pagamento;Conglomerado; ;COBUCCIO SCFI (conglomerado);Irregularidades relativas a operações de crédito de saldo devedor de fatura de cartão de crédito (rotativo e parcelamento) e respectiva cobrança de encargos - instituições de pagamento;309;
2026;2º;Demais Bancos, Financeiras e Instituições de Pagamento;Conglomerado; ;COBUCCIO SCFI (conglomerado);Irregularidades relativas a telemarketing, SMS ou Whatsapp com oferta de produtos e serviços;0;
2026;2º;Demais Bancos, Financeiras e Instituições de Pagamento;Conglomerado; ;COBUCCIO SCFI (conglomerado);Juros e preços;0;
2026;2º;Demais Bancos, Financeiras e Instituições de Pagamento;Conglomerado; ;COBUCCIO SCFI (conglomerado);Oferta ou prestação de informação a respeito de produtos e serviços de forma inadequada para conta de pagamento pós-paga - instituição de pagamento;121;
2026;2º;Demais Bancos, Financeiras e Instituições de Pagamento;Conglomerado; ;COBUCCIO SCFI (conglomerado);Oferta ou prestação de informação a respeito de produtos e serviços de forma inadequada para conta de pagamento pré-paga - instituição de pagamento;4;
2026;2º;Demais Bancos, Financeiras e Instituições de Pagamento;Conglomerado; ;COBUCCIO SCFI (conglomerado);Oferta ou prestação de informação sobre operação de crédito de forma inadequada, exceto crédito consignado;26;
2026;2º;Demais Bancos, Financeiras e Instituições de Pagamento;Conglomerado; ;COBUCCIO SCFI (conglomerado);Oferta ou prestação de informação sobre produtos e serviços de forma inadequada, exceto as relacionadas a cartão de crédito, conta e serviços acessórios, credenciadora de cartão e operação de crédito;4;
2026;2º;Demais Bancos, Financeiras e Instituições de Pagamento;Conglomerado; ;COBUCCIO SCFI (conglomerado);Outras irregularidades - instituição de pagamento;0;
2026;2º;Demais Bancos, Financeiras e Instituições de Pagamento;Conglomerado; ;COBUCCIO SCFI (conglomerado);Outras irregularidades relacionadas a cartões de crédito - instituição de pagamento;0;
2026;2º;Demais Bancos, Financeiras e Instituições de Pagamento;Conglomerado; ;COBUCCIO SCFI (conglomerado);Outros assuntos não regulados relacionados a cartão de crédito - instituição de pagamento;0;
2026;2º;Demais Bancos, Financeiras e Instituições de Pagamento;Conglomerado; ;COBUCCIO SCFI (conglomerado);Pix - Bloqueio ou devolução irregular de valores - instituição de pagamento;0;
2026;2º;Demais Bancos, Financeiras e Instituições de Pagamento;Conglomerado; ;COBUCCIO SCFI (conglomerado);Pix - Dificuldade para solicitar ou realizar devolução;4;
2026;2º;Demais Bancos, Financeiras e Instituições de Pagamento;Conglomerado; ;COBUCCIO SCFI (conglomerado);Pix - Dificuldade para solicitar ou realizar devolução - instituição de pagamento;30;
2026;2º;Demais Bancos, Financeiras e Instituições de Pagamento;Conglomerado; ;COBUCCIO SCFI (conglomerado);Pix - experiência do usuário - instituição de pagamento;0;
2026;2º;Demais Bancos, Financeiras e Instituições de Pagamento;Conglomerado; ;COBUCCIO SCFI (conglomerado);Pix - liquidação - instituição de pagamento;23;
2026;2º;Demais Bancos, Financeiras e Instituições de Pagamento;Conglomerado; ;COBUCCIO SCFI (conglomerado);PIX - Chaves - instituição de pagamento;0;
2026;2º;Demais Bancos, Financeiras e Instituições de Pagamento;Conglomerado; ;COBUCCIO SCFI (conglomerado);PIX - Iniciação - instituição de pagamento;30;
2026;2º;Demais Bancos, Financeiras e Instituições de Pagamento;Conglomerado; ;COBUCCIO SCFI (conglomerado);Reclamações relacionadas a assuntos diversos;0;
2026;2º;Demais Bancos, Financeiras e Instituições de Pagamento;Conglomerado; ;COBUCCIO SCFI (conglomerado);Reclamações relacionadas a assuntos diversos envolvendo - instituição de pagamento;0;
2026;2º;Demais Bancos, Financeiras e Instituições de Pagamento;Conglomerado; ;COBUCCIO SCFI (conglomerado);Recusa de produtos ou serviços - instituição de pagamento;0;
2026;2º;Demais Bancos, Financeiras e Instituições de Pagamento;Conglomerado; ;COBUCCIO SCFI (conglomerado);Renegociação de dívida (exceto cartão de crédito);0;
2026;2º;Demais Bancos, Financeiras e Instituições de Pagamento;Conglomerado; ;COBUCCIO SCFI (conglomerado);Renegociação de dívida em instituição de pagamento;0;
2026;2º;Demais Bancos, Financeiras e Instituições de Pagamento;Conglomerado; ;COBUCCIO SCFI (conglomerado);Restrição à realização de portabilidade de operações de crédito consignado relativas a pessoas naturais;0;
2026;2º;Demais Bancos, Financeiras e Instituições de Pagamento;Conglomerado; ;COBUCCIO SCFI (conglomerado);Restrições cadastrais;0;
2026;2º;Demais Bancos, Financeiras e Instituições de Pagamento;Conglomerado; ;COBUCCIO SCFI (conglomerado);Restrições cadastrais por parte - instituição de pagamento;0;
2026;2º;Demais Bancos, Financeiras e Instituições de Pagamento;Conglomerado; ;COBUCCIO SCFI (conglomerado);Terminais eletrônicos, internet e aplicativos - instituição de pagamento;0;
2026;2º;Demais Bancos, Financeiras e Instituições de Pagamento;Conglomerado; ;COBUCCIO SCFI (conglomerado);Utilização incorreta da taxa de desconto no cálculo do valor presente relacionadas às demais operações de crédito, exceto as de crédito consignado e de financiamento imobiliário;11;
2026;2º;Demais Bancos, Financeiras e Instituições de Pagamento;Conglomerado; ;COBUCCIO SCFI (conglomerado);Utilização incorreta da taxa de desconto no cálculo do valor presente relacionadas às operações de crédito consignado;8;
2026;2º;Demais Bancos, Financeiras e Instituições de Pagamento;Banco/financeira;46241852;COMPREV - CRÉDITO, FINANCIAMENTO E INVESTIMENTO S.A.;Concessão de crédito consignado sem a formalização do título adequado;0;
2026;2º;Demais Bancos, Financeiras e Instituições de Pagamento;Banco/financeira;46241852;COMPREV - CRÉDITO, FINANCIAMENTO E INVESTIMENTO S.A.;Oferta ou prestação de informação sobre produtos e serviços de forma inadequada, exceto as relacionadas a cartão de crédito, conta e serviços acessórios, credenciadora de cartão e operação de crédito;0;
2026;2º;Demais Bancos, Financeiras e Instituições de Pagamento;Conglomerado; ;COOPER CARD IP (conglomerado);Insatisfação com a resposta referente à reclamação registrada no BCB recebida - instituição de pagamento;0;
2026;2º;Demais Bancos, Financeiras e Instituições de Pagamento;Conglomerado; ;COOPER CARD IP (conglomerado);Irregularidades no processo de encerramento de conta de pagamento - instituição de pagamento;2;
2026;2º;Demais Bancos, Financeiras e Instituições de Pagamento;Conglomerado; ;COOPER CARD IP (conglomerado);Irregularidades relacionadas ao fornecimento de documentos por conta de pagamentos pós-paga - instituição de pagamento;0;
2026;2º;Demais Bancos, Financeiras e Instituições de Pagamento;Conglomerado; ;COOPER CARD IP (conglomerado);Irregularidades relacionadas ao Sistema de Informações de Crédito do Banco Central (SCR) - instituição de pagamento;0;
2026;2º;Demais Bancos, Financeiras e Instituições de Pagamento;Conglomerado; ;COOPER CARD IP (conglomerado);Irregularidades relativas a operações de crédito de saldo devedor de fatura de cartão de crédito (rotativo e parcelamento) e respectiva cobrança de encargos - instituições de pagamento;0;
2026;2º;Demais Bancos, Financeiras e Instituições de Pagamento;Conglomerado; ;COOPER CARD IP (conglomerado);Outros assuntos não regulados relacionados a cartão de crédito - instituição de pagamento;0;
2026;2º;Demais Bancos, Financeiras e Instituições de Pagamento;Conglomerado; ;COOPER CARD IP (conglomerado);Pix - liquidação - instituição de pagamento;2;
2026;2º;Demais Bancos, Financeiras e Instituições de Pagamento;Conglomerado; ;COOPER CARD IP (conglomerado);Recusa de produtos ou serviços - instituição de pagamento;0;
2026;2º;Demais Bancos, Financeiras e Instituições de Pagamento;Conglomerado; ;COOPER CARD IP (conglomerado);Restrições cadastrais por parte - instituição de pagamento;0;
2026;2º;Demais Bancos, Financeiras e Instituições de Pagamento;Conglomerado; ;CORA SCFI (conglomerado);Abertura de conta de pagamento sem documentação necessária ou com documentação falsa;0;
2026;2º;Demais Bancos, Financeiras e Instituições de Pagamento;Conglomerado; ;CORA SCFI (conglomerado);Bloqueio de valores ou de conta fora do âmbito do Pix;0;
2026;2º;Demais Bancos, Financeiras e Instituições de Pagamento;Conglomerado; ;CORA SCFI (conglomerado);Cobranças diversas;0;
2026;2º;Demais Bancos, Financeiras e Instituições de Pagamento;Conglomerado; ;CORA SCFI (conglomerado);Débito em conta de pagamento pré-paga não autorizado pelo cliente, ou não cumprimento das regras aplicáveis;0;
2026;2º;Demais Bancos, Financeiras e Instituições de Pagamento;Conglomerado; ;CORA SCFI (conglomerado);Inclusão de dados incorretos no CCS (Cadastro de Clientes do Sistema Financeiro Nacional);0;
2026;2º;Demais Bancos, Financeiras e Instituições de Pagamento;Conglomerado; ;CORA SCFI (conglomerado);Insatisfação com a resposta recebida da instituição financeira referente à reclamação registrada no BCB;0;
2026;2º;Demais Bancos, Financeiras e Instituições de Pagamento;Conglomerado; ;CORA SCFI (conglomerado);Insatisfação com o atendimento prestado pelo SAC ou Central de Relacionamento;0;
2026;2º;Demais Bancos, Financeiras e Instituições de Pagamento;Conglomerado; ;CORA SCFI (conglomerado);Integridade, confiabilidade, segurança, sigilo e legitimidade das operações e serviços  - conta de pagamento pré-paga;0;
2026;2º;Demais Bancos, Financeiras e Instituições de Pagamento;Conglomerado; ;CORA SCFI (conglomerado);Irregularidades no processo de encerramento de conta de depósitos à vista;0;
2026;2º;Demais Bancos, Financeiras e Instituições de Pagamento;Conglomerado; ;CORA SCFI (conglomerado);Irregularidades no processo de encerramento de conta de pagamento;0;
2026;2º;Demais Bancos, Financeiras e Instituições de Pagamento;Conglomerado; ;CORA SCFI (conglomerado);Irregularidades relacionadas a boletos de pagamento (exceto ausência de contrato com beneficiário);0;
2026;2º;Demais Bancos, Financeiras e Instituições de Pagamento;Conglomerado; ;CORA SCFI (conglomerado);Irregularidades relacionadas ao acompanhamento de conta;0;
2026;2º;Demais Bancos, Financeiras e Instituições de Pagamento;Conglomerado; ;CORA SCFI (conglomerado);Irregularidades relacionadas ao acompanhamento de conta de pagamento;0;
2026;2º;Demais Bancos, Financeiras e Instituições de Pagamento;Conglomerado; ;CORA SCFI (conglomerado);Irregularidades relacionadas ao fornecimento de documentos relativos a cartão de crédito;0;
2026;2º;Demais Bancos, Financeiras e Instituições de Pagamento;Conglomerado; ;CORA SCFI (conglomerado);Irregularidades relacionadas ao fornecimento de documentos relativos a conta;2;
2026;2º;Demais Bancos, Financeiras e Instituições de Pagamento;Conglomerado; ;CORA SCFI (conglomerado);Irregularidades relacionadas ao fornecimento de documentos relativos a operação de crédito, exceto para liquidação antecipada e descritivo do crédito.;0;
2026;2º;Demais Bancos, Financeiras e Instituições de Pagamento;Conglomerado; ;CORA SCFI (conglomerado);Irregularidades relacionadas ao Sistema de Informações de Crédito do Banco Central (SCR);0;
2026;2º;Demais Bancos, Financeiras e Instituições de Pagamento;Conglomerado; ;CORA SCFI (conglomerado);Irregularidades relacionadas à liquidação de documentos (exceto cheques);0;
2026;2º;Demais Bancos, Financeiras e Instituições de Pagamento;Conglomerado; ;CORA SCFI (conglomerado);Irregularidades relativas a integridade, confiabilidade, segurança, sigilo ou legitimidade das operações e serviços disponibilizados em internet banking;3;
2026;2º;Demais Bancos, Financeiras e Instituições de Pagamento;Conglomerado; ;CORA SCFI (conglomerado);Irregularidades relativas a integridade, confiabilidade, segurança, sigilo ou legitimidade das operações e serviços relacionados a cartões de crédito;2;
2026;2º;Demais Bancos, Financeiras e Instituições de Pagamento;Conglomerado; ;CORA SCFI (conglomerado);Irregularidades relativas a integridade, confiabilidade, segurança, sigilo ou legitimidade das operações e serviços relacionados a cartões de débito;0;
2026;2º;Demais Bancos, Financeiras e Instituições de Pagamento;Conglomerado; ;CORA SCFI (conglomerado);Irregularidades relativas a integridade, confiabilidade, segurança, sigilo ou legitimidade das operações e serviços, exceto as relacionadas a cartão de crédito, cartão de débito, internet banking, ATM, credenciadora e operação de crédito;0;
2026;2º;Demais Bancos, Financeiras e Instituições de Pagamento;Conglomerado; ;CORA SCFI (conglomerado);Irregularidades relativas a integridade, confiabilidade, segurança, sigilo ou legitimidade dos serviços relacionados a operações de crédito consignado;0;
2026;2º;Demais Bancos, Financeiras e Instituições de Pagamento;Conglomerado; ;CORA SCFI (conglomerado);Irregularidades relativas a integridade, confiabilidade, segurança, sigilo ou legitimidade dos serviços relacionados a operações de crédito, exceto consignado;2;
2026;2º;Demais Bancos, Financeiras e Instituições de Pagamento;Conglomerado; ;CORA SCFI (conglomerado);Irregularidades relativas a operações de crédito de saldo devedor de fatura de cartão de crédito (rotativo e parcelamento) e respectiva cobrança de encargos;0;
2026;2º;Demais Bancos, Financeiras e Instituições de Pagamento;Conglomerado; ;CORA SCFI (conglomerado);Limites de transação;0;
2026;2º;Demais Bancos, Financeiras e Instituições de Pagamento;Conglomerado; ;CORA SCFI (conglomerado);Oferta ou prestação de informação sobre a conta ou serviços acessórios de forma inadequada ;2;
2026;2º;Demais Bancos, Financeiras e Instituições de Pagamento;Conglomerado; ;CORA SCFI (conglomerado);Oferta ou prestação de informação sobre o cartão de crédito de forma inadequada ;0;
2026;2º;Demais Bancos, Financeiras e Instituições de Pagamento;Conglomerado; ;CORA SCFI (conglomerado);Pix - Bloqueio ou devolução de valores;0;
2026;2º;Demais Bancos, Financeiras e Instituições de Pagamento;Conglomerado; ;CORA SCFI (conglomerado);Pix - diversos;0;
2026;2º;Demais Bancos, Financeiras e Instituições de Pagamento;Conglomerado; ;CORA SCFI (conglomerado);Pix - Dificuldade para solicitar ou realizar devolução;3;
2026;2º;Demais Bancos, Financeiras e Instituições de Pagamento;Conglomerado; ;CORA SCFI (conglomerado);Pix - outros;0;
2026;2º;Demais Bancos, Financeiras e Instituições de Pagamento;Conglomerado; ;CORA SCFI (conglomerado);Reclamações relacionadas a assuntos diversos;0;
2026;2º;Demais Bancos, Financeiras e Instituições de Pagamento;Conglomerado; ;CORA SCFI (conglomerado);Recusa de produtos ou serviços;0;
2026;2º;Demais Bancos, Financeiras e Instituições de Pagamento;Conglomerado; ;CORA SCFI (conglomerado);Renegociação de dívida (exceto cartão de crédito);0;
2026;2º;Demais Bancos, Financeiras e Instituições de Pagamento;Conglomerado; ;CORA SCFI (conglomerado);Terminais eletrônicos, internet e aplicativos;0;
2026;2º;Demais Bancos, Financeiras e Instituições de Pagamento;Conglomerado; ;CORA SCFI (conglomerado);Transações não reconhecidas pelo titular da conta, realizadas por terceiros (invasão de conta) em instituições financeiras;0;
2026;2º;Demais Bancos, Financeiras e Instituições de Pagamento;Conglomerado; ;CREDI SHOP S.A. (conglomerado);Irregularidades relacionadas ao Sistema de Informações de Crédito do Banco Central (SCR) - instituição de pagamento;0;
2026;2º;Demais Bancos, Financeiras e Instituições de Pagamento;Conglomerado; ;CREDI SHOP S.A. (conglomerado);Irregularidades relativas a operações de crédito de saldo devedor de fatura de cartão de crédito (rotativo e parcelamento) e respectiva cobrança de encargos - instituições de pagamento;0;
2026;2º;Demais Bancos, Financeiras e Instituições de Pagamento;Conglomerado; ;CREDI SHOP S.A. (conglomerado);Pix - Bloqueio ou devolução irregular de valores - instituição de pagamento;0;
2026;2º;Demais Bancos, Financeiras e Instituições de Pagamento;Conglomerado; ;CREDI SHOP S.A. (conglomerado);Restrições cadastrais por parte - instituição de pagamento;0;
2026;2º;Demais Bancos, Financeiras e Instituições de Pagamento;Conglomerado; ;CREDIARE CFI (conglomerado);Descumprimento de ordem judicial;0;
2026;2º;Demais Bancos, Financeiras e Instituições de Pagamento;Conglomerado; ;CREDIARE CFI (conglomerado);Irregularidades relacionadas ao Sistema de Informações de Crédito do Banco Central (SCR);2;
2026;2º;Demais Bancos, Financeiras e Instituições de Pagamento;Conglomerado; ;CREDIARE CFI (conglomerado);Renegociação de dívida (exceto cartão de crédito);0;
2026;2º;Demais Bancos, Financeiras e Instituições de Pagamento;Conglomerado; ;CREDIARE CFI (conglomerado);Restrição à realização de portabilidade de operações de crédito consignado relativas a pessoas naturais;2;
2026;2º;Demais Bancos, Financeiras e Instituições de Pagamento;Conglomerado; ;CREDITÁ S.A. CFI (conglomerado);Irregularidades relativas a integridade, confiabilidade, segurança, sigilo ou legitimidade dos serviços relacionados a operações de crédito, exceto consignado;0;
2026;2º;Demais Bancos, Financeiras e Instituições de Pagamento;Conglomerado; ;CREDITÁ S.A. CFI (conglomerado);Reclamações relacionadas a assuntos diversos;0;
2026;2º;Demais Bancos, Financeiras e Instituições de Pagamento;Conglomerado; ;CREDSYSTEM IP (conglomerado);Cancelamento de contrato a pedido do cliente de conta de pagamento pós-paga não atendido - instituição de pagamento;0;
2026;2º;Demais Bancos, Financeiras e Instituições de Pagamento;Conglomerado; ;CREDSYSTEM IP (conglomerado);Cancelamento de contrato a pedido do cliente de conta de pagamento pré-paga não atendido - instituição de pagamento;0;
2026;2º;Demais Bancos, Financeiras e Instituições de Pagamento;Conglomerado; ;CREDSYSTEM IP (conglomerado);Cobranças diversas de IPs;0;
2026;2º;Demais Bancos, Financeiras e Instituições de Pagamento;Conglomerado; ;CREDSYSTEM IP (conglomerado);Descumprimento de prazo de resposta da reclamação registrada no BCB - instituição de pagamento;0;
2026;2º;Demais Bancos, Financeiras e Instituições de Pagamento;Conglomerado; ;CREDSYSTEM IP (conglomerado);Golpe;0;
2026;2º;Demais Bancos, Financeiras e Instituições de Pagamento;Conglomerado; ;CREDSYSTEM IP (conglomerado);Insatisfação com a resposta referente à reclamação registrada no BCB recebida - instituição de pagamento;4;
2026;2º;Demais Bancos, Financeiras e Instituições de Pagamento;Conglomerado; ;CREDSYSTEM IP (conglomerado);Insatisfação com o atendimento prestado pelo SAC ou Central de Relacionamento - instituição de pagamento;2;
2026;2º;Demais Bancos, Financeiras e Instituições de Pagamento;Conglomerado; ;CREDSYSTEM IP (conglomerado);Irregularidades relacionadas a boletos de pagamento (exceto ausência de contrato com beneficiário) para IPs;0;
2026;2º;Demais Bancos, Financeiras e Instituições de Pagamento;Conglomerado; ;CREDSYSTEM IP (conglomerado);Irregularidades relacionadas a informações e liquidação de valores a receber no sistema SVR do BCB - instituições de pagamento;0;
2026;2º;Demais Bancos, Financeiras e Instituições de Pagamento;Conglomerado; ;CREDSYSTEM IP (conglomerado);Irregularidades relacionadas ao fornecimento de documentos - instituição de pagamento;0;
2026;2º;Demais Bancos, Financeiras e Instituições de Pagamento;Conglomerado; ;CREDSYSTEM IP (conglomerado);Irregularidades relacionadas ao fornecimento de documentos por conta de pagamentos pós-paga - instituição de pagamento;5;
2026;2º;Demais Bancos, Financeiras e Instituições de Pagamento;Conglomerado; ;CREDSYSTEM IP (conglomerado);Irregularidades relacionadas ao fornecimento de documentos por conta de pagamentos pré-paga - instituição de pagamento;0;
2026;2º;Demais Bancos, Financeiras e Instituições de Pagamento;Conglomerado; ;CREDSYSTEM IP (conglomerado);Irregularidades relacionadas ao Sistema de Informações de Crédito do Banco Central (SCR) - instituição de pagamento;0;
2026;2º;Demais Bancos, Financeiras e Instituições de Pagamento;Conglomerado; ;CREDSYSTEM IP (conglomerado);Irregularidades relativas a integridade, confiabilidade, segurança, sigilo ou legitimidade das operações e serviços prestados relacionados a conta de pagamento pós-paga - instituição de pagamento;27;
2026;2º;Demais Bancos, Financeiras e Instituições de Pagamento;Conglomerado; ;CREDSYSTEM IP (conglomerado);Irregularidades relativas a integridade, confiabilidade, segurança, sigilo ou legitimidade das operações e serviços prestados relacionados a conta de pagamento pré-paga - instituição de pagamento;4;
2026;2º;Demais Bancos, Financeiras e Instituições de Pagamento;Conglomerado; ;CREDSYSTEM IP (conglomerado);Irregularidades relativas a operações de crédito de saldo devedor de fatura de cartão de crédito (rotativo e parcelamento) e respectiva cobrança de encargos - instituições de pagamento;25;
2026;2º;Demais Bancos, Financeiras e Instituições de Pagamento;Conglomerado; ;CREDSYSTEM IP (conglomerado);Limites de transação - instituição de pagamento;2;
2026;2º;Demais Bancos, Financeiras e Instituições de Pagamento;Conglomerado; ;CREDSYSTEM IP (conglomerado);Não acatamento de solicitação de cancelamento de débitos automáticos em conta de pagamento pré-paga ou não cumprimento das regras aplicáveis - instituição de pagamento;0;
2026;2º;Demais Bancos, Financeiras e Instituições de Pagamento;Conglomerado; ;CREDSYSTEM IP (conglomerado);Oferta ou prestação de informação a respeito de produtos e serviços de forma inadequada para conta de pagamento pós-paga - instituição de pagamento;12;
2026;2º;Demais Bancos, Financeiras e Instituições de Pagamento;Conglomerado; ;CREDSYSTEM IP (conglomerado);Outros assuntos não regulados relacionados a cartão de crédito - instituição de pagamento;0;
2026;2º;Demais Bancos, Financeiras e Instituições de Pagamento;Conglomerado; ;CREDSYSTEM IP (conglomerado);Pix - Dificuldade para solicitar ou realizar devolução - instituição de pagamento;0;
2026;2º;Demais Bancos, Financeiras e Instituições de Pagamento;Conglomerado; ;CREDSYSTEM IP (conglomerado);PIX - Diversos - instituição de pagamento;0;
2026;2º;Demais Bancos, Financeiras e Instituições de Pagamento;Conglomerado; ;CREDSYSTEM IP (conglomerado);Renegociação de dívida em instituição de pagamento;0;
2026;2º;Demais Bancos, Financeiras e Instituições de Pagamento;Conglomerado; ;CREDSYSTEM IP (conglomerado);Restrições cadastrais por parte - instituição de pagamento;0;
2026;2º;Demais Bancos, Financeiras e Instituições de Pagamento;Conglomerado; ;CREFISA S.A. CFI (conglomerado);Abertura de conta de depósito com documentação ausente, insuficiente ou falsa;2;
2026;2º;Demais Bancos, Financeiras e Instituições de Pagamento;Conglomerado; ;CREFISA S.A. CFI (conglomerado);Ausência de título adequado relativo a cartão de crédito;2;
2026;2º;Demais Bancos, Financeiras e Instituições de Pagamento;Conglomerado; ;CREFISA S.A. CFI (conglomerado);Cancelamento de contrato a pedido do cliente não atendido por instituição financeira;5;
2026;2º;Demais Bancos, Financeiras e Instituições de Pagamento;Conglomerado; ;CREFISA S.A. CFI (conglomerado);Cobrança irregular de tarifa em operação de crédito;0;
2026;2º;Demais Bancos, Financeiras e Instituições de Pagamento;Conglomerado; ;CREFISA S.A. CFI (conglomerado);Cobranças diversas;0;
2026;2º;Demais Bancos, Financeiras e Instituições de Pagamento;Conglomerado; ;CREFISA S.A. CFI (conglomerado);Concessão de crédito (exceto consignado) sem a formalização do título adequado;77;
2026;2º;Demais Bancos, Financeiras e Instituições de Pagamento;Conglomerado; ;CREFISA S.A. CFI (conglomerado);Concessão de crédito consignado sem a formalização do título adequado;5;
2026;2º;Demais Bancos, Financeiras e Instituições de Pagamento;Conglomerado; ;CREFISA S.A. CFI (conglomerado);Descumprimento de ordem judicial;0;
2026;2º;Demais Bancos, Financeiras e Instituições de Pagamento;Conglomerado; ;CREFISA S.A. CFI (conglomerado);Descumprimento de prazo de resposta da reclamação registrada no BCB;0;
2026;2º;Demais Bancos, Financeiras e Instituições de Pagamento;Conglomerado; ;CREFISA S.A. CFI (conglomerado);Débito em conta não autorizado pelo cliente, ou não cumprimento das regras aplicáveis;25;
2026;2º;Demais Bancos, Financeiras e Instituições de Pagamento;Conglomerado; ;CREFISA S.A. CFI (conglomerado);Insatisfação com a resposta recebida da instituição financeira referente à reclamação registrada no BCB;7;
2026;2º;Demais Bancos, Financeiras e Instituições de Pagamento;Conglomerado; ;CREFISA S.A. CFI (conglomerado);Insatisfação com o atendimento prestado pelo SAC ou Central de Relacionamento;7;
2026;2º;Demais Bancos, Financeiras e Instituições de Pagamento;Conglomerado; ;CREFISA S.A. CFI (conglomerado);Integridade, confiabilidade, segurança, sigilo e legitimidade das operações e serviços  - conta de pagamento pré-paga;2;
2026;2º;Demais Bancos, Financeiras e Instituições de Pagamento;Conglomerado; ;CREFISA S.A. CFI (conglomerado);Irregularidades no processo de encerramento de conta de depósitos à vista;10;
2026;2º;Demais Bancos, Financeiras e Instituições de Pagamento;Conglomerado; ;CREFISA S.A. CFI (conglomerado);Irregularidades relacionadas a boletos de pagamento (exceto ausência de contrato com beneficiário);0;
2026;2º;Demais Bancos, Financeiras e Instituições de Pagamento;Conglomerado; ;CREFISA S.A. CFI (conglomerado);Irregularidades relacionadas a informações e liquidação de valores a receber no sistema SVR do BCB por parte de instituições financeiras;0;
2026;2º;Demais Bancos, Financeiras e Instituições de Pagamento;Conglomerado; ;CREFISA S.A. CFI (conglomerado);Irregularidades relacionadas ao fornecimento de documento para liquidação antecipada de operações de crédito;0;
2026;2º;Demais Bancos, Financeiras e Instituições de Pagamento;Conglomerado; ;CREFISA S.A. CFI (conglomerado);Irregularidades relacionadas ao fornecimento de documentos relativos a conta;0;
2026;2º;Demais Bancos, Financeiras e Instituições de Pagamento;Conglomerado; ;CREFISA S.A. CFI (conglomerado);Irregularidades relacionadas ao fornecimento de documentos relativos a operação de crédito, exceto para liquidação antecipada e descritivo do crédito.;20;
2026;2º;Demais Bancos, Financeiras e Instituições de Pagamento;Conglomerado; ;CREFISA S.A. CFI (conglomerado);Irregularidades relacionadas ao fornecimento de informações relativas a operação de crédito contratada (DDC);17;
2026;2º;Demais Bancos, Financeiras e Instituições de Pagamento;Conglomerado; ;CREFISA S.A. CFI (conglomerado);Irregularidades relacionadas ao Sistema de Informações de Crédito do Banco Central (SCR);67;
2026;2º;Demais Bancos, Financeiras e Instituições de Pagamento;Conglomerado; ;CREFISA S.A. CFI (conglomerado);Irregularidades relacionadas à liquidação de documentos (exceto cheques);0;
2026;2º;Demais Bancos, Financeiras e Instituições de Pagamento;Conglomerado; ;CREFISA S.A. CFI (conglomerado);Irregularidades relativas a integridade, confiabilidade, segurança, sigilo ou legitimidade das operações e serviços disponibilizados em ATM;2;
2026;2º;Demais Bancos, Financeiras e Instituições de Pagamento;Conglomerado; ;CREFISA S.A. CFI (conglomerado);Irregularidades relativas a integridade, confiabilidade, segurança, sigilo ou legitimidade das operações e serviços disponibilizados em internet banking;0;
2026;2º;Demais Bancos, Financeiras e Instituições de Pagamento;Conglomerado; ;CREFISA S.A. CFI (conglomerado);Irregularidades relativas a integridade, confiabilidade, segurança, sigilo ou legitimidade das operações e serviços relacionados a cartões de crédito;0;
2026;2º;Demais Bancos, Financeiras e Instituições de Pagamento;Conglomerado; ;CREFISA S.A. CFI (conglomerado);Irregularidades relativas a integridade, confiabilidade, segurança, sigilo ou legitimidade das operações e serviços relacionados a cartões de débito;7;
2026;2º;Demais Bancos, Financeiras e Instituições de Pagamento;Conglomerado; ;CREFISA S.A. CFI (conglomerado);Irregularidades relativas a integridade, confiabilidade, segurança, sigilo ou legitimidade das operações e serviços, exceto as relacionadas a cartão de crédito, cartão de débito, internet banking, ATM, credenciadora e operação de crédito;0;
2026;2º;Demais Bancos, Financeiras e Instituições de Pagamento;Conglomerado; ;CREFISA S.A. CFI (conglomerado);Irregularidades relativas a integridade, confiabilidade, segurança, sigilo ou legitimidade dos serviços relacionados a operações de crédito consignado;10;
2026;2º;Demais Bancos, Financeiras e Instituições de Pagamento;Conglomerado; ;CREFISA S.A. CFI (conglomerado);Irregularidades relativas a integridade, confiabilidade, segurança, sigilo ou legitimidade dos serviços relacionados a operações de crédito, exceto consignado;89;
2026;2º;Demais Bancos, Financeiras e Instituições de Pagamento;Conglomerado; ;CREFISA S.A. CFI (conglomerado);Irregularidades relativas a operações de crédito de saldo devedor de fatura de cartão de crédito (rotativo e parcelamento) e respectiva cobrança de encargos;0;
2026;2º;Demais Bancos, Financeiras e Instituições de Pagamento;Conglomerado; ;CREFISA S.A. CFI (conglomerado);Irregularidades relativas a telemarketing, SMS ou Whatsapp com oferta de produtos e serviços;0;
2026;2º;Demais Bancos, Financeiras e Instituições de Pagamento;Conglomerado; ;CREFISA S.A. CFI (conglomerado);Juros e preços;0;
2026;2º;Demais Bancos, Financeiras e Instituições de Pagamento;Conglomerado; ;CREFISA S.A. CFI (conglomerado);Limites de transação;0;
2026;2º;Demais Bancos, Financeiras e Instituições de Pagamento;Conglomerado; ;CREFISA S.A. CFI (conglomerado);Não acatamento de solicitação de cancelamento de débitos automáticos em conta de pagamento pré-paga, ou não cumprimento das regras aplicáveis;0;
2026;2º;Demais Bancos, Financeiras e Instituições de Pagamento;Conglomerado; ;CREFISA S.A. CFI (conglomerado);Não acatamento de solicitação de cancelamento de débitos automáticos em conta ou não cumprimento das regras aplicáveis;121;
2026;2º;Demais Bancos, Financeiras e Instituições de Pagamento;Conglomerado; ;CREFISA S.A. CFI (conglomerado);Não acatamento de solicitação de cancelamento de débitos automáticos em conta-salário ou não cumprimento das regras aplicáveis;0;
2026;2º;Demais Bancos, Financeiras e Instituições de Pagamento;Conglomerado; ;CREFISA S.A. CFI (conglomerado);Oferta ou prestação de informação sobre a conta ou serviços acessórios de forma inadequada ;0;
2026;2º;Demais Bancos, Financeiras e Instituições de Pagamento;Conglomerado; ;CREFISA S.A. CFI (conglomerado);Oferta ou prestação de informação sobre crédito consignado de forma inadequada;0;
2026;2º;Demais Bancos, Financeiras e Instituições de Pagamento;Conglomerado; ;CREFISA S.A. CFI (conglomerado);Oferta ou prestação de informação sobre o cartão de crédito de forma inadequada ;2;
2026;2º;Demais Bancos, Financeiras e Instituições de Pagamento;Conglomerado; ;CREFISA S.A. CFI (conglomerado);Oferta ou prestação de informação sobre operação de crédito de forma inadequada, exceto crédito consignado;49;
2026;2º;Demais Bancos, Financeiras e Instituições de Pagamento;Conglomerado; ;CREFISA S.A. CFI (conglomerado);Oferta ou prestação de informação sobre produtos e serviços de forma inadequada, exceto as relacionadas a cartão de crédito, conta e serviços acessórios, credenciadora de cartão e operação de crédito;0;
2026;2º;Demais Bancos, Financeiras e Instituições de Pagamento;Conglomerado; ;CREFISA S.A. CFI (conglomerado);Outras irregularidades ;0;
2026;2º;Demais Bancos, Financeiras e Instituições de Pagamento;Conglomerado; ;CREFISA S.A. CFI (conglomerado);Pix  - chaves;0;
2026;2º;Demais Bancos, Financeiras e Instituições de Pagamento;Conglomerado; ;CREFISA S.A. CFI (conglomerado);Pix - diversos;0;
2026;2º;Demais Bancos, Financeiras e Instituições de Pagamento;Conglomerado; ;CREFISA S.A. CFI (conglomerado);Pix - Dificuldade para solicitar ou realizar devolução;15;
2026;2º;Demais Bancos, Financeiras e Instituições de Pagamento;Conglomerado; ;CREFISA S.A. CFI (conglomerado);Pix - iniciação;2;
2026;2º;Demais Bancos, Financeiras e Instituições de Pagamento;Conglomerado; ;CREFISA S.A. CFI (conglomerado);Reclamações relacionadas a assuntos diversos;0;
2026;2º;Demais Bancos, Financeiras e Instituições de Pagamento;Conglomerado; ;CREFISA S.A. CFI (conglomerado);Recusa de produtos ou serviços;0;
2026;2º;Demais Bancos, Financeiras e Instituições de Pagamento;Conglomerado; ;CREFISA S.A. CFI (conglomerado);Renegociação de dívida (exceto cartão de crédito);0;
2026;2º;Demais Bancos, Financeiras e Instituições de Pagamento;Conglomerado; ;CREFISA S.A. CFI (conglomerado);Restrição à realização de portabilidade de operações de crédito consignado relativas a pessoas naturais;2;
2026;2º;Demais Bancos, Financeiras e Instituições de Pagamento;Conglomerado; ;CREFISA S.A. CFI (conglomerado);Restrições cadastrais;0;
2026;2º;Demais Bancos, Financeiras e Instituições de Pagamento;Conglomerado; ;CREFISA S.A. CFI (conglomerado);Terminais eletrônicos, internet e aplicativos;0;
2026;2º;Demais Bancos, Financeiras e Instituições de Pagamento;Conglomerado; ;CREFISA S.A. CFI (conglomerado);Transações não reconhecidas pelo titular da conta, realizadas por terceiros (invasão de conta) em instituições financeiras;7;
2026;2º;Demais Bancos, Financeiras e Instituições de Pagamento;Conglomerado; ;DLOCAL BRASIL INSTITUIÇÃO DE PAGAMENTO - PRUDENCIA (conglomerado);Abertura de conta de pagamento sem documentação necessária ou com documentação falsa - instituição de pagamento;10;
2026;2º;Demais Bancos, Financeiras e Instituições de Pagamento;Conglomerado; ;DLOCAL BRASIL INSTITUIÇÃO DE PAGAMENTO - PRUDENCIA (conglomerado);Bloqueio de valores ou de conta fora do âmbito do Pix - instituição de pagamento;0;
2026;2º;Demais Bancos, Financeiras e Instituições de Pagamento;Conglomerado; ;DLOCAL BRASIL INSTITUIÇÃO DE PAGAMENTO - PRUDENCIA (conglomerado);Débito em conta de pagamento pré-paga não autorizado pelo cliente, ou não cumprimento das regras aplicáveis - instituição de pagamento;3;
2026;2º;Demais Bancos, Financeiras e Instituições de Pagamento;Conglomerado; ;DLOCAL BRASIL INSTITUIÇÃO DE PAGAMENTO - PRUDENCIA (conglomerado);Insatisfação com a resposta referente à reclamação registrada no BCB recebida - instituição de pagamento;0;
2026;2º;Demais Bancos, Financeiras e Instituições de Pagamento;Conglomerado; ;DLOCAL BRASIL INSTITUIÇÃO DE PAGAMENTO - PRUDENCIA (conglomerado);Irregularidades no processo de encerramento de conta de pagamento - instituição de pagamento;0;
2026;2º;Demais Bancos, Financeiras e Instituições de Pagamento;Conglomerado; ;DLOCAL BRASIL INSTITUIÇÃO DE PAGAMENTO - PRUDENCIA (conglomerado);Irregularidades relacionadas a boletos de pagamento (exceto ausência de contrato com beneficiário) para IPs;7;
2026;2º;Demais Bancos, Financeiras e Instituições de Pagamento;Conglomerado; ;DLOCAL BRASIL INSTITUIÇÃO DE PAGAMENTO - PRUDENCIA (conglomerado);Irregularidades relacionadas ao acompanhamento de conta de pagamento - instituição de pagamento;22;
2026;2º;Demais Bancos, Financeiras e Instituições de Pagamento;Conglomerado; ;DLOCAL BRASIL INSTITUIÇÃO DE PAGAMENTO - PRUDENCIA (conglomerado);Irregularidades relativas a dados transacionais no Open Banking - instituição de pagamento;4;
2026;2º;Demais Bancos, Financeiras e Instituições de Pagamento;Conglomerado; ;DLOCAL BRASIL INSTITUIÇÃO DE PAGAMENTO - PRUDENCIA (conglomerado);Irregularidades relativas a integridade, confiabilidade, segurança, sigilo ou legitimidade das operações e serviços prestados relacionados a conta de pagamento pré-paga - instituição de pagamento;1;
2026;2º;Demais Bancos, Financeiras e Instituições de Pagamento;Conglomerado; ;DLOCAL BRASIL INSTITUIÇÃO DE PAGAMENTO - PRUDENCIA (conglomerado);Irregularidades relativas à iniciação de transação de pagamento no Open Banking - instituição de pagamento;36;
2026;2º;Demais Bancos, Financeiras e Instituições de Pagamento;Conglomerado; ;DLOCAL BRASIL INSTITUIÇÃO DE PAGAMENTO - PRUDENCIA (conglomerado);Pix - Dificuldade para solicitar ou realizar devolução - instituição de pagamento;1;
2026;2º;Demais Bancos, Financeiras e Instituições de Pagamento;Conglomerado; ;DLOCAL BRASIL INSTITUIÇÃO DE PAGAMENTO - PRUDENCIA (conglomerado);Pix - outros - instituição de pagamento;0;
2026;2º;Demais Bancos, Financeiras e Instituições de Pagamento;Conglomerado; ;DLOCAL BRASIL INSTITUIÇÃO DE PAGAMENTO - PRUDENCIA (conglomerado);PIX - Diversos - instituição de pagamento;0;
2026;2º;Demais Bancos, Financeiras e Instituições de Pagamento;Conglomerado; ;DLOCAL BRASIL INSTITUIÇÃO DE PAGAMENTO - PRUDENCIA (conglomerado);Reclamações relacionadas a assuntos diversos envolvendo - instituição de pagamento;0;
2026;2º;Demais Bancos, Financeiras e Instituições de Pagamento;Conglomerado; ;DM SCFI (conglomerado);Abertura de conta de depósito com documentação ausente, insuficiente ou falsa;9;
2026;2º;Demais Bancos, Financeiras e Instituições de Pagamento;Conglomerado; ;DM SCFI (conglomerado);Abertura de conta de pagamento sem documentação necessária ou com documentação falsa;0;
2026;2º;Demais Bancos, Financeiras e Instituições de Pagamento;Conglomerado; ;DM SCFI (conglomerado);Ausência de informações sobre as regras de funcionamento nos contratos de cartões de crédito ou seu descumprimento;0;
2026;2º;Demais Bancos, Financeiras e Instituições de Pagamento;Conglomerado; ;DM SCFI (conglomerado);Ausência de título adequado relativo a cartão de crédito;4;
2026;2º;Demais Bancos, Financeiras e Instituições de Pagamento;Conglomerado; ;DM SCFI (conglomerado);Bloqueio de valores ou de conta fora do âmbito do Pix;0;
2026;2º;Demais Bancos, Financeiras e Instituições de Pagamento;Conglomerado; ;DM SCFI (conglomerado);Cancelamento de contrato a pedido do cliente não atendido por instituição financeira;2;
2026;2º;Demais Bancos, Financeiras e Instituições de Pagamento;Conglomerado; ;DM SCFI (conglomerado);Cobrança irregular de tarifa relacionada ao cartão de crédito;7;
2026;2º;Demais Bancos, Financeiras e Instituições de Pagamento;Conglomerado; ;DM SCFI (conglomerado);Cobranças diversas;0;
2026;2º;Demais Bancos, Financeiras e Instituições de Pagamento;Conglomerado; ;DM SCFI (conglomerado);Descumprimento de ordem judicial;0;
2026;2º;Demais Bancos, Financeiras e Instituições de Pagamento;Conglomerado; ;DM SCFI (conglomerado);Encaminhamento de instrumentos de pagamento não solicitados;0;
2026;2º;Demais Bancos, Financeiras e Instituições de Pagamento;Conglomerado; ;DM SCFI (conglomerado);Inclusão de dados incorretos no CCS (Cadastro de Clientes do Sistema Financeiro Nacional);9;
2026;2º;Demais Bancos, Financeiras e Instituições de Pagamento;Conglomerado; ;DM SCFI (conglomerado);Insatisfação com a resposta recebida da instituição financeira referente à reclamação registrada no BCB;2;
2026;2º;Demais Bancos, Financeiras e Instituições de Pagamento;Conglomerado; ;DM SCFI (conglomerado);Insatisfação com o atendimento prestado pelo SAC ou Central de Relacionamento;9;
2026;2º;Demais Bancos, Financeiras e Instituições de Pagamento;Conglomerado; ;DM SCFI (conglomerado);Irregularidades no processo de encerramento de conta de depósitos à vista;9;
2026;2º;Demais Bancos, Financeiras e Instituições de Pagamento;Conglomerado; ;DM SCFI (conglomerado);Irregularidades no processo de encerramento de conta de pagamento;0;
2026;2º;Demais Bancos, Financeiras e Instituições de Pagamento;Conglomerado; ;DM SCFI (conglomerado);Irregularidades relacionadas a boletos de pagamento (exceto ausência de contrato com beneficiário);0;
2026;2º;Demais Bancos, Financeiras e Instituições de Pagamento;Conglomerado; ;DM SCFI (conglomerado);Irregularidades relacionadas ao acompanhamento de conta de pagamento;0;
2026;2º;Demais Bancos, Financeiras e Instituições de Pagamento;Conglomerado; ;DM SCFI (conglomerado);Irregularidades relacionadas ao fornecimento de documento para liquidação antecipada de operações de crédito;2;
2026;2º;Demais Bancos, Financeiras e Instituições de Pagamento;Conglomerado; ;DM SCFI (conglomerado);Irregularidades relacionadas ao fornecimento de documentos relativos a cartão de crédito;2;
2026;2º;Demais Bancos, Financeiras e Instituições de Pagamento;Conglomerado; ;DM SCFI (conglomerado);Irregularidades relacionadas ao fornecimento de documentos relativos a conta;7;
2026;2º;Demais Bancos, Financeiras e Instituições de Pagamento;Conglomerado; ;DM SCFI (conglomerado);Irregularidades relacionadas ao fornecimento de documentos relativos a operação de crédito, exceto para liquidação antecipada e descritivo do crédito.;11;
2026;2º;Demais Bancos, Financeiras e Instituições de Pagamento;Conglomerado; ;DM SCFI (conglomerado);Irregularidades relacionadas ao fornecimento de informações relativas a operação de crédito contratada (DDC);2;
2026;2º;Demais Bancos, Financeiras e Instituições de Pagamento;Conglomerado; ;DM SCFI (conglomerado);Irregularidades relacionadas ao Sistema de Informações de Crédito do Banco Central (SCR);134;
2026;2º;Demais Bancos, Financeiras e Instituições de Pagamento;Conglomerado; ;DM SCFI (conglomerado);Irregularidades relativas a integridade, confiabilidade, segurança, sigilo ou legitimidade das operações e serviços disponibilizados em internet banking;4;
2026;2º;Demais Bancos, Financeiras e Instituições de Pagamento;Conglomerado; ;DM SCFI (conglomerado);Irregularidades relativas a integridade, confiabilidade, segurança, sigilo ou legitimidade das operações e serviços relacionados a cartões de crédito;59;
2026;2º;Demais Bancos, Financeiras e Instituições de Pagamento;Conglomerado; ;DM SCFI (conglomerado);Irregularidades relativas a integridade, confiabilidade, segurança, sigilo ou legitimidade das operações e serviços, exceto as relacionadas a cartão de crédito, cartão de débito, internet banking, ATM, credenciadora e operação de crédito;2;
2026;2º;Demais Bancos, Financeiras e Instituições de Pagamento;Conglomerado; ;DM SCFI (conglomerado);Irregularidades relativas a integridade, confiabilidade, segurança, sigilo ou legitimidade dos serviços relacionados a operações de crédito, exceto consignado;2;
2026;2º;Demais Bancos, Financeiras e Instituições de Pagamento;Conglomerado; ;DM SCFI (conglomerado);Irregularidades relativas a operações de crédito de saldo devedor de fatura de cartão de crédito (rotativo e parcelamento) e respectiva cobrança de encargos;39;
2026;2º;Demais Bancos, Financeiras e Instituições de Pagamento;Conglomerado; ;DM SCFI (conglomerado);Juros e preços;0;
2026;2º;Demais Bancos, Financeiras e Instituições de Pagamento;Conglomerado; ;DM SCFI (conglomerado);Não acatamento de solicitação de cancelamento de débitos automáticos em conta ou não cumprimento das regras aplicáveis;0;
2026;2º;Demais Bancos, Financeiras e Instituições de Pagamento;Conglomerado; ;DM SCFI (conglomerado);Oferta ou prestação de informação sobre a conta ou serviços acessórios de forma inadequada ;2;
2026;2º;Demais Bancos, Financeiras e Instituições de Pagamento;Conglomerado; ;DM SCFI (conglomerado);Oferta ou prestação de informação sobre o cartão de crédito de forma inadequada ;11;
2026;2º;Demais Bancos, Financeiras e Instituições de Pagamento;Conglomerado; ;DM SCFI (conglomerado);Oferta ou prestação de informação sobre operação de crédito de forma inadequada, exceto crédito consignado;2;
2026;2º;Demais Bancos, Financeiras e Instituições de Pagamento;Conglomerado; ;DM SCFI (conglomerado);Outros assuntos não regulados relacionados a cartão de crédito;0;
2026;2º;Demais Bancos, Financeiras e Instituições de Pagamento;Conglomerado; ;DM SCFI (conglomerado);Pix  - chaves;9;
2026;2º;Demais Bancos, Financeiras e Instituições de Pagamento;Conglomerado; ;DM SCFI (conglomerado);Pix - diversos;0;
2026;2º;Demais Bancos, Financeiras e Instituições de Pagamento;Conglomerado; ;DM SCFI (conglomerado);Pix - Dificuldade para solicitar ou realizar devolução;2;
2026;2º;Demais Bancos, Financeiras e Instituições de Pagamento;Conglomerado; ;DM SCFI (conglomerado);Pix - iniciação;4;
2026;2º;Demais Bancos, Financeiras e Instituições de Pagamento;Conglomerado; ;DM SCFI (conglomerado);Pix - liquidação;4;
2026;2º;Demais Bancos, Financeiras e Instituições de Pagamento;Conglomerado; ;DM SCFI (conglomerado);Reclamações relacionadas a assuntos diversos;0;
2026;2º;Demais Bancos, Financeiras e Instituições de Pagamento;Conglomerado; ;DM SCFI (conglomerado);Renegociação de dívida (exceto cartão de crédito);0;
2026;2º;Demais Bancos, Financeiras e Instituições de Pagamento;Conglomerado; ;DM SCFI (conglomerado);Restrições cadastrais;0;
2026;2º;Demais Bancos, Financeiras e Instituições de Pagamento;Conglomerado; ;DM SCFI (conglomerado);Terminais eletrônicos, internet e aplicativos;0;
2026;2º;Demais Bancos, Financeiras e Instituições de Pagamento;Conglomerado; ;DOCK IP (conglomerado);Abertura de conta de pagamento sem documentação necessária ou com documentação falsa - instituição de pagamento;31;
2026;2º;Demais Bancos, Financeiras e Instituições de Pagamento;Conglomerado; ;DOCK IP (conglomerado);Bloqueio de valores ou de conta fora do âmbito do Pix - instituição de pagamento;0;
2026;2º;Demais Bancos, Financeiras e Instituições de Pagamento;Conglomerado; ;DOCK IP (conglomerado);Cancelamento de contrato a pedido do cliente de conta de pagamento pós-paga não atendido - instituição de pagamento;0;
2026;2º;Demais Bancos, Financeiras e Instituições de Pagamento;Conglomerado; ;DOCK IP (conglomerado);Débito em conta de pagamento pré-paga não autorizado pelo cliente, ou não cumprimento das regras aplicáveis - instituição de pagamento;2;
2026;2º;Demais Bancos, Financeiras e Instituições de Pagamento;Conglomerado; ;DOCK IP (conglomerado);Inclusão de dados incorretos no CCS (Cadastro de Clientes do Sistema Financeiro Nacional) - instituição de pagamento;2;
2026;2º;Demais Bancos, Financeiras e Instituições de Pagamento;Conglomerado; ;DOCK IP (conglomerado);Insatisfação com a resposta referente à reclamação registrada no BCB recebida - instituição de pagamento;0;
2026;2º;Demais Bancos, Financeiras e Instituições de Pagamento;Conglomerado; ;DOCK IP (conglomerado);Irregularidades no processo de encerramento de conta de pagamento - instituição de pagamento;2;
2026;2º;Demais Bancos, Financeiras e Instituições de Pagamento;Conglomerado; ;DOCK IP (conglomerado);Irregularidades relacionadas a boletos de pagamento (exceto ausência de contrato com beneficiário) para IPs;0;
2026;2º;Demais Bancos, Financeiras e Instituições de Pagamento;Conglomerado; ;DOCK IP (conglomerado);Irregularidades relacionadas a informações e liquidação de valores a receber no sistema SVR do BCB - instituições de pagamento;0;
2026;2º;Demais Bancos, Financeiras e Instituições de Pagamento;Conglomerado; ;DOCK IP (conglomerado);Irregularidades relacionadas a operações no mercado de câmbio para IPs;2;
2026;2º;Demais Bancos, Financeiras e Instituições de Pagamento;Conglomerado; ;DOCK IP (conglomerado);Irregularidades relacionadas ao acompanhamento de conta de pagamento - instituição de pagamento;29;
2026;2º;Demais Bancos, Financeiras e Instituições de Pagamento;Conglomerado; ;DOCK IP (conglomerado);Irregularidades relacionadas ao fornecimento de documentos por conta de pagamentos pós-paga - instituição de pagamento;0;
2026;2º;Demais Bancos, Financeiras e Instituições de Pagamento;Conglomerado; ;DOCK IP (conglomerado);Irregularidades relacionadas ao fornecimento de documentos por conta de pagamentos pré-paga - instituição de pagamento;2;
2026;2º;Demais Bancos, Financeiras e Instituições de Pagamento;Conglomerado; ;DOCK IP (conglomerado);Irregularidades relacionadas ao Sistema de Informações de Crédito do Banco Central (SCR) - instituição de pagamento;0;
2026;2º;Demais Bancos, Financeiras e Instituições de Pagamento;Conglomerado; ;DOCK IP (conglomerado);Irregularidades relacionadas à liquidação de documentos (exceto cheques) - instituição de pagamento;0;
2026;2º;Demais Bancos, Financeiras e Instituições de Pagamento;Conglomerado; ;DOCK IP (conglomerado);Irregularidades relativas a integridade, confiabilidade, segurança, sigilo ou legitimidade das operações e serviços prestados relacionados a conta de pagamento pós-paga - instituição de pagamento;2;
2026;2º;Demais Bancos, Financeiras e Instituições de Pagamento;Conglomerado; ;DOCK IP (conglomerado);Irregularidades relativas a integridade, confiabilidade, segurança, sigilo ou legitimidade das operações e serviços prestados relacionados a conta de pagamento pré-paga - instituição de pagamento;9;
2026;2º;Demais Bancos, Financeiras e Instituições de Pagamento;Conglomerado; ;DOCK IP (conglomerado);Irregularidades relativas a operações de crédito de saldo devedor de fatura de cartão de crédito (rotativo e parcelamento) e respectiva cobrança de encargos - instituições de pagamento;0;
2026;2º;Demais Bancos, Financeiras e Instituições de Pagamento;Conglomerado; ;DOCK IP (conglomerado);Limites de transação - instituição de pagamento;2;
2026;2º;Demais Bancos, Financeiras e Instituições de Pagamento;Conglomerado; ;DOCK IP (conglomerado);Oferta ou prestação de informação a respeito de produtos e serviços de forma inadequada para conta de pagamento pré-paga - instituição de pagamento;9;
2026;2º;Demais Bancos, Financeiras e Instituições de Pagamento;Conglomerado; ;DOCK IP (conglomerado);Pix - Bloqueio ou devolução irregular de valores - instituição de pagamento;0;
2026;2º;Demais Bancos, Financeiras e Instituições de Pagamento;Conglomerado; ;DOCK IP (conglomerado);Pix - Dificuldade para solicitar ou realizar devolução - instituição de pagamento;2;
2026;2º;Demais Bancos, Financeiras e Instituições de Pagamento;Conglomerado; ;DOCK IP (conglomerado);PIX - Chaves - instituição de pagamento;0;
2026;2º;Demais Bancos, Financeiras e Instituições de Pagamento;Conglomerado; ;DOCK IP (conglomerado);PIX - Diversos - instituição de pagamento;0;
2026;2º;Demais Bancos, Financeiras e Instituições de Pagamento;Conglomerado; ;DOCK IP (conglomerado);Reclamações relacionadas a assuntos diversos envolvendo - instituição de pagamento;0;
2026;2º;Demais Bancos, Financeiras e Instituições de Pagamento;Conglomerado; ;DOCK IP (conglomerado);Recusa de produtos ou serviços - instituição de pagamento;0;
2026;2º;Demais Bancos, Financeiras e Instituições de Pagamento;Conglomerado; ;DOCK IP (conglomerado);Renegociação de dívida em instituição de pagamento;0;
2026;2º;Demais Bancos, Financeiras e Instituições de Pagamento;Conglomerado; ;DOCK IP (conglomerado);Restrições cadastrais por parte - instituição de pagamento;0;
2026;2º;Demais Bancos, Financeiras e Instituições de Pagamento;Conglomerado; ;DOCK IP (conglomerado);Terminais eletrônicos, internet e aplicativos - instituição de pagamento;0;
2026;2º;Demais Bancos, Financeiras e Instituições de Pagamento;Conglomerado; ;DOCK IP (conglomerado);Transações não reconhecidas pelo titular da conta, realizadas por terceiros (invasão de conta) - instituição de pagamento;2;
2026;2º;Demais Bancos, Financeiras e Instituições de Pagamento;Conglomerado; ;EBANX IP (conglomerado);Abertura de conta de pagamento sem documentação necessária ou com documentação falsa - instituição de pagamento;5;
2026;2º;Demais Bancos, Financeiras e Instituições de Pagamento;Conglomerado; ;EBANX IP (conglomerado);Cobrança irregular de tarifa em conta de pagamento pré-paga - instituição de pagamento;0;
2026;2º;Demais Bancos, Financeiras e Instituições de Pagamento;Conglomerado; ;EBANX IP (conglomerado);Descumprimento de prazo de resposta da reclamação registrada no BCB - instituição de pagamento;0;
2026;2º;Demais Bancos, Financeiras e Instituições de Pagamento;Conglomerado; ;EBANX IP (conglomerado);Débito em conta de pagamento pré-paga não autorizado pelo cliente, ou não cumprimento das regras aplicáveis - instituição de pagamento;3;
2026;2º;Demais Bancos, Financeiras e Instituições de Pagamento;Conglomerado; ;EBANX IP (conglomerado);Inclusão de dados incorretos no CCS (Cadastro de Clientes do Sistema Financeiro Nacional) - instituição de pagamento;2;
2026;2º;Demais Bancos, Financeiras e Instituições de Pagamento;Conglomerado; ;EBANX IP (conglomerado);Insatisfação com a resposta referente à reclamação registrada no BCB recebida - instituição de pagamento;0;
2026;2º;Demais Bancos, Financeiras e Instituições de Pagamento;Conglomerado; ;EBANX IP (conglomerado);Insatisfação com o atendimento prestado pelo SAC ou Central de Relacionamento - instituição de pagamento;2;
2026;2º;Demais Bancos, Financeiras e Instituições de Pagamento;Conglomerado; ;EBANX IP (conglomerado);Irregularidades no processo de encerramento de conta de pagamento - instituição de pagamento;0;
2026;2º;Demais Bancos, Financeiras e Instituições de Pagamento;Conglomerado; ;EBANX IP (conglomerado);Irregularidades relacionadas a informações e liquidação de valores a receber no sistema SVR do BCB - instituições de pagamento;0;
2026;2º;Demais Bancos, Financeiras e Instituições de Pagamento;Conglomerado; ;EBANX IP (conglomerado);Irregularidades relacionadas ao acompanhamento de conta de pagamento - instituição de pagamento;29;
2026;2º;Demais Bancos, Financeiras e Instituições de Pagamento;Conglomerado; ;EBANX IP (conglomerado);Irregularidades relacionadas ao fornecimento de documentos por conta de pagamentos pré-paga - instituição de pagamento;0;
2026;2º;Demais Bancos, Financeiras e Instituições de Pagamento;Conglomerado; ;EBANX IP (conglomerado);Irregularidades relacionadas ao Sistema de Informações de Crédito do Banco Central (SCR) - instituição de pagamento;0;
2026;2º;Demais Bancos, Financeiras e Instituições de Pagamento;Conglomerado; ;EBANX IP (conglomerado);Irregularidades relativas a integridade, confiabilidade, segurança, sigilo ou legitimidade das operações e serviços prestados relacionados a conta de pagamento pós-paga - instituição de pagamento;3;
2026;2º;Demais Bancos, Financeiras e Instituições de Pagamento;Conglomerado; ;EBANX IP (conglomerado);Irregularidades relativas a integridade, confiabilidade, segurança, sigilo ou legitimidade das operações e serviços prestados relacionados a conta de pagamento pré-paga - instituição de pagamento;5;
2026;2º;Demais Bancos, Financeiras e Instituições de Pagamento;Conglomerado; ;EBANX IP (conglomerado);Oferta ou prestação de informação a respeito de produtos e serviços de forma inadequada para conta de pagamento pré-paga - instituição de pagamento;2;
2026;2º;Demais Bancos, Financeiras e Instituições de Pagamento;Conglomerado; ;EBANX IP (conglomerado);Outros assuntos não regulados relacionados a cartão de crédito - instituição de pagamento;0;
2026;2º;Demais Bancos, Financeiras e Instituições de Pagamento;Conglomerado; ;EBANX IP (conglomerado);Pix - Dificuldade para solicitar ou realizar devolução - instituição de pagamento;3;
2026;2º;Demais Bancos, Financeiras e Instituições de Pagamento;Conglomerado; ;EBANX IP (conglomerado);Pix - outros - instituição de pagamento;0;
2026;2º;Demais Bancos, Financeiras e Instituições de Pagamento;Conglomerado; ;EBANX IP (conglomerado);Pix Automático - instituição de pagamento;2;
2026;2º;Demais Bancos, Financeiras e Instituições de Pagamento;Conglomerado; ;EBANX IP (conglomerado);PIX - Chaves - instituição de pagamento;0;
2026;2º;Demais Bancos, Financeiras e Instituições de Pagamento;Conglomerado; ;EBANX IP (conglomerado);PIX - Diversos - instituição de pagamento;0;
2026;2º;Demais Bancos, Financeiras e Instituições de Pagamento;Conglomerado; ;EBANX IP (conglomerado);Reclamações relacionadas a assuntos diversos envolvendo - instituição de pagamento;0;
2026;2º;Demais Bancos, Financeiras e Instituições de Pagamento;Conglomerado; ;EBANX IP (conglomerado);Restrições cadastrais por parte - instituição de pagamento;0;
2026;2º;Demais Bancos, Financeiras e Instituições de Pagamento;Conglomerado; ;EDENRED SOLUCOES E IP AHA (conglomerado);Abertura de conta de pagamento sem documentação necessária ou com documentação falsa - instituição de pagamento;5;
2026;2º;Demais Bancos, Financeiras e Instituições de Pagamento;Conglomerado; ;EDENRED SOLUCOES E IP AHA (conglomerado);Cobrança irregular de tarifa em conta de pagamento pós-paga - instituição de pagamento;3;
2026;2º;Demais Bancos, Financeiras e Instituições de Pagamento;Conglomerado; ;EDENRED SOLUCOES E IP AHA (conglomerado);Inclusão de dados incorretos no CCS (Cadastro de Clientes do Sistema Financeiro Nacional) - instituição de pagamento;3;
2026;2º;Demais Bancos, Financeiras e Instituições de Pagamento;Conglomerado; ;EDENRED SOLUCOES E IP AHA (conglomerado);Insatisfação com o atendimento prestado pelo SAC ou Central de Relacionamento - instituição de pagamento;3;
2026;2º;Demais Bancos, Financeiras e Instituições de Pagamento;Conglomerado; ;EDENRED SOLUCOES E IP AHA (conglomerado);Irregularidades no processo de encerramento de conta de pagamento - instituição de pagamento;0;
2026;2º;Demais Bancos, Financeiras e Instituições de Pagamento;Conglomerado; ;EDENRED SOLUCOES E IP AHA (conglomerado);Irregularidades relacionadas ao acompanhamento de conta de pagamento - instituição de pagamento;3;
2026;2º;Demais Bancos, Financeiras e Instituições de Pagamento;Conglomerado; ;EDENRED SOLUCOES E IP AHA (conglomerado);Irregularidades relativas a integridade, confiabilidade, segurança, sigilo ou legitimidade das operações e serviços prestados relacionados a conta de pagamento pós-paga - instituição de pagamento;3;
2026;2º;Demais Bancos, Financeiras e Instituições de Pagamento;Conglomerado; ;EDENRED SOLUCOES E IP AHA (conglomerado);Oferta ou prestação de informação a respeito de produtos e serviços de forma inadequada para conta de pagamento pré-paga - instituição de pagamento;3;
2026;2º;Demais Bancos, Financeiras e Instituições de Pagamento;Conglomerado; ;EDENRED SOLUCOES E IP AHA (conglomerado);Pix - liquidação - instituição de pagamento;3;
2026;2º;Demais Bancos, Financeiras e Instituições de Pagamento;Conglomerado; ;EFI S.A. IP (conglomerado);Abertura de conta de pagamento sem documentação necessária ou com documentação falsa - instituição de pagamento;8;
2026;2º;Demais Bancos, Financeiras e Instituições de Pagamento;Conglomerado; ;EFI S.A. IP (conglomerado);Bloqueio de valores ou de conta fora do âmbito do Pix - instituição de pagamento;9;
2026;2º;Demais Bancos, Financeiras e Instituições de Pagamento;Conglomerado; ;EFI S.A. IP (conglomerado);Cancelamento de contrato por iniciativa - instituição de pagamento;0;
2026;2º;Demais Bancos, Financeiras e Instituições de Pagamento;Conglomerado; ;EFI S.A. IP (conglomerado);Cobranças diversas de IPs;0;
2026;2º;Demais Bancos, Financeiras e Instituições de Pagamento;Conglomerado; ;EFI S.A. IP (conglomerado);Débito em conta de pagamento pré-paga não autorizado pelo cliente, ou não cumprimento das regras aplicáveis - instituição de pagamento;5;
2026;2º;Demais Bancos, Financeiras e Instituições de Pagamento;Conglomerado; ;EFI S.A. IP (conglomerado);Inclusão de dados incorretos no CCS (Cadastro de Clientes do Sistema Financeiro Nacional) - instituição de pagamento;2;
2026;2º;Demais Bancos, Financeiras e Instituições de Pagamento;Conglomerado; ;EFI S.A. IP (conglomerado);Insatisfação com a resposta referente à reclamação registrada no BCB recebida - instituição de pagamento;0;
2026;2º;Demais Bancos, Financeiras e Instituições de Pagamento;Conglomerado; ;EFI S.A. IP (conglomerado);Insatisfação com o atendimento prestado pelo SAC ou Central de Relacionamento - instituição de pagamento;3;
2026;2º;Demais Bancos, Financeiras e Instituições de Pagamento;Conglomerado; ;EFI S.A. IP (conglomerado);Irregularidades no processo de encerramento de conta de pagamento - instituição de pagamento;2;
2026;2º;Demais Bancos, Financeiras e Instituições de Pagamento;Conglomerado; ;EFI S.A. IP (conglomerado);Irregularidades relacionadas ao acompanhamento de conta de pagamento - instituição de pagamento;18;
2026;2º;Demais Bancos, Financeiras e Instituições de Pagamento;Conglomerado; ;EFI S.A. IP (conglomerado);Irregularidades relacionadas ao fornecimento de documentos por conta de pagamentos pós-paga - instituição de pagamento;0;
2026;2º;Demais Bancos, Financeiras e Instituições de Pagamento;Conglomerado; ;EFI S.A. IP (conglomerado);Irregularidades relacionadas ao Sistema de Informações de Crédito do Banco Central (SCR) - instituição de pagamento;0;
2026;2º;Demais Bancos, Financeiras e Instituições de Pagamento;Conglomerado; ;EFI S.A. IP (conglomerado);Irregularidades relativas a integridade, confiabilidade, segurança, sigilo ou legitimidade das operações e serviços prestados relacionados a conta de pagamento pós-paga - instituição de pagamento;5;
2026;2º;Demais Bancos, Financeiras e Instituições de Pagamento;Conglomerado; ;EFI S.A. IP (conglomerado);Irregularidades relativas a integridade, confiabilidade, segurança, sigilo ou legitimidade das operações e serviços prestados relacionados a conta de pagamento pré-paga - instituição de pagamento;8;
2026;2º;Demais Bancos, Financeiras e Instituições de Pagamento;Conglomerado; ;EFI S.A. IP (conglomerado);Pix - Bloqueio ou devolução irregular de valores - instituição de pagamento;0;
2026;2º;Demais Bancos, Financeiras e Instituições de Pagamento;Conglomerado; ;EFI S.A. IP (conglomerado);Pix - Dificuldade para solicitar ou realizar devolução - instituição de pagamento;0;
2026;2º;Demais Bancos, Financeiras e Instituições de Pagamento;Conglomerado; ;EFI S.A. IP (conglomerado);PIX - Chaves - instituição de pagamento;0;
2026;2º;Demais Bancos, Financeiras e Instituições de Pagamento;Conglomerado; ;EFI S.A. IP (conglomerado);PIX - Diversos - instituição de pagamento;0;
2026;2º;Demais Bancos, Financeiras e Instituições de Pagamento;Conglomerado; ;EFI S.A. IP (conglomerado);PIX - Iniciação - instituição de pagamento;2;
2026;2º;Demais Bancos, Financeiras e Instituições de Pagamento;Conglomerado; ;EFI S.A. IP (conglomerado);Reclamações relacionadas a assuntos diversos envolvendo - instituição de pagamento;0;
2026;2º;Demais Bancos, Financeiras e Instituições de Pagamento;Conglomerado; ;EFI S.A. IP (conglomerado);Recusa de produtos ou serviços - instituição de pagamento;0;
2026;2º;Demais Bancos, Financeiras e Instituições de Pagamento;Conglomerado; ;EFI S.A. IP (conglomerado);Transações não reconhecidas pelo titular da conta, realizadas por terceiros (invasão de conta) - instituição de pagamento;2;
2026;2º;Demais Bancos, Financeiras e Instituições de Pagamento;Conglomerado; ;EMPRESA BRASILEIRA DE BENEFICIOS E PAGAMENTOS IP - (conglomerado);Abertura de conta de pagamento sem documentação necessária ou com documentação falsa - instituição de pagamento;2;
2026;2º;Demais Bancos, Financeiras e Instituições de Pagamento;Conglomerado; ;EMPRESA BRASILEIRA DE BENEFICIOS E PAGAMENTOS IP - (conglomerado);Bloqueio de valores ou de conta fora do âmbito do Pix - instituição de pagamento;0;
2026;2º;Demais Bancos, Financeiras e Instituições de Pagamento;Conglomerado; ;EMPRESA BRASILEIRA DE BENEFICIOS E PAGAMENTOS IP - (conglomerado);Insatisfação com o atendimento prestado pelo SAC ou Central de Relacionamento - instituição de pagamento;3;
2026;2º;Demais Bancos, Financeiras e Instituições de Pagamento;Conglomerado; ;EMPRESA BRASILEIRA DE BENEFICIOS E PAGAMENTOS IP - (conglomerado);Irregularidades no processo de encerramento de conta de pagamento - instituição de pagamento;2;
2026;2º;Demais Bancos, Financeiras e Instituições de Pagamento;Conglomerado; ;EMPRESA BRASILEIRA DE BENEFICIOS E PAGAMENTOS IP - (conglomerado);Irregularidades relacionadas ao fornecimento de documentos por conta de pagamentos pré-paga - instituição de pagamento;0;
2026;2º;Demais Bancos, Financeiras e Instituições de Pagamento;Conglomerado; ;EMPRESA BRASILEIRA DE BENEFICIOS E PAGAMENTOS IP - (conglomerado);Irregularidades relativas a integridade, confiabilidade, segurança, sigilo ou legitimidade das operações e serviços prestados relacionados a conta de pagamento pós-paga - instituição de pagamento;0;
2026;2º;Demais Bancos, Financeiras e Instituições de Pagamento;Conglomerado; ;EMPRESA BRASILEIRA DE BENEFICIOS E PAGAMENTOS IP - (conglomerado);Irregularidades relativas a integridade, confiabilidade, segurança, sigilo ou legitimidade das operações e serviços prestados relacionados a conta de pagamento pré-paga - instituição de pagamento;2;
2026;2º;Demais Bancos, Financeiras e Instituições de Pagamento;Conglomerado; ;EMPRESA BRASILEIRA DE BENEFICIOS E PAGAMENTOS IP - (conglomerado);Outras irregularidades - instituição de pagamento;0;
2026;2º;Demais Bancos, Financeiras e Instituições de Pagamento;Conglomerado; ;EMPRESA BRASILEIRA DE BENEFICIOS E PAGAMENTOS IP - (conglomerado);PIX - Diversos - instituição de pagamento;0;
2026;2º;Demais Bancos, Financeiras e Instituições de Pagamento;Conglomerado; ;EMPRESA BRASILEIRA DE BENEFICIOS E PAGAMENTOS IP - (conglomerado);Recusa de produtos ou serviços - instituição de pagamento;0;
2026;2º;Demais Bancos, Financeiras e Instituições de Pagamento;Conglomerado; ;FACTA S.A. CFI (conglomerado);Ausência de título adequado relativo a cartão de crédito consignado;0;
2026;2º;Demais Bancos, Financeiras e Instituições de Pagamento;Conglomerado; ;FACTA S.A. CFI (conglomerado);Bloqueio de valores ou de conta fora do âmbito do Pix;0;
2026;2º;Demais Bancos, Financeiras e Instituições de Pagamento;Conglomerado; ;FACTA S.A. CFI (conglomerado);Cancelamento de contrato a pedido do cliente não atendido por instituição financeira;42;
2026;2º;Demais Bancos, Financeiras e Instituições de Pagamento;Conglomerado; ;FACTA S.A. CFI (conglomerado);Cobranças diversas;0;
2026;2º;Demais Bancos, Financeiras e Instituições de Pagamento;Conglomerado; ;FACTA S.A. CFI (conglomerado);Concessão de crédito (exceto consignado) sem a formalização do título adequado;4;
2026;2º;Demais Bancos, Financeiras e Instituições de Pagamento;Conglomerado; ;FACTA S.A. CFI (conglomerado);Concessão de crédito consignado sem a formalização do título adequado;17;
2026;2º;Demais Bancos, Financeiras e Instituições de Pagamento;Conglomerado; ;FACTA S.A. CFI (conglomerado);Crédito consignado;0;
2026;2º;Demais Bancos, Financeiras e Instituições de Pagamento;Conglomerado; ;FACTA S.A. CFI (conglomerado);Descumprimento de ordem judicial;0;
2026;2º;Demais Bancos, Financeiras e Instituições de Pagamento;Conglomerado; ;FACTA S.A. CFI (conglomerado);Descumprimento de prazo de resposta da reclamação registrada no BCB;4;
2026;2º;Demais Bancos, Financeiras e Instituições de Pagamento;Conglomerado; ;FACTA S.A. CFI (conglomerado);Débito em conta não autorizado pelo cliente, ou não cumprimento das regras aplicáveis;0;
2026;2º;Demais Bancos, Financeiras e Instituições de Pagamento;Conglomerado; ;FACTA S.A. CFI (conglomerado);Golpe;0;
2026;2º;Demais Bancos, Financeiras e Instituições de Pagamento;Conglomerado; ;FACTA S.A. CFI (conglomerado);Insatisfação com a resposta recebida da instituição financeira referente à reclamação registrada no BCB;13;
2026;2º;Demais Bancos, Financeiras e Instituições de Pagamento;Conglomerado; ;FACTA S.A. CFI (conglomerado);Insatisfação com o atendimento prestado pelo SAC ou Central de Relacionamento;47;
2026;2º;Demais Bancos, Financeiras e Instituições de Pagamento;Conglomerado; ;FACTA S.A. CFI (conglomerado);Irregularidades relacionadas ao fornecimento de documento para liquidação antecipada de operações de crédito;34;
2026;2º;Demais Bancos, Financeiras e Instituições de Pagamento;Conglomerado; ;FACTA S.A. CFI (conglomerado);Irregularidades relacionadas ao fornecimento de documentos relativos a cartão de crédito;4;
2026;2º;Demais Bancos, Financeiras e Instituições de Pagamento;Conglomerado; ;FACTA S.A. CFI (conglomerado);Irregularidades relacionadas ao fornecimento de documentos relativos a operação de crédito, exceto para liquidação antecipada e descritivo do crédito.;17;
2026;2º;Demais Bancos, Financeiras e Instituições de Pagamento;Conglomerado; ;FACTA S.A. CFI (conglomerado);Irregularidades relacionadas ao fornecimento de informações relativas a operação de crédito contratada (DDC);8;
2026;2º;Demais Bancos, Financeiras e Instituições de Pagamento;Conglomerado; ;FACTA S.A. CFI (conglomerado);Irregularidades relacionadas ao fornecimento de outros documentos, exceto os relativos a cartão de crédito, conta e operação de crédito;0;
2026;2º;Demais Bancos, Financeiras e Instituições de Pagamento;Conglomerado; ;FACTA S.A. CFI (conglomerado);Irregularidades relacionadas ao Sistema de Informações de Crédito do Banco Central (SCR);8;
2026;2º;Demais Bancos, Financeiras e Instituições de Pagamento;Conglomerado; ;FACTA S.A. CFI (conglomerado);Irregularidades relativas a integridade, confiabilidade, segurança, sigilo ou legitimidade das operações e serviços disponibilizados em internet banking;0;
2026;2º;Demais Bancos, Financeiras e Instituições de Pagamento;Conglomerado; ;FACTA S.A. CFI (conglomerado);Irregularidades relativas a integridade, confiabilidade, segurança, sigilo ou legitimidade das operações e serviços relacionados a cartões de crédito;21;
2026;2º;Demais Bancos, Financeiras e Instituições de Pagamento;Conglomerado; ;FACTA S.A. CFI (conglomerado);Irregularidades relativas a integridade, confiabilidade, segurança, sigilo ou legitimidade das operações e serviços, exceto as relacionadas a cartão de crédito, cartão de débito, internet banking, ATM, credenciadora e operação de crédito;0;
2026;2º;Demais Bancos, Financeiras e Instituições de Pagamento;Conglomerado; ;FACTA S.A. CFI (conglomerado);Irregularidades relativas a integridade, confiabilidade, segurança, sigilo ou legitimidade dos serviços relacionados a operações de crédito consignado;140;
2026;2º;Demais Bancos, Financeiras e Instituições de Pagamento;Conglomerado; ;FACTA S.A. CFI (conglomerado);Irregularidades relativas a integridade, confiabilidade, segurança, sigilo ou legitimidade dos serviços relacionados a operações de crédito, exceto consignado;21;
2026;2º;Demais Bancos, Financeiras e Instituições de Pagamento;Conglomerado; ;FACTA S.A. CFI (conglomerado);Irregularidades relativas a telemarketing, SMS ou Whatsapp com oferta de produtos e serviços;0;
2026;2º;Demais Bancos, Financeiras e Instituições de Pagamento;Conglomerado; ;FACTA S.A. CFI (conglomerado);Juros e preços;0;
2026;2º;Demais Bancos, Financeiras e Instituições de Pagamento;Conglomerado; ;FACTA S.A. CFI (conglomerado);Não acatamento de solicitação de cancelamento de débitos automáticos em conta ou não cumprimento das regras aplicáveis;0;
2026;2º;Demais Bancos, Financeiras e Instituições de Pagamento;Conglomerado; ;FACTA S.A. CFI (conglomerado);Oferta ou prestação de informação sobre crédito consignado de forma inadequada;187;
2026;2º;Demais Bancos, Financeiras e Instituições de Pagamento;Conglomerado; ;FACTA S.A. CFI (conglomerado);Oferta ou prestação de informação sobre o cartão de crédito de forma inadequada ;0;
2026;2º;Demais Bancos, Financeiras e Instituições de Pagamento;Conglomerado; ;FACTA S.A. CFI (conglomerado);Oferta ou prestação de informação sobre operação de crédito de forma inadequada, exceto crédito consignado;8;
2026;2º;Demais Bancos, Financeiras e Instituições de Pagamento;Conglomerado; ;FACTA S.A. CFI (conglomerado);Oferta ou prestação de informação sobre produtos e serviços de forma inadequada, exceto as relacionadas a cartão de crédito, conta e serviços acessórios, credenciadora de cartão e operação de crédito;140;
2026;2º;Demais Bancos, Financeiras e Instituições de Pagamento;Conglomerado; ;FACTA S.A. CFI (conglomerado);Outras irregularidades ;0;
2026;2º;Demais Bancos, Financeiras e Instituições de Pagamento;Conglomerado; ;FACTA S.A. CFI (conglomerado);Outras irregularidades relacionadas à portabilidade de operações de crédito de pessoa natural;0;
2026;2º;Demais Bancos, Financeiras e Instituições de Pagamento;Conglomerado; ;FACTA S.A. CFI (conglomerado);Pix - Dificuldade para solicitar ou realizar devolução;0;
2026;2º;Demais Bancos, Financeiras e Instituições de Pagamento;Conglomerado; ;FACTA S.A. CFI (conglomerado);Reclamações relacionadas a assuntos diversos;0;
2026;2º;Demais Bancos, Financeiras e Instituições de Pagamento;Conglomerado; ;FACTA S.A. CFI (conglomerado);Recusa de produtos ou serviços;0;
2026;2º;Demais Bancos, Financeiras e Instituições de Pagamento;Conglomerado; ;FACTA S.A. CFI (conglomerado);Renegociação de dívida (exceto cartão de crédito);0;
2026;2º;Demais Bancos, Financeiras e Instituições de Pagamento;Conglomerado; ;FACTA S.A. CFI (conglomerado);Restrição à realização de portabilidade de operações de crédito consignado relativas a pessoas naturais;17;
2026;2º;Demais Bancos, Financeiras e Instituições de Pagamento;Conglomerado; ;FACTA S.A. CFI (conglomerado);Restrições cadastrais;0;
2026;2º;Demais Bancos, Financeiras e Instituições de Pagamento;Conglomerado; ;FACTA S.A. CFI (conglomerado);Utilização incorreta da taxa de desconto no cálculo do valor presente relacionadas às operações de crédito consignado;4;
2026;2º;Demais Bancos, Financeiras e Instituições de Pagamento;Conglomerado; ;FATOR (conglomerado);Débito em conta não autorizado pelo cliente, ou não cumprimento das regras aplicáveis;0;
2026;2º;Demais Bancos, Financeiras e Instituições de Pagamento;Conglomerado; ;FATOR (conglomerado);Irregularidades relativas a operações de crédito de saldo devedor de fatura de cartão de crédito (rotativo e parcelamento) e respectiva cobrança de encargos;0;
2026;2º;Demais Bancos, Financeiras e Instituições de Pagamento;Conglomerado; ;FINAMAX S.A. CFI (conglomerado);Irregularidades relacionadas ao fornecimento de documentos relativos a operação de crédito, exceto para liquidação antecipada e descritivo do crédito.;0;
2026;2º;Demais Bancos, Financeiras e Instituições de Pagamento;Conglomerado; ;FINAMAX S.A. CFI (conglomerado);Irregularidades relacionadas ao fornecimento de informações relativas a operação de crédito contratada (DDC);0;
2026;2º;Demais Bancos, Financeiras e Instituições de Pagamento;Conglomerado; ;FINAMAX S.A. CFI (conglomerado);Irregularidades relacionadas ao Sistema de Informações de Crédito do Banco Central (SCR);0;
2026;2º;Demais Bancos, Financeiras e Instituições de Pagamento;Conglomerado; ;FINAMAX S.A. CFI (conglomerado);Juros e preços;0;
2026;2º;Demais Bancos, Financeiras e Instituições de Pagamento;Conglomerado; ;FINAMAX S.A. CFI (conglomerado);Oferta ou prestação de informação sobre operação de crédito de forma inadequada, exceto crédito consignado;3;
2026;2º;Demais Bancos, Financeiras e Instituições de Pagamento;Conglomerado; ;FINAMAX S.A. CFI (conglomerado);Renegociação de dívida (exceto cartão de crédito);0;
2026;2º;Demais Bancos, Financeiras e Instituições de Pagamento;Conglomerado; ;FITS IP (conglomerado);Abertura de conta de pagamento sem documentação necessária ou com documentação falsa - instituição de pagamento;5;
2026;2º;Demais Bancos, Financeiras e Instituições de Pagamento;Conglomerado; ;FITS IP (conglomerado);Inclusão de dados incorretos no CCS (Cadastro de Clientes do Sistema Financeiro Nacional) - instituição de pagamento;2;
2026;2º;Demais Bancos, Financeiras e Instituições de Pagamento;Conglomerado; ;FITS IP (conglomerado);Irregularidades no processo de encerramento de conta de pagamento - instituição de pagamento;0;
2026;2º;Demais Bancos, Financeiras e Instituições de Pagamento;Conglomerado; ;FITS IP (conglomerado);Irregularidades relacionadas ao acompanhamento de conta de pagamento - instituição de pagamento;12;
2026;2º;Demais Bancos, Financeiras e Instituições de Pagamento;Conglomerado; ;FITS IP (conglomerado);Irregularidades relacionadas ao fornecimento de documentos por conta de pagamentos pré-paga - instituição de pagamento;2;
2026;2º;Demais Bancos, Financeiras e Instituições de Pagamento;Conglomerado; ;FITS IP (conglomerado);Irregularidades relativas a integridade, confiabilidade, segurança, sigilo ou legitimidade das operações e serviços prestados relacionados a conta de pagamento pré-paga - instituição de pagamento;5;
2026;2º;Demais Bancos, Financeiras e Instituições de Pagamento;Conglomerado; ;FITS IP (conglomerado);Pix - Dificuldade para solicitar ou realizar devolução - instituição de pagamento;1;
2026;2º;Demais Bancos, Financeiras e Instituições de Pagamento;Conglomerado; ;FITS IP (conglomerado);Transações não reconhecidas pelo titular da conta, realizadas por terceiros (invasão de conta) - instituição de pagamento;1;
2026;2º;Demais Bancos, Financeiras e Instituições de Pagamento;Conglomerado; ;FLAGSHIP IP (conglomerado);Abertura de conta de pagamento sem documentação necessária ou com documentação falsa - instituição de pagamento;4;
2026;2º;Demais Bancos, Financeiras e Instituições de Pagamento;Conglomerado; ;FLAGSHIP IP (conglomerado);Golpe;0;
2026;2º;Demais Bancos, Financeiras e Instituições de Pagamento;Conglomerado; ;FLAGSHIP IP (conglomerado);Insatisfação com a resposta referente à reclamação registrada no BCB recebida - instituição de pagamento;0;
2026;2º;Demais Bancos, Financeiras e Instituições de Pagamento;Conglomerado; ;FLAGSHIP IP (conglomerado);Insatisfação com o atendimento prestado pelo SAC ou Central de Relacionamento - instituição de pagamento;2;
2026;2º;Demais Bancos, Financeiras e Instituições de Pagamento;Conglomerado; ;FLAGSHIP IP (conglomerado);Irregularidades no processo de encerramento de conta de pagamento - instituição de pagamento;0;
2026;2º;Demais Bancos, Financeiras e Instituições de Pagamento;Conglomerado; ;FLAGSHIP IP (conglomerado);Irregularidades relacionadas a boletos de pagamento (exceto ausência de contrato com beneficiário) para IPs;0;
2026;2º;Demais Bancos, Financeiras e Instituições de Pagamento;Conglomerado; ;FLAGSHIP IP (conglomerado);Irregularidades relacionadas ao acompanhamento de conta de pagamento - instituição de pagamento;2;
2026;2º;Demais Bancos, Financeiras e Instituições de Pagamento;Conglomerado; ;FLAGSHIP IP (conglomerado);Irregularidades relativas a integridade, confiabilidade, segurança, sigilo ou legitimidade das operações e serviços prestados relacionados a conta de pagamento pós-paga - instituição de pagamento;0;
2026;2º;Demais Bancos, Financeiras e Instituições de Pagamento;Conglomerado; ;FLAGSHIP IP (conglomerado);Irregularidades relativas a integridade, confiabilidade, segurança, sigilo ou legitimidade das operações e serviços prestados relacionados a conta de pagamento pré-paga - instituição de pagamento;0;
2026;2º;Demais Bancos, Financeiras e Instituições de Pagamento;Conglomerado; ;FLAGSHIP IP (conglomerado);PIX - Chaves - instituição de pagamento;0;
2026;2º;Demais Bancos, Financeiras e Instituições de Pagamento;Conglomerado; ;FLASH TECNOLOGIA IP (conglomerado);Irregularidades no processo de encerramento de conta de pagamento - instituição de pagamento;3;
2026;2º;Demais Bancos, Financeiras e Instituições de Pagamento;Conglomerado; ;FLASH TECNOLOGIA IP (conglomerado);Irregularidades relacionadas ao fornecimento de documentos por conta de pagamentos pré-paga - instituição de pagamento;0;
2026;2º;Demais Bancos, Financeiras e Instituições de Pagamento;Conglomerado; ;FLASH TECNOLOGIA IP (conglomerado);Irregularidades relativas a integridade, confiabilidade, segurança, sigilo ou legitimidade das operações e serviços prestados relacionados a conta de pagamento pós-paga - instituição de pagamento;3;
2026;2º;Demais Bancos, Financeiras e Instituições de Pagamento;Conglomerado; ;FORIS GFS BR IP (conglomerado);Abertura de conta de pagamento sem documentação necessária ou com documentação falsa - instituição de pagamento;2;
2026;2º;Demais Bancos, Financeiras e Instituições de Pagamento;Conglomerado; ;FORIS GFS BR IP (conglomerado);Inclusão de dados incorretos no CCS (Cadastro de Clientes do Sistema Financeiro Nacional) - instituição de pagamento;4;
2026;2º;Demais Bancos, Financeiras e Instituições de Pagamento;Conglomerado; ;FORIS GFS BR IP (conglomerado);Irregularidades no processo de encerramento de conta de pagamento - instituição de pagamento;2;
2026;2º;Demais Bancos, Financeiras e Instituições de Pagamento;Conglomerado; ;FUTURO SCD (conglomerado);Cobranças diversas de IPs;0;
2026;2º;Demais Bancos, Financeiras e Instituições de Pagamento;Conglomerado; ;FUTURO SCD (conglomerado);Débito em conta de pagamento pré-paga não autorizado pelo cliente, ou não cumprimento das regras aplicáveis - instituição de pagamento;3;
2026;2º;Demais Bancos, Financeiras e Instituições de Pagamento;Conglomerado; ;FUTURO SCD (conglomerado);Irregularidades relacionadas ao fornecimento de documentos - instituição de pagamento;6;
2026;2º;Demais Bancos, Financeiras e Instituições de Pagamento;Conglomerado; ;FUTURO SCD (conglomerado);Irregularidades relacionadas ao fornecimento de documentos por conta de pagamentos pós-paga - instituição de pagamento;6;
2026;2º;Demais Bancos, Financeiras e Instituições de Pagamento;Conglomerado; ;FUTURO SCD (conglomerado);Irregularidades relativas a integridade, confiabilidade, segurança, sigilo ou legitimidade das operações e serviços prestados relacionados a conta de pagamento pré-paga - instituição de pagamento;3;
2026;2º;Demais Bancos, Financeiras e Instituições de Pagamento;Conglomerado; ;FUTURO SCD (conglomerado);Oferta ou prestação de informação a respeito de produtos e serviços de forma inadequada para conta de pagamento pós-paga - instituição de pagamento;0;
2026;2º;Demais Bancos, Financeiras e Instituições de Pagamento;Conglomerado; ;FUTURO SCD (conglomerado);Outras irregularidades - instituição de pagamento;0;
2026;2º;Demais Bancos, Financeiras e Instituições de Pagamento;Conglomerado; ;FUTURO SCD (conglomerado);Outros assuntos não regulados relacionados a cartão de crédito - instituição de pagamento;0;
2026;2º;Demais Bancos, Financeiras e Instituições de Pagamento;Conglomerado; ;FUTURO SCD (conglomerado);Restrições cadastrais por parte - instituição de pagamento;0;
2026;2º;Demais Bancos, Financeiras e Instituições de Pagamento;Conglomerado; ;GAZINCRED SCFI (conglomerado);Concessão de crédito (exceto consignado) sem a formalização do título adequado;0;
2026;2º;Demais Bancos, Financeiras e Instituições de Pagamento;Conglomerado; ;GAZINCRED SCFI (conglomerado);Inclusão de dados incorretos no CCS (Cadastro de Clientes do Sistema Financeiro Nacional);0;
2026;2º;Demais Bancos, Financeiras e Instituições de Pagamento;Conglomerado; ;GAZINCRED SCFI (conglomerado);Irregularidades relacionadas ao Sistema de Informações de Crédito do Banco Central (SCR);0;
2026;2º;Demais Bancos, Financeiras e Instituições de Pagamento;Conglomerado; ;GAZINCRED SCFI (conglomerado);Pix - diversos;0;
2026;2º;Demais Bancos, Financeiras e Instituições de Pagamento;Conglomerado; ;GAZINCRED SCFI (conglomerado);Renegociação de dívida (exceto cartão de crédito);0;
2026;2º;Demais Bancos, Financeiras e Instituições de Pagamento;Conglomerado; ;GENIAL (conglomerado);Abertura de conta de depósito com documentação ausente, insuficiente ou falsa;3;
2026;2º;Demais Bancos, Financeiras e Instituições de Pagamento;Conglomerado; ;GENIAL (conglomerado);Bloqueio de valores ou de conta fora do âmbito do Pix;0;
2026;2º;Demais Bancos, Financeiras e Instituições de Pagamento;Conglomerado; ;GENIAL (conglomerado);Cadastro positivo envolvendo instituição financeira;0;
2026;2º;Demais Bancos, Financeiras e Instituições de Pagamento;Conglomerado; ;GENIAL (conglomerado);Débito em conta não autorizado pelo cliente, ou não cumprimento das regras aplicáveis;1;
2026;2º;Demais Bancos, Financeiras e Instituições de Pagamento;Conglomerado; ;GENIAL (conglomerado);Inclusão de dados incorretos no CCS (Cadastro de Clientes do Sistema Financeiro Nacional);12;
2026;2º;Demais Bancos, Financeiras e Instituições de Pagamento;Conglomerado; ;GENIAL (conglomerado);Insatisfação com a resposta recebida da instituição financeira referente à reclamação registrada no BCB;1;
2026;2º;Demais Bancos, Financeiras e Instituições de Pagamento;Conglomerado; ;GENIAL (conglomerado);Insatisfação com o atendimento prestado pelo SAC ou Central de Relacionamento;1;
2026;2º;Demais Bancos, Financeiras e Instituições de Pagamento;Conglomerado; ;GENIAL (conglomerado);Irregularidades no processo de encerramento de conta de depósitos à vista;18;
2026;2º;Demais Bancos, Financeiras e Instituições de Pagamento;Conglomerado; ;GENIAL (conglomerado);Irregularidades relacionadas ao acompanhamento de conta;12;
2026;2º;Demais Bancos, Financeiras e Instituições de Pagamento;Conglomerado; ;GENIAL (conglomerado);Irregularidades relacionadas ao fornecimento de documento para liquidação antecipada de operações de crédito;0;
2026;2º;Demais Bancos, Financeiras e Instituições de Pagamento;Conglomerado; ;GENIAL (conglomerado);Irregularidades relacionadas ao fornecimento de documentos relativos a conta;1;
2026;2º;Demais Bancos, Financeiras e Instituições de Pagamento;Conglomerado; ;GENIAL (conglomerado);Irregularidades relacionadas ao fornecimento de informações relativas a operação de crédito contratada (DDC);0;
2026;2º;Demais Bancos, Financeiras e Instituições de Pagamento;Conglomerado; ;GENIAL (conglomerado);Irregularidades relacionadas ao Sistema de Informações de Crédito do Banco Central (SCR);0;
2026;2º;Demais Bancos, Financeiras e Instituições de Pagamento;Conglomerado; ;GENIAL (conglomerado);Irregularidades relativas a integridade, confiabilidade, segurança, sigilo ou legitimidade das operações e serviços relacionados a cartões de crédito;1;
2026;2º;Demais Bancos, Financeiras e Instituições de Pagamento;Conglomerado; ;GENIAL (conglomerado);Irregularidades relativas a integridade, confiabilidade, segurança, sigilo ou legitimidade das operações e serviços, exceto as relacionadas a cartão de crédito, cartão de débito, internet banking, ATM, credenciadora e operação de crédito;1;
2026;2º;Demais Bancos, Financeiras e Instituições de Pagamento;Conglomerado; ;GENIAL (conglomerado);Irregularidades relativas a integridade, confiabilidade, segurança, sigilo ou legitimidade dos serviços relacionados a operações de crédito, exceto consignado;0;
2026;2º;Demais Bancos, Financeiras e Instituições de Pagamento;Conglomerado; ;GENIAL (conglomerado);Irregularidades relativas a operações de crédito de saldo devedor de fatura de cartão de crédito (rotativo e parcelamento) e respectiva cobrança de encargos;0;
2026;2º;Demais Bancos, Financeiras e Instituições de Pagamento;Conglomerado; ;GENIAL (conglomerado);Oferta ou prestação de informação sobre a conta ou serviços acessórios de forma inadequada ;18;
2026;2º;Demais Bancos, Financeiras e Instituições de Pagamento;Conglomerado; ;GENIAL (conglomerado);Outras irregularidades ;0;
2026;2º;Demais Bancos, Financeiras e Instituições de Pagamento;Conglomerado; ;GENIAL (conglomerado);Pix - liquidação;0;
2026;2º;Demais Bancos, Financeiras e Instituições de Pagamento;Conglomerado; ;GENIAL (conglomerado);Reclamações relacionadas a assuntos diversos;0;
2026;2º;Demais Bancos, Financeiras e Instituições de Pagamento;Conglomerado; ;GENIAL (conglomerado);Recusa de produtos ou serviços;0;
2026;2º;Demais Bancos, Financeiras e Instituições de Pagamento;Conglomerado; ;GENIAL (conglomerado);Renegociação de dívida (exceto cartão de crédito);0;
2026;2º;Demais Bancos, Financeiras e Instituições de Pagamento;Conglomerado; ;GM (conglomerado);Cancelamento de contrato a pedido do cliente não atendido por instituição financeira;1;
2026;2º;Demais Bancos, Financeiras e Instituições de Pagamento;Conglomerado; ;GM (conglomerado);Cobrança irregular de tarifa em operação de crédito;0;
2026;2º;Demais Bancos, Financeiras e Instituições de Pagamento;Conglomerado; ;GM (conglomerado);Golpe;0;
2026;2º;Demais Bancos, Financeiras e Instituições de Pagamento;Conglomerado; ;GM (conglomerado);Insatisfação com a resposta recebida da instituição financeira referente à reclamação registrada no BCB;1;
2026;2º;Demais Bancos, Financeiras e Instituições de Pagamento;Conglomerado; ;GM (conglomerado);Insatisfação com o atendimento prestado pelo SAC ou Central de Relacionamento;2;
2026;2º;Demais Bancos, Financeiras e Instituições de Pagamento;Conglomerado; ;GM (conglomerado);Irregularidades relacionadas ao fornecimento de documento para liquidação antecipada de operações de crédito;1;
2026;2º;Demais Bancos, Financeiras e Instituições de Pagamento;Conglomerado; ;GM (conglomerado);Irregularidades relacionadas ao fornecimento de documentos relativos a operação de crédito, exceto para liquidação antecipada e descritivo do crédito.;5;
2026;2º;Demais Bancos, Financeiras e Instituições de Pagamento;Conglomerado; ;GM (conglomerado);Irregularidades relacionadas ao fornecimento de informações relativas a operação de crédito contratada (DDC);2;
2026;2º;Demais Bancos, Financeiras e Instituições de Pagamento;Conglomerado; ;GM (conglomerado);Irregularidades relacionadas ao fornecimento de outros documentos, exceto os relativos a cartão de crédito, conta e operação de crédito;0;
2026;2º;Demais Bancos, Financeiras e Instituições de Pagamento;Conglomerado; ;GM (conglomerado);Irregularidades relacionadas ao Sistema de Informações de Crédito do Banco Central (SCR);1;
2026;2º;Demais Bancos, Financeiras e Instituições de Pagamento;Conglomerado; ;GM (conglomerado);Irregularidades relativas a integridade, confiabilidade, segurança, sigilo ou legitimidade das operações e serviços, exceto as relacionadas a cartão de crédito, cartão de débito, internet banking, ATM, credenciadora e operação de crédito;0;
2026;2º;Demais Bancos, Financeiras e Instituições de Pagamento;Conglomerado; ;GM (conglomerado);Irregularidades relativas a integridade, confiabilidade, segurança, sigilo ou legitimidade dos serviços relacionados a operações de crédito, exceto consignado;1;
2026;2º;Demais Bancos, Financeiras e Instituições de Pagamento;Conglomerado; ;GM (conglomerado);Irregularidades relativas a operações de crédito de saldo devedor de fatura de cartão de crédito (rotativo e parcelamento) e respectiva cobrança de encargos;0;
2026;2º;Demais Bancos, Financeiras e Instituições de Pagamento;Conglomerado; ;GM (conglomerado);Juros e preços;0;
2026;2º;Demais Bancos, Financeiras e Instituições de Pagamento;Conglomerado; ;GM (conglomerado);Oferta ou prestação de informação sobre operação de crédito de forma inadequada, exceto crédito consignado;5;
2026;2º;Demais Bancos, Financeiras e Instituições de Pagamento;Conglomerado; ;GM (conglomerado);Oferta ou prestação de informação sobre produtos e serviços de forma inadequada, exceto as relacionadas a cartão de crédito, conta e serviços acessórios, credenciadora de cartão e operação de crédito;2;
2026;2º;Demais Bancos, Financeiras e Instituições de Pagamento;Conglomerado; ;GM (conglomerado);Renegociação de dívida (exceto cartão de crédito);0;
2026;2º;Demais Bancos, Financeiras e Instituições de Pagamento;Conglomerado; ;GM (conglomerado);Restrições cadastrais;0;
2026;2º;Demais Bancos, Financeiras e Instituições de Pagamento;Conglomerado; ;GM (conglomerado);Utilização incorreta da taxa de desconto no cálculo do valor presente relacionadas às demais operações de crédito, exceto as de crédito consignado e de financiamento imobiliário;0;
2026;2º;Demais Bancos, Financeiras e Instituições de Pagamento;Conglomerado; ;GOLCRED (conglomerado);Cobrança irregular de tarifa relacionada ao cartão de crédito;9;
2026;2º;Demais Bancos, Financeiras e Instituições de Pagamento;Conglomerado; ;GOOGLE PAY BRASIL IP (conglomerado);Irregularidades relativas a integridade, confiabilidade, segurança, sigilo ou legitimidade das operações e serviços prestados relacionados a conta de pagamento pré-paga - instituição de pagamento;0;
2026;2º;Demais Bancos, Financeiras e Instituições de Pagamento;Conglomerado; ;GOOGLE PAY BRASIL IP (conglomerado);Reclamações relacionadas a assuntos diversos envolvendo - instituição de pagamento;0;
2026;2º;Demais Bancos, Financeiras e Instituições de Pagamento;Banco/financeira;33630661;GOWD INSTITUIÇÃO DE PAGAMENTO LTDA.;Bloqueio de valores ou de conta fora do âmbito do Pix - instituição de pagamento;0;
2026;2º;Demais Bancos, Financeiras e Instituições de Pagamento;Conglomerado; ;GRAZZIOTIN FINANCEIRA (conglomerado);Concessão de crédito (exceto consignado) sem a formalização do título adequado;3;
2026;2º;Demais Bancos, Financeiras e Instituições de Pagamento;Conglomerado; ;GRAZZIOTIN FINANCEIRA (conglomerado);Insatisfação com o atendimento prestado pelo SAC ou Central de Relacionamento;3;
2026;2º;Demais Bancos, Financeiras e Instituições de Pagamento;Conglomerado; ;HONDA (conglomerado);Cadastro positivo envolvendo instituição financeira;0;
2026;2º;Demais Bancos, Financeiras e Instituições de Pagamento;Conglomerado; ;HONDA (conglomerado);Cobrança irregular de tarifa em operação de crédito;1;
2026;2º;Demais Bancos, Financeiras e Instituições de Pagamento;Conglomerado; ;HONDA (conglomerado);Cobranças diversas;0;
2026;2º;Demais Bancos, Financeiras e Instituições de Pagamento;Conglomerado; ;HONDA (conglomerado);Concessão de crédito (exceto consignado) sem a formalização do título adequado;7;
2026;2º;Demais Bancos, Financeiras e Instituições de Pagamento;Conglomerado; ;HONDA (conglomerado);Dificuldade na liberação ou substituição de bem;0;
2026;2º;Demais Bancos, Financeiras e Instituições de Pagamento;Conglomerado; ;HONDA (conglomerado);Insatisfação com a resposta recebida da instituição financeira referente à reclamação registrada no BCB;0;
2026;2º;Demais Bancos, Financeiras e Instituições de Pagamento;Conglomerado; ;HONDA (conglomerado);Insatisfação com o atendimento prestado pelo SAC ou Central de Relacionamento;1;
2026;2º;Demais Bancos, Financeiras e Instituições de Pagamento;Conglomerado; ;HONDA (conglomerado);Irregularidades relacionadas ao fornecimento de documento para liquidação antecipada de operações de crédito;3;
2026;2º;Demais Bancos, Financeiras e Instituições de Pagamento;Conglomerado; ;HONDA (conglomerado);Irregularidades relacionadas ao fornecimento de documentos relativos a operação de crédito, exceto para liquidação antecipada e descritivo do crédito.;8;
2026;2º;Demais Bancos, Financeiras e Instituições de Pagamento;Conglomerado; ;HONDA (conglomerado);Irregularidades relacionadas ao fornecimento de informações relativas a operação de crédito contratada (DDC);1;
2026;2º;Demais Bancos, Financeiras e Instituições de Pagamento;Conglomerado; ;HONDA (conglomerado);Irregularidades relacionadas ao fornecimento de outros documentos, exceto os relativos a cartão de crédito, conta e operação de crédito;0;
2026;2º;Demais Bancos, Financeiras e Instituições de Pagamento;Conglomerado; ;HONDA (conglomerado);Irregularidades relacionadas ao Sistema de Informações de Crédito do Banco Central (SCR);1;
2026;2º;Demais Bancos, Financeiras e Instituições de Pagamento;Conglomerado; ;HONDA (conglomerado);Irregularidades relativas a integridade, confiabilidade, segurança, sigilo ou legitimidade das operações e serviços disponibilizados em internet banking;1;
2026;2º;Demais Bancos, Financeiras e Instituições de Pagamento;Conglomerado; ;HONDA (conglomerado);Irregularidades relativas a integridade, confiabilidade, segurança, sigilo ou legitimidade das operações e serviços, exceto as relacionadas a cartão de crédito, cartão de débito, internet banking, ATM, credenciadora e operação de crédito;0;
2026;2º;Demais Bancos, Financeiras e Instituições de Pagamento;Conglomerado; ;HONDA (conglomerado);Irregularidades relativas a integridade, confiabilidade, segurança, sigilo ou legitimidade dos serviços relacionados a operações de crédito, exceto consignado;7;
2026;2º;Demais Bancos, Financeiras e Instituições de Pagamento;Conglomerado; ;HONDA (conglomerado);Juros e preços;0;
2026;2º;Demais Bancos, Financeiras e Instituições de Pagamento;Conglomerado; ;HONDA (conglomerado);Oferta ou prestação de informação sobre operação de crédito de forma inadequada, exceto crédito consignado;3;
2026;2º;Demais Bancos, Financeiras e Instituições de Pagamento;Conglomerado; ;HONDA (conglomerado);Oferta ou prestação de informação sobre produtos e serviços de forma inadequada, exceto as relacionadas a cartão de crédito, conta e serviços acessórios, credenciadora de cartão e operação de crédito;7;
2026;2º;Demais Bancos, Financeiras e Instituições de Pagamento;Conglomerado; ;HONDA (conglomerado);Outras irregularidades ;0;
2026;2º;Demais Bancos, Financeiras e Instituições de Pagamento;Conglomerado; ;HONDA (conglomerado);Reclamações relacionadas a assuntos diversos;0;
2026;2º;Demais Bancos, Financeiras e Instituições de Pagamento;Conglomerado; ;HONDA (conglomerado);Renegociação de dívida (exceto cartão de crédito);0;
2026;2º;Demais Bancos, Financeiras e Instituições de Pagamento;Conglomerado; ;HONDA (conglomerado);Restrições cadastrais;0;
2026;2º;Demais Bancos, Financeiras e Instituições de Pagamento;Conglomerado; ;HONDA (conglomerado);Terminais eletrônicos, internet e aplicativos;0;
2026;2º;Demais Bancos, Financeiras e Instituições de Pagamento;Conglomerado; ;HONDA (conglomerado);Utilização incorreta da taxa de desconto no cálculo do valor presente relacionadas às demais operações de crédito, exceto as de crédito consignado e de financiamento imobiliário;1;
2026;2º;Demais Bancos, Financeiras e Instituições de Pagamento;Conglomerado; ;HS FINANCEIRA (conglomerado);Cobrança irregular de tarifa relacionada ao cartão de crédito;2;
2026;2º;Demais Bancos, Financeiras e Instituições de Pagamento;Conglomerado; ;HS FINANCEIRA (conglomerado);Concessão de crédito consignado sem a formalização do título adequado;0;
2026;2º;Demais Bancos, Financeiras e Instituições de Pagamento;Conglomerado; ;HS FINANCEIRA (conglomerado);Insatisfação com a resposta recebida da instituição financeira referente à reclamação registrada no BCB;0;
2026;2º;Demais Bancos, Financeiras e Instituições de Pagamento;Conglomerado; ;HS FINANCEIRA (conglomerado);Irregularidades relacionadas ao fornecimento de documentos relativos a operação de crédito, exceto para liquidação antecipada e descritivo do crédito.;0;
2026;2º;Demais Bancos, Financeiras e Instituições de Pagamento;Conglomerado; ;HS FINANCEIRA (conglomerado);Irregularidades relacionadas ao fornecimento de informações relativas a operação de crédito contratada (DDC);4;
2026;2º;Demais Bancos, Financeiras e Instituições de Pagamento;Conglomerado; ;HS FINANCEIRA (conglomerado);Irregularidades relacionadas ao Sistema de Informações de Crédito do Banco Central (SCR);4;
2026;2º;Demais Bancos, Financeiras e Instituições de Pagamento;Conglomerado; ;HS FINANCEIRA (conglomerado);Irregularidades relativas a integridade, confiabilidade, segurança, sigilo ou legitimidade das operações e serviços disponibilizados em internet banking;2;
2026;2º;Demais Bancos, Financeiras e Instituições de Pagamento;Conglomerado; ;HS FINANCEIRA (conglomerado);Irregularidades relativas a integridade, confiabilidade, segurança, sigilo ou legitimidade das operações e serviços relacionados a cartões de crédito;4;
2026;2º;Demais Bancos, Financeiras e Instituições de Pagamento;Conglomerado; ;HS FINANCEIRA (conglomerado);Irregularidades relativas a integridade, confiabilidade, segurança, sigilo ou legitimidade das operações e serviços, exceto as relacionadas a cartão de crédito, cartão de débito, internet banking, ATM, credenciadora e operação de crédito;0;
2026;2º;Demais Bancos, Financeiras e Instituições de Pagamento;Conglomerado; ;HS FINANCEIRA (conglomerado);Irregularidades relativas a operações de crédito de saldo devedor de fatura de cartão de crédito (rotativo e parcelamento) e respectiva cobrança de encargos;4;
2026;2º;Demais Bancos, Financeiras e Instituições de Pagamento;Conglomerado; ;HS FINANCEIRA (conglomerado);Não acatamento de solicitação de cancelamento de débitos automáticos em conta ou não cumprimento das regras aplicáveis;0;
2026;2º;Demais Bancos, Financeiras e Instituições de Pagamento;Conglomerado; ;HS FINANCEIRA (conglomerado);Oferta ou prestação de informação sobre o cartão de crédito de forma inadequada ;2;
2026;2º;Demais Bancos, Financeiras e Instituições de Pagamento;Conglomerado; ;HS FINANCEIRA (conglomerado);Recusa de produtos ou serviços;0;
2026;2º;Demais Bancos, Financeiras e Instituições de Pagamento;Conglomerado; ;HS FINANCEIRA (conglomerado);Renegociação de dívida (exceto cartão de crédito);0;
2026;2º;Demais Bancos, Financeiras e Instituições de Pagamento;Conglomerado; ;IFOOD PAGO IP (conglomerado);Abertura de conta de pagamento sem documentação necessária ou com documentação falsa - instituição de pagamento;4;
2026;2º;Demais Bancos, Financeiras e Instituições de Pagamento;Conglomerado; ;IFOOD PAGO IP (conglomerado);Bloqueio de valores ou de conta fora do âmbito do Pix - instituição de pagamento;5;
2026;2º;Demais Bancos, Financeiras e Instituições de Pagamento;Conglomerado; ;IFOOD PAGO IP (conglomerado);Débito em conta de pagamento pré-paga não autorizado pelo cliente, ou não cumprimento das regras aplicáveis - instituição de pagamento;2;
2026;2º;Demais Bancos, Financeiras e Instituições de Pagamento;Conglomerado; ;IFOOD PAGO IP (conglomerado);Insatisfação com o atendimento prestado pelo SAC ou Central de Relacionamento - instituição de pagamento;4;
2026;2º;Demais Bancos, Financeiras e Instituições de Pagamento;Conglomerado; ;IFOOD PAGO IP (conglomerado);Irregularidades no processo de encerramento de conta de pagamento - instituição de pagamento;2;
2026;2º;Demais Bancos, Financeiras e Instituições de Pagamento;Conglomerado; ;IFOOD PAGO IP (conglomerado);Irregularidades relacionadas a boletos de pagamento (exceto ausência de contrato com beneficiário) para IPs;2;
2026;2º;Demais Bancos, Financeiras e Instituições de Pagamento;Conglomerado; ;IFOOD PAGO IP (conglomerado);Irregularidades relacionadas a informações e liquidação de valores a receber no sistema SVR do BCB - instituições de pagamento;2;
2026;2º;Demais Bancos, Financeiras e Instituições de Pagamento;Conglomerado; ;IFOOD PAGO IP (conglomerado);Irregularidades relacionadas ao acompanhamento de conta de pagamento - instituição de pagamento;2;
2026;2º;Demais Bancos, Financeiras e Instituições de Pagamento;Conglomerado; ;IFOOD PAGO IP (conglomerado);Irregularidades relacionadas ao fornecimento de documentos por conta de pagamentos pré-paga - instituição de pagamento;0;
2026;2º;Demais Bancos, Financeiras e Instituições de Pagamento;Conglomerado; ;IFOOD PAGO IP (conglomerado);Irregularidades relacionadas à liquidação de documentos (exceto cheques) - instituição de pagamento;0;
2026;2º;Demais Bancos, Financeiras e Instituições de Pagamento;Conglomerado; ;IFOOD PAGO IP (conglomerado);Irregularidades relativas a integridade, confiabilidade, segurança, sigilo ou legitimidade das operações e serviços prestados relacionados a conta de pagamento pós-paga - instituição de pagamento;0;
2026;2º;Demais Bancos, Financeiras e Instituições de Pagamento;Conglomerado; ;IFOOD PAGO IP (conglomerado);Irregularidades relativas a integridade, confiabilidade, segurança, sigilo ou legitimidade das operações e serviços prestados relacionados a conta de pagamento pré-paga - instituição de pagamento;9;
2026;2º;Demais Bancos, Financeiras e Instituições de Pagamento;Conglomerado; ;IFOOD PAGO IP (conglomerado);Irregularidades relativas a operações de crédito de saldo devedor de fatura de cartão de crédito (rotativo e parcelamento) e respectiva cobrança de encargos - instituições de pagamento;0;
2026;2º;Demais Bancos, Financeiras e Instituições de Pagamento;Conglomerado; ;IFOOD PAGO IP (conglomerado);Limites de transação - instituição de pagamento;2;
2026;2º;Demais Bancos, Financeiras e Instituições de Pagamento;Conglomerado; ;IFOOD PAGO IP (conglomerado);Pix - Bloqueio ou devolução irregular de valores - instituição de pagamento;4;
2026;2º;Demais Bancos, Financeiras e Instituições de Pagamento;Conglomerado; ;IFOOD PAGO IP (conglomerado);Pix - Dificuldade para solicitar ou realizar devolução - instituição de pagamento;4;
2026;2º;Demais Bancos, Financeiras e Instituições de Pagamento;Conglomerado; ;IFOOD PAGO IP (conglomerado);Pix - liquidação - instituição de pagamento;2;
2026;2º;Demais Bancos, Financeiras e Instituições de Pagamento;Conglomerado; ;IFOOD PAGO IP (conglomerado);Pix - outros - instituição de pagamento;0;
2026;2º;Demais Bancos, Financeiras e Instituições de Pagamento;Conglomerado; ;IFOOD PAGO IP (conglomerado);PIX - Chaves - instituição de pagamento;0;
2026;2º;Demais Bancos, Financeiras e Instituições de Pagamento;Conglomerado; ;IFOOD PAGO IP (conglomerado);PIX - Diversos - instituição de pagamento;0;
2026;2º;Demais Bancos, Financeiras e Instituições de Pagamento;Conglomerado; ;IFOOD PAGO IP (conglomerado);PIX - Iniciação - instituição de pagamento;2;
2026;2º;Demais Bancos, Financeiras e Instituições de Pagamento;Conglomerado; ;IFOOD PAGO IP (conglomerado);Reclamações relacionadas a assuntos diversos envolvendo - instituição de pagamento;0;
2026;2º;Demais Bancos, Financeiras e Instituições de Pagamento;Conglomerado; ;IFOOD PAGO IP (conglomerado);Recusa de produtos ou serviços - instituição de pagamento;0;
2026;2º;Demais Bancos, Financeiras e Instituições de Pagamento;Conglomerado; ;IFOOD PAGO IP (conglomerado);Renegociação de dívida em instituição de pagamento;0;
2026;2º;Demais Bancos, Financeiras e Instituições de Pagamento;Conglomerado; ;IFOOD PAGO IP (conglomerado);Restrições cadastrais por parte - instituição de pagamento;0;
2026;2º;Demais Bancos, Financeiras e Instituições de Pagamento;Conglomerado; ;IFOOD PAGO IP (conglomerado);Terminais eletrônicos, internet e aplicativos - instituição de pagamento;0;
2026;2º;Demais Bancos, Financeiras e Instituições de Pagamento;Conglomerado; ;IFOOD PAGO IP (conglomerado);Transações não reconhecidas pelo titular da conta, realizadas por terceiros (invasão de conta) - instituição de pagamento;2;
2026;2º;Demais Bancos, Financeiras e Instituições de Pagamento;Conglomerado; ;INDUSTRIAL DO BRASIL (conglomerado);Abertura de conta de depósito com documentação ausente, insuficiente ou falsa;0;
2026;2º;Demais Bancos, Financeiras e Instituições de Pagamento;Conglomerado; ;INDUSTRIAL DO BRASIL (conglomerado);Cancelamento de contrato a pedido do cliente não atendido por instituição financeira;0;
2026;2º;Demais Bancos, Financeiras e Instituições de Pagamento;Conglomerado; ;INDUSTRIAL DO BRASIL (conglomerado);Concessão de crédito consignado sem a formalização do título adequado;1;
2026;2º;Demais Bancos, Financeiras e Instituições de Pagamento;Conglomerado; ;INDUSTRIAL DO BRASIL (conglomerado);Insatisfação com a resposta recebida da instituição financeira referente à reclamação registrada no BCB;1;
2026;2º;Demais Bancos, Financeiras e Instituições de Pagamento;Conglomerado; ;INDUSTRIAL DO BRASIL (conglomerado);Insatisfação com o atendimento prestado pelo SAC ou Central de Relacionamento;3;
2026;2º;Demais Bancos, Financeiras e Instituições de Pagamento;Conglomerado; ;INDUSTRIAL DO BRASIL (conglomerado);Irregularidades relacionadas ao fornecimento de documento para liquidação antecipada de operações de crédito;3;
2026;2º;Demais Bancos, Financeiras e Instituições de Pagamento;Conglomerado; ;INDUSTRIAL DO BRASIL (conglomerado);Irregularidades relacionadas ao fornecimento de documentos relativos a cartão de crédito;0;
2026;2º;Demais Bancos, Financeiras e Instituições de Pagamento;Conglomerado; ;INDUSTRIAL DO BRASIL (conglomerado);Irregularidades relacionadas ao fornecimento de documentos relativos a operação de crédito, exceto para liquidação antecipada e descritivo do crédito.;1;
2026;2º;Demais Bancos, Financeiras e Instituições de Pagamento;Conglomerado; ;INDUSTRIAL DO BRASIL (conglomerado);Irregularidades relacionadas ao fornecimento de informações relativas a operação de crédito contratada (DDC);0;
2026;2º;Demais Bancos, Financeiras e Instituições de Pagamento;Conglomerado; ;INDUSTRIAL DO BRASIL (conglomerado);Irregularidades relacionadas ao Sistema de Informações de Crédito do Banco Central (SCR);0;
2026;2º;Demais Bancos, Financeiras e Instituições de Pagamento;Conglomerado; ;INDUSTRIAL DO BRASIL (conglomerado);Irregularidades relativas a integridade, confiabilidade, segurança, sigilo ou legitimidade das operações e serviços relacionados a cartões de crédito;0;
2026;2º;Demais Bancos, Financeiras e Instituições de Pagamento;Conglomerado; ;INDUSTRIAL DO BRASIL (conglomerado);Irregularidades relativas a integridade, confiabilidade, segurança, sigilo ou legitimidade dos serviços relacionados a operações de crédito consignado;3;
2026;2º;Demais Bancos, Financeiras e Instituições de Pagamento;Conglomerado; ;INDUSTRIAL DO BRASIL (conglomerado);Irregularidades relativas a telemarketing, SMS ou Whatsapp com oferta de produtos e serviços;0;
2026;2º;Demais Bancos, Financeiras e Instituições de Pagamento;Conglomerado; ;INDUSTRIAL DO BRASIL (conglomerado);Juros e preços;0;
2026;2º;Demais Bancos, Financeiras e Instituições de Pagamento;Conglomerado; ;INDUSTRIAL DO BRASIL (conglomerado);Oferta ou prestação de informação sobre crédito consignado de forma inadequada;1;
2026;2º;Demais Bancos, Financeiras e Instituições de Pagamento;Conglomerado; ;INDUSTRIAL DO BRASIL (conglomerado);Outros assuntos não regulados relacionados a cartão de crédito;0;
2026;2º;Demais Bancos, Financeiras e Instituições de Pagamento;Conglomerado; ;INDUSTRIAL DO BRASIL (conglomerado);Reclamações relacionadas a assuntos diversos;0;
2026;2º;Demais Bancos, Financeiras e Instituições de Pagamento;Conglomerado; ;INDUSTRIAL DO BRASIL (conglomerado);Renegociação de dívida (exceto cartão de crédito);0;
2026;2º;Demais Bancos, Financeiras e Instituições de Pagamento;Conglomerado; ;INDUSTRIAL DO BRASIL (conglomerado);Restrição à realização de portabilidade de operações de crédito (exceto crédito consignado e financiamento imobiliário) relativas a pessoas naturais;0;
2026;2º;Demais Bancos, Financeiras e Instituições de Pagamento;Conglomerado; ;INDUSTRIAL DO BRASIL (conglomerado);Restrição à realização de portabilidade de operações de crédito consignado relativas a pessoas naturais;3;
2026;2º;Top 15 - Bancos, Financeiras e Instituições de Pagamento;Conglomerado; ;INTER (conglomerado);Abertura de conta de depósito com documentação ausente, insuficiente ou falsa;8;
2026;2º;Top 15 - Bancos, Financeiras e Instituições de Pagamento;Conglomerado; ;INTER (conglomerado);Bloqueio de valores ou de conta fora do âmbito do Pix;17;
2026;2º;Top 15 - Bancos, Financeiras e Instituições de Pagamento;Conglomerado; ;INTER (conglomerado);Bloqueio de valores ou de conta fora do âmbito do Pix - instituição de pagamento;0;
2026;2º;Top 15 - Bancos, Financeiras e Instituições de Pagamento;Conglomerado; ;INTER (conglomerado);Cadastro positivo envolvendo instituição financeira;0;
2026;2º;Top 15 - Bancos, Financeiras e Instituições de Pagamento;Conglomerado; ;INTER (conglomerado);Cancelamento de contrato a pedido do cliente não atendido por instituição financeira;42;
2026;2º;Top 15 - Bancos, Financeiras e Instituições de Pagamento;Conglomerado; ;INTER (conglomerado);Cobrança irregular de tarifa em operação de crédito;0;
2026;2º;Top 15 - Bancos, Financeiras e Instituições de Pagamento;Conglomerado; ;INTER (conglomerado);Cobranças diversas;0;
2026;2º;Top 15 - Bancos, Financeiras e Instituições de Pagamento;Conglomerado; ;INTER (conglomerado);Concessão de crédito consignado sem a formalização do título adequado;0;
2026;2º;Top 15 - Bancos, Financeiras e Instituições de Pagamento;Conglomerado; ;INTER (conglomerado);Descumprimento contratual;0;
2026;2º;Top 15 - Bancos, Financeiras e Instituições de Pagamento;Conglomerado; ;INTER (conglomerado);Descumprimento de ordem judicial;0;
2026;2º;Top 15 - Bancos, Financeiras e Instituições de Pagamento;Conglomerado; ;INTER (conglomerado);Descumprimento de prazo de resposta da reclamação registrada no BCB;0;
2026;2º;Top 15 - Bancos, Financeiras e Instituições de Pagamento;Conglomerado; ;INTER (conglomerado);Débito em conta de pagamento pré-paga não autorizado pelo cliente, ou não cumprimento das regras aplicáveis;8;
2026;2º;Top 15 - Bancos, Financeiras e Instituições de Pagamento;Conglomerado; ;INTER (conglomerado);Débito em conta não autorizado pelo cliente, ou não cumprimento das regras aplicáveis;51;
2026;2º;Top 15 - Bancos, Financeiras e Instituições de Pagamento;Conglomerado; ;INTER (conglomerado);Dificuldade na liberação ou substituição de bem;0;
2026;2º;Top 15 - Bancos, Financeiras e Instituições de Pagamento;Conglomerado; ;INTER (conglomerado);Dificuldade para efetuar resgate antecipado de aplicação;0;
2026;2º;Top 15 - Bancos, Financeiras e Instituições de Pagamento;Conglomerado; ;INTER (conglomerado);Falta de transparência na redação de documentos;8;
2026;2º;Top 15 - Bancos, Financeiras e Instituições de Pagamento;Conglomerado; ;INTER (conglomerado);Golpe;0;
2026;2º;Top 15 - Bancos, Financeiras e Instituições de Pagamento;Conglomerado; ;INTER (conglomerado);Inclusão de dados incorretos no CCS (Cadastro de Clientes do Sistema Financeiro Nacional);0;
2026;2º;Top 15 - Bancos, Financeiras e Instituições de Pagamento;Conglomerado; ;INTER (conglomerado);Insatisfação com a resposta recebida da instituição financeira referente à reclamação registrada no BCB;8;
2026;2º;Top 15 - Bancos, Financeiras e Instituições de Pagamento;Conglomerado; ;INTER (conglomerado);Insatisfação com o atendimento prestado pelo SAC ou Central de Relacionamento;204;
2026;2º;Top 15 - Bancos, Financeiras e Instituições de Pagamento;Conglomerado; ;INTER (conglomerado);Integridade, confiabilidade, segurança, sigilo e legitimidade das operações e serviços  - conta de pagamento pré-paga;0;
2026;2º;Top 15 - Bancos, Financeiras e Instituições de Pagamento;Conglomerado; ;INTER (conglomerado);Irregularidades no processo de encerramento de conta de depósitos à vista;8;
2026;2º;Top 15 - Bancos, Financeiras e Instituições de Pagamento;Conglomerado; ;INTER (conglomerado);Irregularidades no processo de encerramento de conta de pagamento;8;
2026;2º;Top 15 - Bancos, Financeiras e Instituições de Pagamento;Conglomerado; ;INTER (conglomerado);Irregularidades relacionadas a informações e liquidação de valores a receber no sistema SVR do BCB por parte de instituições financeiras;17;
2026;2º;Top 15 - Bancos, Financeiras e Instituições de Pagamento;Conglomerado; ;INTER (conglomerado);Irregularidades relacionadas a operações no mercado de câmbio;0;
2026;2º;Top 15 - Bancos, Financeiras e Instituições de Pagamento;Conglomerado; ;INTER (conglomerado);Irregularidades relacionadas ao acompanhamento de conta;136;
2026;2º;Top 15 - Bancos, Financeiras e Instituições de Pagamento;Conglomerado; ;INTER (conglomerado);Irregularidades relacionadas ao acompanhamento de conta de pagamento;8;
2026;2º;Top 15 - Bancos, Financeiras e Instituições de Pagamento;Conglomerado; ;INTER (conglomerado);Irregularidades relacionadas ao fornecimento de documento para liquidação antecipada de operações de crédito;8;
2026;2º;Top 15 - Bancos, Financeiras e Instituições de Pagamento;Conglomerado; ;INTER (conglomerado);Irregularidades relacionadas ao fornecimento de documentos relativos a cartão de crédito;0;
2026;2º;Top 15 - Bancos, Financeiras e Instituições de Pagamento;Conglomerado; ;INTER (conglomerado);Irregularidades relacionadas ao fornecimento de documentos relativos a conta;0;
2026;2º;Top 15 - Bancos, Financeiras e Instituições de Pagamento;Conglomerado; ;INTER (conglomerado);Irregularidades relacionadas ao fornecimento de documentos relativos a operação de crédito, exceto para liquidação antecipada e descritivo do crédito.;8;
2026;2º;Top 15 - Bancos, Financeiras e Instituições de Pagamento;Conglomerado; ;INTER (conglomerado);Irregularidades relacionadas ao fornecimento de informações relativas a operação de crédito contratada (DDC);8;
2026;2º;Top 15 - Bancos, Financeiras e Instituições de Pagamento;Conglomerado; ;INTER (conglomerado);Irregularidades relacionadas ao fornecimento de outros documentos, exceto os relativos a cartão de crédito, conta e operação de crédito;17;
2026;2º;Top 15 - Bancos, Financeiras e Instituições de Pagamento;Conglomerado; ;INTER (conglomerado);Irregularidades relacionadas ao Sistema de Informações de Crédito do Banco Central (SCR);25;
2026;2º;Top 15 - Bancos, Financeiras e Instituições de Pagamento;Conglomerado; ;INTER (conglomerado);Irregularidades relacionadas à liquidação de documentos (exceto cheques);0;
2026;2º;Top 15 - Bancos, Financeiras e Instituições de Pagamento;Conglomerado; ;INTER (conglomerado);Irregularidades relativas a dados cadastrais no Open Banking por instituições financeiras;8;
2026;2º;Top 15 - Bancos, Financeiras e Instituições de Pagamento;Conglomerado; ;INTER (conglomerado);Irregularidades relativas a integridade, confiabilidade, segurança, sigilo ou legitimidade das operações e serviços disponibilizados em ATM;0;
2026;2º;Top 15 - Bancos, Financeiras e Instituições de Pagamento;Conglomerado; ;INTER (conglomerado);Irregularidades relativas a integridade, confiabilidade, segurança, sigilo ou legitimidade das operações e serviços disponibilizados em internet banking;8;
2026;2º;Top 15 - Bancos, Financeiras e Instituições de Pagamento;Conglomerado; ;INTER (conglomerado);Irregularidades relativas a integridade, confiabilidade, segurança, sigilo ou legitimidade das operações e serviços prestados relacionados a conta de pagamento pré-paga - instituição de pagamento;8;
2026;2º;Top 15 - Bancos, Financeiras e Instituições de Pagamento;Conglomerado; ;INTER (conglomerado);Irregularidades relativas a integridade, confiabilidade, segurança, sigilo ou legitimidade das operações e serviços relacionados a cartões de crédito;144;
2026;2º;Top 15 - Bancos, Financeiras e Instituições de Pagamento;Conglomerado; ;INTER (conglomerado);Irregularidades relativas a integridade, confiabilidade, segurança, sigilo ou legitimidade das operações e serviços relacionados a cartões de débito;17;
2026;2º;Top 15 - Bancos, Financeiras e Instituições de Pagamento;Conglomerado; ;INTER (conglomerado);Irregularidades relativas a integridade, confiabilidade, segurança, sigilo ou legitimidade das operações e serviços, exceto as relacionadas a cartão de crédito, cartão de débito, internet banking, ATM, credenciadora e operação de crédito;68;
2026;2º;Top 15 - Bancos, Financeiras e Instituições de Pagamento;Conglomerado; ;INTER (conglomerado);Irregularidades relativas a integridade, confiabilidade, segurança, sigilo ou legitimidade dos serviços relacionados a operações de crédito consignado;34;
2026;2º;Top 15 - Bancos, Financeiras e Instituições de Pagamento;Conglomerado; ;INTER (conglomerado);Irregularidades relativas a integridade, confiabilidade, segurança, sigilo ou legitimidade dos serviços relacionados a operações de crédito, exceto consignado;8;
2026;2º;Top 15 - Bancos, Financeiras e Instituições de Pagamento;Conglomerado; ;INTER (conglomerado);Irregularidades relativas a operações de crédito de saldo devedor de fatura de cartão de crédito (rotativo e parcelamento) e respectiva cobrança de encargos;17;
2026;2º;Top 15 - Bancos, Financeiras e Instituições de Pagamento;Conglomerado; ;INTER (conglomerado);Irregularidades relativas a operações de crédito de saldo devedor de fatura de cartão de crédito (rotativo e parcelamento) e respectiva cobrança de encargos - instituições de pagamento;0;
2026;2º;Top 15 - Bancos, Financeiras e Instituições de Pagamento;Conglomerado; ;INTER (conglomerado);Irregularidades relativas à proposta de operação de crédito no Open Banking por instituições financeiras ;0;
2026;2º;Top 15 - Bancos, Financeiras e Instituições de Pagamento;Conglomerado; ;INTER (conglomerado);Juros e preços;0;
2026;2º;Top 15 - Bancos, Financeiras e Instituições de Pagamento;Conglomerado; ;INTER (conglomerado);Liberação de recursos em financiamento imobiliário;0;
2026;2º;Top 15 - Bancos, Financeiras e Instituições de Pagamento;Conglomerado; ;INTER (conglomerado);Limites de transação;0;
2026;2º;Top 15 - Bancos, Financeiras e Instituições de Pagamento;Conglomerado; ;INTER (conglomerado);Não acatamento de solicitação de cancelamento de débitos automáticos em conta ou não cumprimento das regras aplicáveis;8;
2026;2º;Top 15 - Bancos, Financeiras e Instituições de Pagamento;Conglomerado; ;INTER (conglomerado);Oferta ou prestação de informação sobre a conta ou serviços acessórios de forma inadequada ;8;
2026;2º;Top 15 - Bancos, Financeiras e Instituições de Pagamento;Conglomerado; ;INTER (conglomerado);Oferta ou prestação de informação sobre crédito consignado de forma inadequada;85;
2026;2º;Top 15 - Bancos, Financeiras e Instituições de Pagamento;Conglomerado; ;INTER (conglomerado);Oferta ou prestação de informação sobre o cartão de crédito de forma inadequada ;59;
2026;2º;Top 15 - Bancos, Financeiras e Instituições de Pagamento;Conglomerado; ;INTER (conglomerado);Oferta ou prestação de informação sobre operação de crédito de forma inadequada, exceto crédito consignado;25;
2026;2º;Top 15 - Bancos, Financeiras e Instituições de Pagamento;Conglomerado; ;INTER (conglomerado);Oferta ou prestação de informação sobre produtos e serviços de forma inadequada, exceto as relacionadas a cartão de crédito, conta e serviços acessórios, credenciadora de cartão e operação de crédito;25;
2026;2º;Top 15 - Bancos, Financeiras e Instituições de Pagamento;Conglomerado; ;INTER (conglomerado);Outras irregularidades relacionadas a cartões de crédito;0;
2026;2º;Top 15 - Bancos, Financeiras e Instituições de Pagamento;Conglomerado; ;INTER (conglomerado);Outras irregularidades relacionadas à portabilidade de operações de crédito de pessoa natural;0;
2026;2º;Top 15 - Bancos, Financeiras e Instituições de Pagamento;Conglomerado; ;INTER (conglomerado);Outros assuntos não regulados relacionados a cartão de crédito;0;
2026;2º;Top 15 - Bancos, Financeiras e Instituições de Pagamento;Conglomerado; ;INTER (conglomerado);Pix  - chaves;8;
2026;2º;Top 15 - Bancos, Financeiras e Instituições de Pagamento;Conglomerado; ;INTER (conglomerado);Pix - Bloqueio ou devolução de valores;0;
2026;2º;Top 15 - Bancos, Financeiras e Instituições de Pagamento;Conglomerado; ;INTER (conglomerado);Pix - diversos;0;
2026;2º;Top 15 - Bancos, Financeiras e Instituições de Pagamento;Conglomerado; ;INTER (conglomerado);Pix - Dificuldade para solicitar ou realizar devolução;25;
2026;2º;Top 15 - Bancos, Financeiras e Instituições de Pagamento;Conglomerado; ;INTER (conglomerado);Pix - Dificuldade para solicitar ou realizar devolução - instituição de pagamento;0;
2026;2º;Top 15 - Bancos, Financeiras e Instituições de Pagamento;Conglomerado; ;INTER (conglomerado);Pix - experiência do usuário;0;
2026;2º;Top 15 - Bancos, Financeiras e Instituições de Pagamento;Conglomerado; ;INTER (conglomerado);Pix - liquidação;0;
2026;2º;Top 15 - Bancos, Financeiras e Instituições de Pagamento;Conglomerado; ;INTER (conglomerado);Pix - outros;0;
2026;2º;Top 15 - Bancos, Financeiras e Instituições de Pagamento;Conglomerado; ;INTER (conglomerado);Prestação de serviço de forma irregular em conta-salário;0;
2026;2º;Top 15 - Bancos, Financeiras e Instituições de Pagamento;Conglomerado; ;INTER (conglomerado);Reclamações relacionadas a assuntos diversos;0;
2026;2º;Top 15 - Bancos, Financeiras e Instituições de Pagamento;Conglomerado; ;INTER (conglomerado);Recusa de produtos ou serviços;0;
2026;2º;Top 15 - Bancos, Financeiras e Instituições de Pagamento;Conglomerado; ;INTER (conglomerado);Recusa de produtos ou serviços - instituição de pagamento;0;
2026;2º;Top 15 - Bancos, Financeiras e Instituições de Pagamento;Conglomerado; ;INTER (conglomerado);Renegociação de dívida (exceto cartão de crédito);0;
2026;2º;Top 15 - Bancos, Financeiras e Instituições de Pagamento;Conglomerado; ;INTER (conglomerado);Restrição à realização de portabilidade de operações de crédito (exceto crédito consignado e financiamento imobiliário) relativas a pessoas naturais;0;
2026;2º;Top 15 - Bancos, Financeiras e Instituições de Pagamento;Conglomerado; ;INTER (conglomerado);Restrição à realização de portabilidade de operações de crédito consignado relativas a pessoas naturais;0;
2026;2º;Top 15 - Bancos, Financeiras e Instituições de Pagamento;Conglomerado; ;INTER (conglomerado);Restrição à realização de portabilidade de operações de financiamento imobiliário relativas a pessoas naturais;0;
2026;2º;Top 15 - Bancos, Financeiras e Instituições de Pagamento;Conglomerado; ;INTER (conglomerado);Restrições cadastrais;0;
2026;2º;Top 15 - Bancos, Financeiras e Instituições de Pagamento;Conglomerado; ;INTER (conglomerado);Terminais eletrônicos, internet e aplicativos;0;
2026;2º;Top 15 - Bancos, Financeiras e Instituições de Pagamento;Conglomerado; ;INTER (conglomerado);Transações não reconhecidas pelo titular da conta, realizadas por terceiros (invasão de conta) em instituições financeiras;8;
2026;2º;Top 15 - Bancos, Financeiras e Instituições de Pagamento;Conglomerado; ;INTER (conglomerado);Utilização incorreta da taxa de desconto no cálculo do valor presente relacionadas às demais operações de crédito, exceto as de crédito consignado e de financiamento imobiliário;0;
2026;2º;Top 15 - Bancos, Financeiras e Instituições de Pagamento;Conglomerado; ;ITAU (conglomerado);Abertura de conta de depósito com documentação ausente, insuficiente ou falsa;22;
2026;2º;Top 15 - Bancos, Financeiras e Instituições de Pagamento;Conglomerado; ;ITAU (conglomerado);Ausência de informações sobre as regras de funcionamento nos contratos de cartões de crédito ou seu descumprimento;0;
2026;2º;Top 15 - Bancos, Financeiras e Instituições de Pagamento;Conglomerado; ;ITAU (conglomerado);Ausência de título adequado relativo a cartão de crédito;22;
2026;2º;Top 15 - Bancos, Financeiras e Instituições de Pagamento;Conglomerado; ;ITAU (conglomerado);Ausência de título adequado relativo a cartão de crédito consignado;0;
2026;2º;Top 15 - Bancos, Financeiras e Instituições de Pagamento;Conglomerado; ;ITAU (conglomerado);Bloqueio de valores ou de conta fora do âmbito do Pix;22;
2026;2º;Top 15 - Bancos, Financeiras e Instituições de Pagamento;Conglomerado; ;ITAU (conglomerado);Bloqueio de valores ou de conta fora do âmbito do Pix - instituição de pagamento;0;
2026;2º;Top 15 - Bancos, Financeiras e Instituições de Pagamento;Conglomerado; ;ITAU (conglomerado);Cancelamento de contrato a pedido do cliente não atendido por instituição financeira;43;
2026;2º;Top 15 - Bancos, Financeiras e Instituições de Pagamento;Conglomerado; ;ITAU (conglomerado);Cancelamento de contrato por iniciativa - instituição de pagamento;0;
2026;2º;Top 15 - Bancos, Financeiras e Instituições de Pagamento;Conglomerado; ;ITAU (conglomerado);Cancelamento de contrato por iniciativa da instituição financeira;0;
2026;2º;Top 15 - Bancos, Financeiras e Instituições de Pagamento;Conglomerado; ;ITAU (conglomerado);Cobrança irregular de tarifa em operação de crédito;11;
2026;2º;Top 15 - Bancos, Financeiras e Instituições de Pagamento;Conglomerado; ;ITAU (conglomerado);Cobrança irregular de tarifa relacionada a conta ou serviços acessórios à conta;0;
2026;2º;Top 15 - Bancos, Financeiras e Instituições de Pagamento;Conglomerado; ;ITAU (conglomerado);Cobrança irregular de tarifa relacionada ao cartão de crédito;43;
2026;2º;Top 15 - Bancos, Financeiras e Instituições de Pagamento;Conglomerado; ;ITAU (conglomerado);Cobranças diversas;0;
2026;2º;Top 15 - Bancos, Financeiras e Instituições de Pagamento;Conglomerado; ;ITAU (conglomerado);Concessão de crédito (exceto consignado) sem a formalização do título adequado;11;
2026;2º;Top 15 - Bancos, Financeiras e Instituições de Pagamento;Conglomerado; ;ITAU (conglomerado);Concessão de crédito consignado sem a formalização do título adequado;22;
2026;2º;Top 15 - Bancos, Financeiras e Instituições de Pagamento;Conglomerado; ;ITAU (conglomerado);Descumprimento contratual;0;
2026;2º;Top 15 - Bancos, Financeiras e Instituições de Pagamento;Conglomerado; ;ITAU (conglomerado);Descumprimento de ordem judicial;0;
2026;2º;Top 15 - Bancos, Financeiras e Instituições de Pagamento;Conglomerado; ;ITAU (conglomerado);Descumprimento de prazo de resposta da reclamação registrada no BCB;0;
2026;2º;Top 15 - Bancos, Financeiras e Instituições de Pagamento;Conglomerado; ;ITAU (conglomerado);Débito em conta de pagamento pré-paga não autorizado pelo cliente, ou não cumprimento das regras aplicáveis;11;
2026;2º;Top 15 - Bancos, Financeiras e Instituições de Pagamento;Conglomerado; ;ITAU (conglomerado);Débito em conta não autorizado pelo cliente, ou não cumprimento das regras aplicáveis;334;
2026;2º;Top 15 - Bancos, Financeiras e Instituições de Pagamento;Conglomerado; ;ITAU (conglomerado);Débito em conta-salário não autorizado pelo cliente, ou não cumprimento das regras aplicáveis;11;
2026;2º;Top 15 - Bancos, Financeiras e Instituições de Pagamento;Conglomerado; ;ITAU (conglomerado);Dificuldade na liberação ou substituição de bem;0;
2026;2º;Top 15 - Bancos, Financeiras e Instituições de Pagamento;Conglomerado; ;ITAU (conglomerado);Dificuldade para efetuar resgate antecipado de aplicação;0;
2026;2º;Top 15 - Bancos, Financeiras e Instituições de Pagamento;Conglomerado; ;ITAU (conglomerado);Falta de transparência na redação de documentos;43;
2026;2º;Top 15 - Bancos, Financeiras e Instituições de Pagamento;Conglomerado; ;ITAU (conglomerado);Golpe;0;
2026;2º;Top 15 - Bancos, Financeiras e Instituições de Pagamento;Conglomerado; ;ITAU (conglomerado);Inclusão de dados incorretos no CCS (Cadastro de Clientes do Sistema Financeiro Nacional);11;
2026;2º;Top 15 - Bancos, Financeiras e Instituições de Pagamento;Conglomerado; ;ITAU (conglomerado);Insatisfação com a resposta recebida da instituição financeira referente à reclamação registrada no BCB;54;
2026;2º;Top 15 - Bancos, Financeiras e Instituições de Pagamento;Conglomerado; ;ITAU (conglomerado);Insatisfação com a resposta referente à reclamação registrada no BCB recebida - instituição de pagamento;0;
2026;2º;Top 15 - Bancos, Financeiras e Instituições de Pagamento;Conglomerado; ;ITAU (conglomerado);Insatisfação com o atendimento prestado pelo SAC ou Central de Relacionamento;486;
2026;2º;Top 15 - Bancos, Financeiras e Instituições de Pagamento;Conglomerado; ;ITAU (conglomerado);Insatisfação com o atendimento prestado pelo SAC ou Central de Relacionamento - instituição de pagamento;0;
2026;2º;Top 15 - Bancos, Financeiras e Instituições de Pagamento;Conglomerado; ;ITAU (conglomerado);Irregularidades envolvendo a abertura de conta-salário;11;
2026;2º;Top 15 - Bancos, Financeiras e Instituições de Pagamento;Conglomerado; ;ITAU (conglomerado);Irregularidades no processo de encerramento de conta de depósitos à vista;32;
2026;2º;Top 15 - Bancos, Financeiras e Instituições de Pagamento;Conglomerado; ;ITAU (conglomerado);Irregularidades no processo de encerramento de conta de pagamento;22;
2026;2º;Top 15 - Bancos, Financeiras e Instituições de Pagamento;Conglomerado; ;ITAU (conglomerado);Irregularidades no processo de encerramento de conta de pagamento - instituição de pagamento;0;
2026;2º;Top 15 - Bancos, Financeiras e Instituições de Pagamento;Conglomerado; ;ITAU (conglomerado);Irregularidades relacionadas a boletos de pagamento (exceto ausência de contrato com beneficiário);11;
2026;2º;Top 15 - Bancos, Financeiras e Instituições de Pagamento;Conglomerado; ;ITAU (conglomerado);Irregularidades relacionadas a informações e liquidação de valores a receber no sistema SVR do BCB - instituições de pagamento;0;
2026;2º;Top 15 - Bancos, Financeiras e Instituições de Pagamento;Conglomerado; ;ITAU (conglomerado);Irregularidades relacionadas a informações e liquidação de valores a receber no sistema SVR do BCB por parte de instituições financeiras;22;
2026;2º;Top 15 - Bancos, Financeiras e Instituições de Pagamento;Conglomerado; ;ITAU (conglomerado);Irregularidades relacionadas a operações no mercado de câmbio;0;
2026;2º;Top 15 - Bancos, Financeiras e Instituições de Pagamento;Conglomerado; ;ITAU (conglomerado);Irregularidades relacionadas ao acompanhamento de conta;11;
2026;2º;Top 15 - Bancos, Financeiras e Instituições de Pagamento;Conglomerado; ;ITAU (conglomerado);Irregularidades relacionadas ao atendimento da Ouvidoria;0;
2026;2º;Top 15 - Bancos, Financeiras e Instituições de Pagamento;Conglomerado; ;ITAU (conglomerado);Irregularidades relacionadas ao fornecimento de documento para liquidação antecipada de operações de crédito;0;
2026;2º;Top 15 - Bancos, Financeiras e Instituições de Pagamento;Conglomerado; ;ITAU (conglomerado);Irregularidades relacionadas ao fornecimento de documentos relativos a cartão de crédito;43;
2026;2º;Top 15 - Bancos, Financeiras e Instituições de Pagamento;Conglomerado; ;ITAU (conglomerado);Irregularidades relacionadas ao fornecimento de documentos relativos a conta;11;
2026;2º;Top 15 - Bancos, Financeiras e Instituições de Pagamento;Conglomerado; ;ITAU (conglomerado);Irregularidades relacionadas ao fornecimento de documentos relativos a operação de crédito, exceto para liquidação antecipada e descritivo do crédito.;86;
2026;2º;Top 15 - Bancos, Financeiras e Instituições de Pagamento;Conglomerado; ;ITAU (conglomerado);Irregularidades relacionadas ao fornecimento de informações relativas a operação de crédito contratada (DDC);119;
2026;2º;Top 15 - Bancos, Financeiras e Instituições de Pagamento;Conglomerado; ;ITAU (conglomerado);Irregularidades relacionadas ao fornecimento de outros documentos, exceto os relativos a cartão de crédito, conta e operação de crédito;0;
2026;2º;Top 15 - Bancos, Financeiras e Instituições de Pagamento;Conglomerado; ;ITAU (conglomerado);Irregularidades relacionadas ao Sistema de Informações de Crédito do Banco Central (SCR);11;
2026;2º;Top 15 - Bancos, Financeiras e Instituições de Pagamento;Conglomerado; ;ITAU (conglomerado);Irregularidades relacionadas ao Sistema de Informações de Crédito do Banco Central (SCR) - instituição de pagamento;0;
2026;2º;Top 15 - Bancos, Financeiras e Instituições de Pagamento;Conglomerado; ;ITAU (conglomerado);Irregularidades relacionadas à liquidação de documentos (exceto cheques);0;
2026;2º;Top 15 - Bancos, Financeiras e Instituições de Pagamento;Conglomerado; ;ITAU (conglomerado);Irregularidades relativas a integridade, confiabilidade, segurança, sigilo ou legitimidade das operações e serviços disponibilizados em ATM;22;
2026;2º;Top 15 - Bancos, Financeiras e Instituições de Pagamento;Conglomerado; ;ITAU (conglomerado);Irregularidades relativas a integridade, confiabilidade, segurança, sigilo ou legitimidade das operações e serviços disponibilizados em internet banking;108;
2026;2º;Top 15 - Bancos, Financeiras e Instituições de Pagamento;Conglomerado; ;ITAU (conglomerado);Irregularidades relativas a integridade, confiabilidade, segurança, sigilo ou legitimidade das operações e serviços relacionados a cartões de crédito;701;
2026;2º;Top 15 - Bancos, Financeiras e Instituições de Pagamento;Conglomerado; ;ITAU (conglomerado);Irregularidades relativas a integridade, confiabilidade, segurança, sigilo ou legitimidade das operações e serviços relacionados a cartões de débito;32;
2026;2º;Top 15 - Bancos, Financeiras e Instituições de Pagamento;Conglomerado; ;ITAU (conglomerado);Irregularidades relativas a integridade, confiabilidade, segurança, sigilo ou legitimidade das operações e serviços, exceto as relacionadas a cartão de crédito, cartão de débito, internet banking, ATM, credenciadora e operação de crédito;119;
2026;2º;Top 15 - Bancos, Financeiras e Instituições de Pagamento;Conglomerado; ;ITAU (conglomerado);Irregularidades relativas a integridade, confiabilidade, segurança, sigilo ou legitimidade dos serviços relacionados a operações de crédito consignado;604;
2026;2º;Top 15 - Bancos, Financeiras e Instituições de Pagamento;Conglomerado; ;ITAU (conglomerado);Irregularidades relativas a integridade, confiabilidade, segurança, sigilo ou legitimidade dos serviços relacionados a operações de crédito, exceto consignado;259;
2026;2º;Top 15 - Bancos, Financeiras e Instituições de Pagamento;Conglomerado; ;ITAU (conglomerado);Irregularidades relativas a operações de crédito de saldo devedor de fatura de cartão de crédito (rotativo e parcelamento) e respectiva cobrança de encargos;442;
2026;2º;Top 15 - Bancos, Financeiras e Instituições de Pagamento;Conglomerado; ;ITAU (conglomerado);Juros e preços;0;
2026;2º;Top 15 - Bancos, Financeiras e Instituições de Pagamento;Conglomerado; ;ITAU (conglomerado);Liberação de recursos em financiamento imobiliário;0;
2026;2º;Top 15 - Bancos, Financeiras e Instituições de Pagamento;Conglomerado; ;ITAU (conglomerado);Limites de transação;11;
2026;2º;Top 15 - Bancos, Financeiras e Instituições de Pagamento;Conglomerado; ;ITAU (conglomerado);Não acatamento de solicitação de cancelamento de débitos automáticos em conta de pagamento pré-paga, ou não cumprimento das regras aplicáveis;0;
2026;2º;Top 15 - Bancos, Financeiras e Instituições de Pagamento;Conglomerado; ;ITAU (conglomerado);Não acatamento de solicitação de cancelamento de débitos automáticos em conta ou não cumprimento das regras aplicáveis;129;
2026;2º;Top 15 - Bancos, Financeiras e Instituições de Pagamento;Conglomerado; ;ITAU (conglomerado);Não acatamento de solicitação de cancelamento de débitos automáticos em conta-salário ou não cumprimento das regras aplicáveis;0;
2026;2º;Top 15 - Bancos, Financeiras e Instituições de Pagamento;Conglomerado; ;ITAU (conglomerado);Oferta ou prestação de informação sobre a conta ou serviços acessórios de forma inadequada ;140;
2026;2º;Top 15 - Bancos, Financeiras e Instituições de Pagamento;Conglomerado; ;ITAU (conglomerado);Oferta ou prestação de informação sobre crédito consignado de forma inadequada;76;
2026;2º;Top 15 - Bancos, Financeiras e Instituições de Pagamento;Conglomerado; ;ITAU (conglomerado);Oferta ou prestação de informação sobre o cartão de crédito de forma inadequada ;119;
2026;2º;Top 15 - Bancos, Financeiras e Instituições de Pagamento;Conglomerado; ;ITAU (conglomerado);Oferta ou prestação de informação sobre operação de crédito de forma inadequada, exceto crédito consignado;108;
2026;2º;Top 15 - Bancos, Financeiras e Instituições de Pagamento;Conglomerado; ;ITAU (conglomerado);Oferta ou prestação de informação sobre produtos e serviços de forma inadequada, exceto as relacionadas a cartão de crédito, conta e serviços acessórios, credenciadora de cartão e operação de crédito;108;
2026;2º;Top 15 - Bancos, Financeiras e Instituições de Pagamento;Conglomerado; ;ITAU (conglomerado);Outras irregularidades ;0;
2026;2º;Top 15 - Bancos, Financeiras e Instituições de Pagamento;Conglomerado; ;ITAU (conglomerado);Outras irregularidades - instituição de pagamento;0;
2026;2º;Top 15 - Bancos, Financeiras e Instituições de Pagamento;Conglomerado; ;ITAU (conglomerado);Outras irregularidades relacionadas a cartões de crédito;0;
2026;2º;Top 15 - Bancos, Financeiras e Instituições de Pagamento;Conglomerado; ;ITAU (conglomerado);Outras irregularidades relacionadas a tarifas;11;
2026;2º;Top 15 - Bancos, Financeiras e Instituições de Pagamento;Conglomerado; ;ITAU (conglomerado);Outras irregularidades relacionadas à portabilidade de operações de crédito de pessoa natural;0;
2026;2º;Top 15 - Bancos, Financeiras e Instituições de Pagamento;Conglomerado; ;ITAU (conglomerado);Outros assuntos não regulados relacionados a cartão de crédito;0;
2026;2º;Top 15 - Bancos, Financeiras e Instituições de Pagamento;Conglomerado; ;ITAU (conglomerado);Pix  - chaves;0;
2026;2º;Top 15 - Bancos, Financeiras e Instituições de Pagamento;Conglomerado; ;ITAU (conglomerado);Pix - Bloqueio ou devolução de valores;11;
2026;2º;Top 15 - Bancos, Financeiras e Instituições de Pagamento;Conglomerado; ;ITAU (conglomerado);Pix - diversos;0;
2026;2º;Top 15 - Bancos, Financeiras e Instituições de Pagamento;Conglomerado; ;ITAU (conglomerado);Pix - Dificuldade para solicitar ou realizar devolução;0;
2026;2º;Top 15 - Bancos, Financeiras e Instituições de Pagamento;Conglomerado; ;ITAU (conglomerado);Pix - iniciação;0;
2026;2º;Top 15 - Bancos, Financeiras e Instituições de Pagamento;Conglomerado; ;ITAU (conglomerado);Pix - liquidação;0;
2026;2º;Top 15 - Bancos, Financeiras e Instituições de Pagamento;Conglomerado; ;ITAU (conglomerado);Pix - outros;0;
2026;2º;Top 15 - Bancos, Financeiras e Instituições de Pagamento;Conglomerado; ;ITAU (conglomerado);Prestação de serviço de forma irregular em conta-salário;32;
2026;2º;Top 15 - Bancos, Financeiras e Instituições de Pagamento;Conglomerado; ;ITAU (conglomerado);Problemas enfrentados com o atendimento preferencial;0;
2026;2º;Top 15 - Bancos, Financeiras e Instituições de Pagamento;Conglomerado; ;ITAU (conglomerado);Reclamações relacionadas a assuntos diversos;0;
2026;2º;Top 15 - Bancos, Financeiras e Instituições de Pagamento;Conglomerado; ;ITAU (conglomerado);Recusa de cancelamento de pacote de serviços;11;
2026;2º;Top 15 - Bancos, Financeiras e Instituições de Pagamento;Conglomerado; ;ITAU (conglomerado);Recusa de produtos ou serviços;0;
2026;2º;Top 15 - Bancos, Financeiras e Instituições de Pagamento;Conglomerado; ;ITAU (conglomerado);Recusa ou dificuldade de acesso aos canais de atendimento convencionais;22;
2026;2º;Top 15 - Bancos, Financeiras e Instituições de Pagamento;Conglomerado; ;ITAU (conglomerado);Renegociação de dívida (exceto cartão de crédito);0;
2026;2º;Top 15 - Bancos, Financeiras e Instituições de Pagamento;Conglomerado; ;ITAU (conglomerado);Restrição à realização de portabilidade de operações de crédito consignado relativas a pessoas naturais;0;
2026;2º;Top 15 - Bancos, Financeiras e Instituições de Pagamento;Conglomerado; ;ITAU (conglomerado);Restrição à realização de portabilidade de operações de financiamento imobiliário relativas a pessoas naturais;0;
2026;2º;Top 15 - Bancos, Financeiras e Instituições de Pagamento;Conglomerado; ;ITAU (conglomerado);Restrições cadastrais;0;
2026;2º;Top 15 - Bancos, Financeiras e Instituições de Pagamento;Conglomerado; ;ITAU (conglomerado);Segurança bancária;0;
2026;2º;Top 15 - Bancos, Financeiras e Instituições de Pagamento;Conglomerado; ;ITAU (conglomerado);Tempo de espera em fila;0;
2026;2º;Top 15 - Bancos, Financeiras e Instituições de Pagamento;Conglomerado; ;ITAU (conglomerado);Terminais eletrônicos, internet e aplicativos;0;
2026;2º;Top 15 - Bancos, Financeiras e Instituições de Pagamento;Conglomerado; ;ITAU (conglomerado);Transações não reconhecidas pelo titular da conta, realizadas por terceiros (invasão de conta) em instituições financeiras;0;
2026;2º;Top 15 - Bancos, Financeiras e Instituições de Pagamento;Conglomerado; ;ITAU (conglomerado);Utilização incorreta da taxa de desconto no cálculo do valor presente relacionadas às demais operações de crédito, exceto as de crédito consignado e de financiamento imobiliário;11;
2026;2º;Top 15 - Bancos, Financeiras e Instituições de Pagamento;Conglomerado; ;ITAU (conglomerado);Utilização incorreta da taxa de desconto no cálculo do valor presente relacionadas às operações de crédito consignado;0;
2026;2º;Demais Bancos, Financeiras e Instituições de Pagamento;Conglomerado; ;IUGU IP (conglomerado);Abertura de conta de pagamento sem documentação necessária ou com documentação falsa - instituição de pagamento;1;
2026;2º;Demais Bancos, Financeiras e Instituições de Pagamento;Conglomerado; ;IUGU IP (conglomerado);Bloqueio de valores ou de conta fora do âmbito do Pix - instituição de pagamento;0;
2026;2º;Demais Bancos, Financeiras e Instituições de Pagamento;Conglomerado; ;IUGU IP (conglomerado);Inclusão de dados incorretos no CCS (Cadastro de Clientes do Sistema Financeiro Nacional) - instituição de pagamento;0;
2026;2º;Demais Bancos, Financeiras e Instituições de Pagamento;Conglomerado; ;IUGU IP (conglomerado);Insatisfação com a resposta referente à reclamação registrada no BCB recebida - instituição de pagamento;1;
2026;2º;Demais Bancos, Financeiras e Instituições de Pagamento;Conglomerado; ;IUGU IP (conglomerado);Irregularidades no processo de encerramento de conta de pagamento - instituição de pagamento;0;
2026;2º;Demais Bancos, Financeiras e Instituições de Pagamento;Conglomerado; ;IUGU IP (conglomerado);Irregularidades relacionadas ao acompanhamento de conta de pagamento - instituição de pagamento;1;
2026;2º;Demais Bancos, Financeiras e Instituições de Pagamento;Conglomerado; ;IUGU IP (conglomerado);Irregularidades relacionadas ao fornecimento de documentos por conta de pagamentos pós-paga - instituição de pagamento;0;
2026;2º;Demais Bancos, Financeiras e Instituições de Pagamento;Conglomerado; ;IUGU IP (conglomerado);Irregularidades relacionadas ao fornecimento de documentos por conta de pagamentos pré-paga - instituição de pagamento;0;
2026;2º;Demais Bancos, Financeiras e Instituições de Pagamento;Conglomerado; ;IUGU IP (conglomerado);Irregularidades relativas a integridade, confiabilidade, segurança, sigilo ou legitimidade das operações e serviços prestados relacionados a conta de pagamento pré-paga - instituição de pagamento;0;
2026;2º;Demais Bancos, Financeiras e Instituições de Pagamento;Conglomerado; ;IUGU IP (conglomerado);Pix - Dificuldade para solicitar ou realizar devolução - instituição de pagamento;0;
2026;2º;Demais Bancos, Financeiras e Instituições de Pagamento;Conglomerado; ;IUGU IP (conglomerado);Pix - experiência do usuário - instituição de pagamento;0;
2026;2º;Demais Bancos, Financeiras e Instituições de Pagamento;Conglomerado; ;IUGU IP (conglomerado);Reclamações relacionadas a assuntos diversos envolvendo - instituição de pagamento;0;
2026;2º;Demais Bancos, Financeiras e Instituições de Pagamento;Conglomerado; ;IUGU IP (conglomerado);Renegociação de dívida em instituição de pagamento;0;
2026;2º;Demais Bancos, Financeiras e Instituições de Pagamento;Conglomerado; ;IUGU IP (conglomerado);Restrições cadastrais por parte - instituição de pagamento;0;
2026;2º;Demais Bancos, Financeiras e Instituições de Pagamento;Conglomerado; ;JBCRED S.A. SCFI (conglomerado);Cobranças diversas;0;
2026;2º;Demais Bancos, Financeiras e Instituições de Pagamento;Conglomerado; ;JBCRED S.A. SCFI (conglomerado);Débito em conta não autorizado pelo cliente, ou não cumprimento das regras aplicáveis;1;
2026;2º;Demais Bancos, Financeiras e Instituições de Pagamento;Conglomerado; ;JBCRED S.A. SCFI (conglomerado);Insatisfação com a resposta recebida da instituição financeira referente à reclamação registrada no BCB;0;
2026;2º;Demais Bancos, Financeiras e Instituições de Pagamento;Conglomerado; ;JBCRED S.A. SCFI (conglomerado);Insatisfação com o atendimento prestado pelo SAC ou Central de Relacionamento;0;
2026;2º;Demais Bancos, Financeiras e Instituições de Pagamento;Conglomerado; ;JBCRED S.A. SCFI (conglomerado);Irregularidades relacionadas ao fornecimento de documentos relativos a operação de crédito, exceto para liquidação antecipada e descritivo do crédito.;0;
2026;2º;Demais Bancos, Financeiras e Instituições de Pagamento;Conglomerado; ;JBCRED S.A. SCFI (conglomerado);Irregularidades relacionadas ao fornecimento de informações relativas a operação de crédito contratada (DDC);4;
2026;2º;Demais Bancos, Financeiras e Instituições de Pagamento;Conglomerado; ;JBCRED S.A. SCFI (conglomerado);Irregularidades relacionadas ao fornecimento de outros documentos, exceto os relativos a cartão de crédito, conta e operação de crédito;1;
2026;2º;Demais Bancos, Financeiras e Instituições de Pagamento;Conglomerado; ;JBCRED S.A. SCFI (conglomerado);Irregularidades relacionadas ao Sistema de Informações de Crédito do Banco Central (SCR);4;
2026;2º;Demais Bancos, Financeiras e Instituições de Pagamento;Conglomerado; ;JBCRED S.A. SCFI (conglomerado);Irregularidades relativas a integridade, confiabilidade, segurança, sigilo ou legitimidade dos serviços relacionados a operações de crédito, exceto consignado;0;
2026;2º;Demais Bancos, Financeiras e Instituições de Pagamento;Conglomerado; ;JBCRED S.A. SCFI (conglomerado);Renegociação de dívida (exceto cartão de crédito);0;
2026;2º;Demais Bancos, Financeiras e Instituições de Pagamento;Conglomerado; ;JBCRED S.A. SCFI (conglomerado);Restrições cadastrais;0;
2026;2º;Demais Bancos, Financeiras e Instituições de Pagamento;Conglomerado; ;JP MORGAN CHASE (conglomerado);Golpe;0;
2026;2º;Demais Bancos, Financeiras e Instituições de Pagamento;Conglomerado; ;JP MORGAN CHASE (conglomerado);Irregularidades relacionadas a boletos de pagamento (exceto ausência de contrato com beneficiário);0;
2026;2º;Demais Bancos, Financeiras e Instituições de Pagamento;Conglomerado; ;JP MORGAN CHASE (conglomerado);Irregularidades relacionadas ao acompanhamento de conta;2;
2026;2º;Demais Bancos, Financeiras e Instituições de Pagamento;Conglomerado; ;JP MORGAN CHASE (conglomerado);Irregularidades relacionadas ao acompanhamento de conta de pagamento;0;
2026;2º;Demais Bancos, Financeiras e Instituições de Pagamento;Conglomerado; ;JP MORGAN CHASE (conglomerado);Irregularidades relacionadas ao fornecimento de documentos relativos a operação de crédito, exceto para liquidação antecipada e descritivo do crédito.;0;
2026;2º;Demais Bancos, Financeiras e Instituições de Pagamento;Conglomerado; ;JP MORGAN CHASE (conglomerado);Irregularidades relativas a integridade, confiabilidade, segurança, sigilo ou legitimidade das operações e serviços disponibilizados em internet banking;0;
2026;2º;Demais Bancos, Financeiras e Instituições de Pagamento;Conglomerado; ;JP MORGAN CHASE (conglomerado);Irregularidades relativas a integridade, confiabilidade, segurança, sigilo ou legitimidade das operações e serviços relacionados a cartões de crédito;0;
2026;2º;Demais Bancos, Financeiras e Instituições de Pagamento;Conglomerado; ;JP MORGAN CHASE (conglomerado);Pix - Dificuldade para solicitar ou realizar devolução;0;
2026;2º;Demais Bancos, Financeiras e Instituições de Pagamento;Conglomerado; ;JP MORGAN CHASE (conglomerado);Reclamações relacionadas a assuntos diversos;0;
2026;2º;Demais Bancos, Financeiras e Instituições de Pagamento;Banco/financeira;49288113;KANASTRA FINANCEIRA S.A, CREDITO, FINANCIAMENTO E INVESTIMENTO;Irregularidades relativas a integridade, confiabilidade, segurança, sigilo ou legitimidade dos serviços relacionados a operações de crédito consignado;0;
2026;2º;Demais Bancos, Financeiras e Instituições de Pagamento;Banco/financeira;49288113;KANASTRA FINANCEIRA S.A, CREDITO, FINANCIAMENTO E INVESTIMENTO;Irregularidades relativas a integridade, confiabilidade, segurança, sigilo ou legitimidade dos serviços relacionados a operações de crédito, exceto consignado;0;
2026;2º;Demais Bancos, Financeiras e Instituições de Pagamento;Banco/financeira;49288113;KANASTRA FINANCEIRA S.A, CREDITO, FINANCIAMENTO E INVESTIMENTO;Restrição à realização de portabilidade de operações de crédito consignado relativas a pessoas naturais;0;
2026;2º;Demais Bancos, Financeiras e Instituições de Pagamento;Conglomerado; ;KIWIFY IP (conglomerado);Bloqueio de valores ou de conta fora do âmbito do Pix - instituição de pagamento;4;
2026;2º;Demais Bancos, Financeiras e Instituições de Pagamento;Conglomerado; ;KREDILIG S.A. - CFI (conglomerado);Irregularidades relacionadas ao fornecimento de documentos relativos a operação de crédito, exceto para liquidação antecipada e descritivo do crédito.;0;
2026;2º;Demais Bancos, Financeiras e Instituições de Pagamento;Conglomerado; ;KREDILIG S.A. - CFI (conglomerado);Irregularidades relacionadas ao fornecimento de informações relativas a operação de crédito contratada (DDC);0;
2026;2º;Demais Bancos, Financeiras e Instituições de Pagamento;Conglomerado; ;KREDILIG S.A. - CFI (conglomerado);Irregularidades relacionadas ao Sistema de Informações de Crédito do Banco Central (SCR);5;
2026;2º;Demais Bancos, Financeiras e Instituições de Pagamento;Conglomerado; ;KREDILIG S.A. - CFI (conglomerado);Juros e preços;0;
2026;2º;Demais Bancos, Financeiras e Instituições de Pagamento;Conglomerado; ;KREDILIG S.A. - CFI (conglomerado);Restrições cadastrais;0;
2026;2º;Demais Bancos, Financeiras e Instituições de Pagamento;Conglomerado; ;LEBES FINANCEIRA SCFI (conglomerado);Concessão de crédito (exceto consignado) sem a formalização do título adequado;0;
2026;2º;Demais Bancos, Financeiras e Instituições de Pagamento;Conglomerado; ;LEBES FINANCEIRA SCFI (conglomerado);Insatisfação com a resposta recebida da instituição financeira referente à reclamação registrada no BCB;0;
2026;2º;Demais Bancos, Financeiras e Instituições de Pagamento;Conglomerado; ;LEBES FINANCEIRA SCFI (conglomerado);Irregularidades relacionadas ao fornecimento de documentos relativos a operação de crédito, exceto para liquidação antecipada e descritivo do crédito.;0;
2026;2º;Demais Bancos, Financeiras e Instituições de Pagamento;Conglomerado; ;LEBES FINANCEIRA SCFI (conglomerado);Irregularidades relacionadas ao Sistema de Informações de Crédito do Banco Central (SCR);0;
2026;2º;Demais Bancos, Financeiras e Instituições de Pagamento;Conglomerado; ;LEBES FINANCEIRA SCFI (conglomerado);Irregularidades relativas a integridade, confiabilidade, segurança, sigilo ou legitimidade dos serviços relacionados a operações de crédito, exceto consignado;0;
2026;2º;Demais Bancos, Financeiras e Instituições de Pagamento;Conglomerado; ;LEBES FINANCEIRA SCFI (conglomerado);Renegociação de dívida (exceto cartão de crédito);0;
2026;2º;Demais Bancos, Financeiras e Instituições de Pagamento;Conglomerado; ;LECCA (conglomerado);Cancelamento de contrato a pedido do cliente não atendido por instituição financeira;2;
2026;2º;Demais Bancos, Financeiras e Instituições de Pagamento;Conglomerado; ;LECCA (conglomerado);Insatisfação com a resposta recebida da instituição financeira referente à reclamação registrada no BCB;3;
2026;2º;Demais Bancos, Financeiras e Instituições de Pagamento;Conglomerado; ;LECCA (conglomerado);Insatisfação com o atendimento prestado pelo SAC ou Central de Relacionamento;3;
2026;2º;Demais Bancos, Financeiras e Instituições de Pagamento;Conglomerado; ;LECCA (conglomerado);Irregularidades relacionadas ao Custo Efetivo Total (CET) de operação de crédito;0;
2026;2º;Demais Bancos, Financeiras e Instituições de Pagamento;Conglomerado; ;LECCA (conglomerado);Irregularidades relacionadas ao fornecimento de documento para liquidação antecipada de operações de crédito;25;
2026;2º;Demais Bancos, Financeiras e Instituições de Pagamento;Conglomerado; ;LECCA (conglomerado);Irregularidades relacionadas ao fornecimento de documentos relativos a cartão de crédito;2;
2026;2º;Demais Bancos, Financeiras e Instituições de Pagamento;Conglomerado; ;LECCA (conglomerado);Irregularidades relacionadas ao fornecimento de documentos relativos a operação de crédito, exceto para liquidação antecipada e descritivo do crédito.;2;
2026;2º;Demais Bancos, Financeiras e Instituições de Pagamento;Conglomerado; ;LECCA (conglomerado);Irregularidades relacionadas ao fornecimento de informações relativas a operação de crédito contratada (DDC);3;
2026;2º;Demais Bancos, Financeiras e Instituições de Pagamento;Conglomerado; ;LECCA (conglomerado);Irregularidades relativas a integridade, confiabilidade, segurança, sigilo ou legitimidade das operações e serviços relacionados a cartões de crédito;17;
2026;2º;Demais Bancos, Financeiras e Instituições de Pagamento;Conglomerado; ;LECCA (conglomerado);Irregularidades relativas a integridade, confiabilidade, segurança, sigilo ou legitimidade das operações e serviços, exceto as relacionadas a cartão de crédito, cartão de débito, internet banking, ATM, credenciadora e operação de crédito;2;
2026;2º;Demais Bancos, Financeiras e Instituições de Pagamento;Conglomerado; ;LECCA (conglomerado);Irregularidades relativas a integridade, confiabilidade, segurança, sigilo ou legitimidade dos serviços relacionados a operações de crédito consignado;9;
2026;2º;Demais Bancos, Financeiras e Instituições de Pagamento;Conglomerado; ;LECCA (conglomerado);Irregularidades relativas a integridade, confiabilidade, segurança, sigilo ou legitimidade dos serviços relacionados a operações de crédito, exceto consignado;2;
2026;2º;Demais Bancos, Financeiras e Instituições de Pagamento;Conglomerado; ;LECCA (conglomerado);Irregularidades relativas a telemarketing, SMS ou Whatsapp com oferta de produtos e serviços;0;
2026;2º;Demais Bancos, Financeiras e Instituições de Pagamento;Conglomerado; ;LECCA (conglomerado);Juros e preços;0;
2026;2º;Demais Bancos, Financeiras e Instituições de Pagamento;Conglomerado; ;LECCA (conglomerado);Não acatamento de solicitação de cancelamento de débitos automáticos em conta ou não cumprimento das regras aplicáveis;0;
2026;2º;Demais Bancos, Financeiras e Instituições de Pagamento;Conglomerado; ;LECCA (conglomerado);Oferta ou prestação de informação sobre crédito consignado de forma inadequada;14;
2026;2º;Demais Bancos, Financeiras e Instituições de Pagamento;Conglomerado; ;LECCA (conglomerado);Oferta ou prestação de informação sobre o cartão de crédito de forma inadequada ;18;
2026;2º;Demais Bancos, Financeiras e Instituições de Pagamento;Conglomerado; ;LECCA (conglomerado);Oferta ou prestação de informação sobre operação de crédito de forma inadequada, exceto crédito consignado;8;
2026;2º;Demais Bancos, Financeiras e Instituições de Pagamento;Conglomerado; ;LECCA (conglomerado);Outras irregularidades relacionadas à portabilidade de operações de crédito de pessoa natural;0;
2026;2º;Demais Bancos, Financeiras e Instituições de Pagamento;Conglomerado; ;LECCA (conglomerado);Renegociação de dívida (exceto cartão de crédito);0;
2026;2º;Demais Bancos, Financeiras e Instituições de Pagamento;Conglomerado; ;LECCA (conglomerado);Restrição à realização de portabilidade de operações de crédito consignado relativas a pessoas naturais;6;
2026;2º;Demais Bancos, Financeiras e Instituições de Pagamento;Conglomerado; ;LECCA (conglomerado);Restrições cadastrais;0;
2026;2º;Demais Bancos, Financeiras e Instituições de Pagamento;Conglomerado; ;LISTO IP (conglomerado);Irregularidades relativas a integridade, confiabilidade, segurança, sigilo ou legitimidade das operações e serviços prestados relacionados a conta de pagamento pré-paga - instituição de pagamento;5;
2026;2º;Demais Bancos, Financeiras e Instituições de Pagamento;Conglomerado; ;MAGALUPAY IP (conglomerado);Abertura de conta de pagamento sem documentação necessária ou com documentação falsa - instituição de pagamento;0;
2026;2º;Demais Bancos, Financeiras e Instituições de Pagamento;Conglomerado; ;MAGALUPAY IP (conglomerado);Bloqueio de valores ou de conta fora do âmbito do Pix - instituição de pagamento;0;
2026;2º;Demais Bancos, Financeiras e Instituições de Pagamento;Conglomerado; ;MAGALUPAY IP (conglomerado);Cancelamento de contrato a pedido do cliente de conta de pagamento pós-paga não atendido - instituição de pagamento;0;
2026;2º;Demais Bancos, Financeiras e Instituições de Pagamento;Conglomerado; ;MAGALUPAY IP (conglomerado);Cancelamento de contrato a pedido do cliente não atendido por instituição financeira;0;
2026;2º;Demais Bancos, Financeiras e Instituições de Pagamento;Conglomerado; ;MAGALUPAY IP (conglomerado);Descumprimento contratual - instituição de pagamento;0;
2026;2º;Demais Bancos, Financeiras e Instituições de Pagamento;Conglomerado; ;MAGALUPAY IP (conglomerado);Inclusão de dados incorretos no CCS (Cadastro de Clientes do Sistema Financeiro Nacional) - instituição de pagamento;0;
2026;2º;Demais Bancos, Financeiras e Instituições de Pagamento;Conglomerado; ;MAGALUPAY IP (conglomerado);Insatisfação com o atendimento prestado pelo SAC ou Central de Relacionamento;0;
2026;2º;Demais Bancos, Financeiras e Instituições de Pagamento;Conglomerado; ;MAGALUPAY IP (conglomerado);Irregularidades no processo de encerramento de conta de pagamento - instituição de pagamento;1;
2026;2º;Demais Bancos, Financeiras e Instituições de Pagamento;Conglomerado; ;MAGALUPAY IP (conglomerado);Irregularidades relacionadas ao acompanhamento de conta de pagamento - instituição de pagamento;0;
2026;2º;Demais Bancos, Financeiras e Instituições de Pagamento;Conglomerado; ;MAGALUPAY IP (conglomerado);Irregularidades relacionadas ao fornecimento de documentos por conta de pagamentos pós-paga - instituição de pagamento;0;
2026;2º;Demais Bancos, Financeiras e Instituições de Pagamento;Conglomerado; ;MAGALUPAY IP (conglomerado);Irregularidades relacionadas ao fornecimento de documentos por conta de pagamentos pré-paga - instituição de pagamento;1;
2026;2º;Demais Bancos, Financeiras e Instituições de Pagamento;Conglomerado; ;MAGALUPAY IP (conglomerado);Irregularidades relacionadas ao fornecimento de informações relativas a operação de crédito contratada (DDC);0;
2026;2º;Demais Bancos, Financeiras e Instituições de Pagamento;Conglomerado; ;MAGALUPAY IP (conglomerado);Irregularidades relacionadas ao fornecimento de outros documentos, exceto os relativos a cartão de crédito, conta e operação de crédito;0;
2026;2º;Demais Bancos, Financeiras e Instituições de Pagamento;Conglomerado; ;MAGALUPAY IP (conglomerado);Irregularidades relacionadas ao Sistema de Informações de Crédito do Banco Central (SCR);0;
2026;2º;Demais Bancos, Financeiras e Instituições de Pagamento;Conglomerado; ;MAGALUPAY IP (conglomerado);Irregularidades relacionadas ao Sistema de Informações de Crédito do Banco Central (SCR) - instituição de pagamento;0;
2026;2º;Demais Bancos, Financeiras e Instituições de Pagamento;Conglomerado; ;MAGALUPAY IP (conglomerado);Irregularidades relativas a integridade, confiabilidade, segurança, sigilo ou legitimidade das operações e serviços prestados relacionados a conta de pagamento pós-paga - instituição de pagamento;0;
2026;2º;Demais Bancos, Financeiras e Instituições de Pagamento;Conglomerado; ;MAGALUPAY IP (conglomerado);Irregularidades relativas a integridade, confiabilidade, segurança, sigilo ou legitimidade das operações e serviços prestados relacionados a conta de pagamento pré-paga - instituição de pagamento;6;
2026;2º;Demais Bancos, Financeiras e Instituições de Pagamento;Conglomerado; ;MAGALUPAY IP (conglomerado);Irregularidades relativas a integridade, confiabilidade, segurança, sigilo ou legitimidade das operações e serviços relacionados a cartões de crédito;0;
2026;2º;Demais Bancos, Financeiras e Instituições de Pagamento;Conglomerado; ;MAGALUPAY IP (conglomerado);Irregularidades relativas a integridade, confiabilidade, segurança, sigilo ou legitimidade dos serviços relacionados a operações de crédito, exceto consignado;0;
2026;2º;Demais Bancos, Financeiras e Instituições de Pagamento;Conglomerado; ;MAGALUPAY IP (conglomerado);Irregularidades relativas a operações de crédito de saldo devedor de fatura de cartão de crédito (rotativo e parcelamento) e respectiva cobrança de encargos;0;
2026;2º;Demais Bancos, Financeiras e Instituições de Pagamento;Conglomerado; ;MAGALUPAY IP (conglomerado);Oferta ou prestação de informação a respeito de produtos e serviços de forma inadequada para conta de pagamento pré-paga - instituição de pagamento;1;
2026;2º;Demais Bancos, Financeiras e Instituições de Pagamento;Conglomerado; ;MAGALUPAY IP (conglomerado);Pix - Dificuldade para solicitar ou realizar devolução - instituição de pagamento;0;
2026;2º;Demais Bancos, Financeiras e Instituições de Pagamento;Conglomerado; ;MAGALUPAY IP (conglomerado);PIX - Chaves - instituição de pagamento;0;
2026;2º;Demais Bancos, Financeiras e Instituições de Pagamento;Conglomerado; ;MAGALUPAY IP (conglomerado);Reclamações relacionadas a assuntos diversos;0;
2026;2º;Demais Bancos, Financeiras e Instituições de Pagamento;Conglomerado; ;MAGALUPAY IP (conglomerado);Reclamações relacionadas a assuntos diversos envolvendo - instituição de pagamento;0;
2026;2º;Demais Bancos, Financeiras e Instituições de Pagamento;Conglomerado; ;MAGALUPAY IP (conglomerado);Renegociação de dívida (exceto cartão de crédito);0;
2026;2º;Demais Bancos, Financeiras e Instituições de Pagamento;Conglomerado; ;MAGALUPAY IP (conglomerado);Renegociação de dívida em instituição de pagamento;0;
2026;2º;Demais Bancos, Financeiras e Instituições de Pagamento;Conglomerado; ;MAGALUPAY IP (conglomerado);Restrições cadastrais;0;
2026;2º;Demais Bancos, Financeiras e Instituições de Pagamento;Conglomerado; ;MAGALUPAY IP (conglomerado);Restrições cadastrais por parte - instituição de pagamento;0;
2026;2º;Demais Bancos, Financeiras e Instituições de Pagamento;Conglomerado; ;MAREE IP (conglomerado);Abertura de conta de pagamento sem documentação necessária ou com documentação falsa - instituição de pagamento;51;
2026;2º;Demais Bancos, Financeiras e Instituições de Pagamento;Conglomerado; ;MAREE IP (conglomerado);Bloqueio de valores ou de conta fora do âmbito do Pix - instituição de pagamento;19;
2026;2º;Demais Bancos, Financeiras e Instituições de Pagamento;Conglomerado; ;MAREE IP (conglomerado);Cancelamento de contrato a pedido do cliente de conta de pagamento pré-paga não atendido - instituição de pagamento;0;
2026;2º;Demais Bancos, Financeiras e Instituições de Pagamento;Conglomerado; ;MAREE IP (conglomerado);Cancelamento de contrato por iniciativa - instituição de pagamento;0;
2026;2º;Demais Bancos, Financeiras e Instituições de Pagamento;Conglomerado; ;MAREE IP (conglomerado);Cobranças diversas de IPs;0;
2026;2º;Demais Bancos, Financeiras e Instituições de Pagamento;Conglomerado; ;MAREE IP (conglomerado);Encaminhamento de instrumentos de pagamento não solicitados - instituição de pagamento;0;
2026;2º;Demais Bancos, Financeiras e Instituições de Pagamento;Conglomerado; ;MAREE IP (conglomerado);Falta de transparência na redação de documentos - instituição de pagamento;4;
2026;2º;Demais Bancos, Financeiras e Instituições de Pagamento;Conglomerado; ;MAREE IP (conglomerado);Golpe;0;
2026;2º;Demais Bancos, Financeiras e Instituições de Pagamento;Conglomerado; ;MAREE IP (conglomerado);Inclusão de dados incorretos no CCS (Cadastro de Clientes do Sistema Financeiro Nacional) - instituição de pagamento;4;
2026;2º;Demais Bancos, Financeiras e Instituições de Pagamento;Conglomerado; ;MAREE IP (conglomerado);Insatisfação com a resposta referente à reclamação registrada no BCB recebida - instituição de pagamento;0;
2026;2º;Demais Bancos, Financeiras e Instituições de Pagamento;Conglomerado; ;MAREE IP (conglomerado);Irregularidades no processo de encerramento de conta de pagamento - instituição de pagamento;13;
2026;2º;Demais Bancos, Financeiras e Instituições de Pagamento;Conglomerado; ;MAREE IP (conglomerado);Irregularidades relacionadas ao acompanhamento de conta de pagamento - instituição de pagamento;8;
2026;2º;Demais Bancos, Financeiras e Instituições de Pagamento;Conglomerado; ;MAREE IP (conglomerado);Irregularidades relacionadas ao fornecimento de documentos por conta de pagamentos pós-paga - instituição de pagamento;2;
2026;2º;Demais Bancos, Financeiras e Instituições de Pagamento;Conglomerado; ;MAREE IP (conglomerado);Irregularidades relacionadas ao fornecimento de documentos por conta de pagamentos pré-paga - instituição de pagamento;6;
2026;2º;Demais Bancos, Financeiras e Instituições de Pagamento;Conglomerado; ;MAREE IP (conglomerado);Irregularidades relacionadas ao Sistema de Informações de Crédito do Banco Central (SCR) - instituição de pagamento;0;
2026;2º;Demais Bancos, Financeiras e Instituições de Pagamento;Conglomerado; ;MAREE IP (conglomerado);Irregularidades relativas a integridade, confiabilidade, segurança, sigilo ou legitimidade das operações e serviços prestados relacionados a conta de pagamento pós-paga - instituição de pagamento;2;
2026;2º;Demais Bancos, Financeiras e Instituições de Pagamento;Conglomerado; ;MAREE IP (conglomerado);Irregularidades relativas a integridade, confiabilidade, segurança, sigilo ou legitimidade das operações e serviços prestados relacionados a conta de pagamento pré-paga - instituição de pagamento;57;
2026;2º;Demais Bancos, Financeiras e Instituições de Pagamento;Conglomerado; ;MAREE IP (conglomerado);Não acatamento de solicitação de cancelamento de débitos automáticos em conta de pagamento pré-paga ou não cumprimento das regras aplicáveis - instituição de pagamento;0;
2026;2º;Demais Bancos, Financeiras e Instituições de Pagamento;Conglomerado; ;MAREE IP (conglomerado);Oferta ou prestação de informação a respeito de produtos e serviços de forma inadequada para conta de pagamento pós-paga - instituição de pagamento;2;
2026;2º;Demais Bancos, Financeiras e Instituições de Pagamento;Conglomerado; ;MAREE IP (conglomerado);Oferta ou prestação de informação a respeito de produtos e serviços de forma inadequada para conta de pagamento pré-paga - instituição de pagamento;13;
2026;2º;Demais Bancos, Financeiras e Instituições de Pagamento;Conglomerado; ;MAREE IP (conglomerado);Pix - Bloqueio ou devolução irregular de valores - instituição de pagamento;8;
2026;2º;Demais Bancos, Financeiras e Instituições de Pagamento;Conglomerado; ;MAREE IP (conglomerado);Pix - Dificuldade para solicitar ou realizar devolução - instituição de pagamento;8;
2026;2º;Demais Bancos, Financeiras e Instituições de Pagamento;Conglomerado; ;MAREE IP (conglomerado);Pix - liquidação - instituição de pagamento;6;
2026;2º;Demais Bancos, Financeiras e Instituições de Pagamento;Conglomerado; ;MAREE IP (conglomerado);PIX - Chaves - instituição de pagamento;15;
2026;2º;Demais Bancos, Financeiras e Instituições de Pagamento;Conglomerado; ;MAREE IP (conglomerado);PIX - Diversos - instituição de pagamento;0;
2026;2º;Demais Bancos, Financeiras e Instituições de Pagamento;Conglomerado; ;MAREE IP (conglomerado);PIX - Iniciação - instituição de pagamento;6;
2026;2º;Demais Bancos, Financeiras e Instituições de Pagamento;Conglomerado; ;MAREE IP (conglomerado);Reclamações relacionadas a assuntos diversos envolvendo - instituição de pagamento;0;
2026;2º;Demais Bancos, Financeiras e Instituições de Pagamento;Conglomerado; ;MAREE IP (conglomerado);Recusa de produtos ou serviços - instituição de pagamento;0;
2026;2º;Demais Bancos, Financeiras e Instituições de Pagamento;Conglomerado; ;MAREE IP (conglomerado);Renegociação de dívida em instituição de pagamento;0;
2026;2º;Demais Bancos, Financeiras e Instituições de Pagamento;Conglomerado; ;MAREE IP (conglomerado);Restrições cadastrais por parte - instituição de pagamento;0;
2026;2º;Demais Bancos, Financeiras e Instituições de Pagamento;Conglomerado; ;MAREE IP (conglomerado);Terminais eletrônicos, internet e aplicativos - instituição de pagamento;0;
2026;2º;Demais Bancos, Financeiras e Instituições de Pagamento;Conglomerado; ;MAREE IP (conglomerado);Transações não reconhecidas pelo titular da conta, realizadas por terceiros (invasão de conta) - instituição de pagamento;2;
2026;2º;Demais Bancos, Financeiras e Instituições de Pagamento;Conglomerado; ;MAX IP (conglomerado);Bloqueio de valores ou de conta fora do âmbito do Pix - instituição de pagamento;0;
2026;2º;Demais Bancos, Financeiras e Instituições de Pagamento;Conglomerado; ;MAX IP (conglomerado);Irregularidades no processo de encerramento de conta de pagamento - instituição de pagamento;0;
2026;2º;Demais Bancos, Financeiras e Instituições de Pagamento;Conglomerado; ;MAX IP (conglomerado);Irregularidades relacionadas ao acompanhamento de conta de pagamento - instituição de pagamento;0;
2026;2º;Demais Bancos, Financeiras e Instituições de Pagamento;Conglomerado; ;MAX IP (conglomerado);Irregularidades relativas a integridade, confiabilidade, segurança, sigilo ou legitimidade das operações e serviços prestados relacionados a conta de pagamento pré-paga - instituição de pagamento;0;
2026;2º;Demais Bancos, Financeiras e Instituições de Pagamento;Conglomerado; ;MAX IP (conglomerado);Pix - Bloqueio ou devolução irregular de valores - instituição de pagamento;2;
2026;2º;Demais Bancos, Financeiras e Instituições de Pagamento;Conglomerado; ;MAX IP (conglomerado);Pix - Dificuldade para solicitar ou realizar devolução - instituição de pagamento;4;
2026;2º;Demais Bancos, Financeiras e Instituições de Pagamento;Conglomerado; ;MERCADO BITCOIN (conglomerado);Abertura de conta de pagamento sem documentação necessária ou com documentação falsa - instituição de pagamento;0;
2026;2º;Demais Bancos, Financeiras e Instituições de Pagamento;Conglomerado; ;MERCADO BITCOIN (conglomerado);Bloqueio de valores ou de conta fora do âmbito do Pix - instituição de pagamento;2;
2026;2º;Demais Bancos, Financeiras e Instituições de Pagamento;Conglomerado; ;MERCADO BITCOIN (conglomerado);Insatisfação com a resposta referente à reclamação registrada no BCB recebida - instituição de pagamento;0;
2026;2º;Demais Bancos, Financeiras e Instituições de Pagamento;Conglomerado; ;MERCADO BITCOIN (conglomerado);Insatisfação com o atendimento prestado pelo SAC ou Central de Relacionamento - instituição de pagamento;0;
2026;2º;Demais Bancos, Financeiras e Instituições de Pagamento;Conglomerado; ;MERCADO BITCOIN (conglomerado);Irregularidades relacionadas ao acompanhamento de conta de pagamento - instituição de pagamento;2;
2026;2º;Demais Bancos, Financeiras e Instituições de Pagamento;Conglomerado; ;MERCADO BITCOIN (conglomerado);Irregularidades relacionadas ao fornecimento de documentos por conta de pagamentos pré-paga - instituição de pagamento;0;
2026;2º;Demais Bancos, Financeiras e Instituições de Pagamento;Conglomerado; ;MERCADO BITCOIN (conglomerado);Irregularidades relativas a operações de crédito de saldo devedor de fatura de cartão de crédito (rotativo e parcelamento) e respectiva cobrança de encargos - instituições de pagamento;0;
2026;2º;Demais Bancos, Financeiras e Instituições de Pagamento;Conglomerado; ;MERCADO BITCOIN (conglomerado);Oferta ou prestação de informação a respeito de produtos e serviços de forma inadequada para conta de pagamento pré-paga - instituição de pagamento;0;
2026;2º;Demais Bancos, Financeiras e Instituições de Pagamento;Conglomerado; ;MERCADO BITCOIN (conglomerado);Pix - Bloqueio ou devolução irregular de valores - instituição de pagamento;3;
2026;2º;Demais Bancos, Financeiras e Instituições de Pagamento;Conglomerado; ;MERCADO BITCOIN (conglomerado);Pix - Dificuldade para solicitar ou realizar devolução - instituição de pagamento;0;
2026;2º;Demais Bancos, Financeiras e Instituições de Pagamento;Conglomerado; ;MERCADO BITCOIN (conglomerado);PIX - Chaves - instituição de pagamento;2;
2026;2º;Demais Bancos, Financeiras e Instituições de Pagamento;Conglomerado; ;MERCADO BITCOIN (conglomerado);Reclamações relacionadas a assuntos diversos envolvendo - instituição de pagamento;0;
2026;2º;Demais Bancos, Financeiras e Instituições de Pagamento;Conglomerado; ;MERCADO BITCOIN (conglomerado);Transações não reconhecidas pelo titular da conta, realizadas por terceiros (invasão de conta) - instituição de pagamento;0;
2026;2º;Top 15 - Bancos, Financeiras e Instituições de Pagamento;Conglomerado; ;MERCADO PAGO IP (conglomerado);Abertura de conta de pagamento sem documentação necessária ou com documentação falsa;18;
2026;2º;Top 15 - Bancos, Financeiras e Instituições de Pagamento;Conglomerado; ;MERCADO PAGO IP (conglomerado);Abertura de conta de pagamento sem documentação necessária ou com documentação falsa - instituição de pagamento;97;
2026;2º;Top 15 - Bancos, Financeiras e Instituições de Pagamento;Conglomerado; ;MERCADO PAGO IP (conglomerado);Ausência de informações sobre as regras de funcionamento nos contratos de cartões de crédito ou seu descumprimento;0;
2026;2º;Top 15 - Bancos, Financeiras e Instituições de Pagamento;Conglomerado; ;MERCADO PAGO IP (conglomerado);Ausência de informações sobre as regras de funcionamento nos contratos de cartões de crédito ou seu descumprimento - instituição de pagamento;0;
2026;2º;Top 15 - Bancos, Financeiras e Instituições de Pagamento;Conglomerado; ;MERCADO PAGO IP (conglomerado);Ausência de título adequado relativo a cartão de crédito;0;
2026;2º;Top 15 - Bancos, Financeiras e Instituições de Pagamento;Conglomerado; ;MERCADO PAGO IP (conglomerado);Bloqueio de valores ou de conta fora do âmbito do Pix;27;
2026;2º;Top 15 - Bancos, Financeiras e Instituições de Pagamento;Conglomerado; ;MERCADO PAGO IP (conglomerado);Bloqueio de valores ou de conta fora do âmbito do Pix - instituição de pagamento;230;
2026;2º;Top 15 - Bancos, Financeiras e Instituições de Pagamento;Conglomerado; ;MERCADO PAGO IP (conglomerado);Cancelamento de contrato a pedido do cliente de conta de pagamento pós-paga não atendido - instituição de pagamento;0;
2026;2º;Top 15 - Bancos, Financeiras e Instituições de Pagamento;Conglomerado; ;MERCADO PAGO IP (conglomerado);Cancelamento de contrato a pedido do cliente não atendido por instituição financeira;9;
2026;2º;Top 15 - Bancos, Financeiras e Instituições de Pagamento;Conglomerado; ;MERCADO PAGO IP (conglomerado);Cancelamento de contrato por iniciativa - instituição de pagamento;0;
2026;2º;Top 15 - Bancos, Financeiras e Instituições de Pagamento;Conglomerado; ;MERCADO PAGO IP (conglomerado);Cobrança irregular de tarifa em operação de crédito;0;
2026;2º;Top 15 - Bancos, Financeiras e Instituições de Pagamento;Conglomerado; ;MERCADO PAGO IP (conglomerado);Cobranças diversas;0;
2026;2º;Top 15 - Bancos, Financeiras e Instituições de Pagamento;Conglomerado; ;MERCADO PAGO IP (conglomerado);Cobranças diversas de IPs;0;
2026;2º;Top 15 - Bancos, Financeiras e Instituições de Pagamento;Conglomerado; ;MERCADO PAGO IP (conglomerado);Concessão de crédito (exceto consignado) sem a formalização do título adequado;9;
2026;2º;Top 15 - Bancos, Financeiras e Instituições de Pagamento;Conglomerado; ;MERCADO PAGO IP (conglomerado);Descumprimento de ordem judicial;0;
2026;2º;Top 15 - Bancos, Financeiras e Instituições de Pagamento;Conglomerado; ;MERCADO PAGO IP (conglomerado);Descumprimento de prazo de resposta da reclamação registrada no BCB;0;
2026;2º;Top 15 - Bancos, Financeiras e Instituições de Pagamento;Conglomerado; ;MERCADO PAGO IP (conglomerado);Débito em conta de pagamento pré-paga não autorizado pelo cliente, ou não cumprimento das regras aplicáveis;18;
2026;2º;Top 15 - Bancos, Financeiras e Instituições de Pagamento;Conglomerado; ;MERCADO PAGO IP (conglomerado);Débito em conta de pagamento pré-paga não autorizado pelo cliente, ou não cumprimento das regras aplicáveis - instituição de pagamento;115;
2026;2º;Top 15 - Bancos, Financeiras e Instituições de Pagamento;Conglomerado; ;MERCADO PAGO IP (conglomerado);Débito em conta não autorizado pelo cliente, ou não cumprimento das regras aplicáveis;80;
2026;2º;Top 15 - Bancos, Financeiras e Instituições de Pagamento;Conglomerado; ;MERCADO PAGO IP (conglomerado);Falta de transparência na redação de documentos;9;
2026;2º;Top 15 - Bancos, Financeiras e Instituições de Pagamento;Conglomerado; ;MERCADO PAGO IP (conglomerado);Falta de transparência na redação de documentos - instituição de pagamento;35;
2026;2º;Top 15 - Bancos, Financeiras e Instituições de Pagamento;Conglomerado; ;MERCADO PAGO IP (conglomerado);Golpe;0;
2026;2º;Top 15 - Bancos, Financeiras e Instituições de Pagamento;Conglomerado; ;MERCADO PAGO IP (conglomerado);Inclusão de dados incorretos no CCS (Cadastro de Clientes do Sistema Financeiro Nacional);9;
2026;2º;Top 15 - Bancos, Financeiras e Instituições de Pagamento;Conglomerado; ;MERCADO PAGO IP (conglomerado);Inclusão de dados incorretos no CCS (Cadastro de Clientes do Sistema Financeiro Nacional) - instituição de pagamento;27;
2026;2º;Top 15 - Bancos, Financeiras e Instituições de Pagamento;Conglomerado; ;MERCADO PAGO IP (conglomerado);Insatisfação com a resposta recebida da instituição financeira referente à reclamação registrada no BCB;35;
2026;2º;Top 15 - Bancos, Financeiras e Instituições de Pagamento;Conglomerado; ;MERCADO PAGO IP (conglomerado);Insatisfação com a resposta referente à reclamação registrada no BCB recebida - instituição de pagamento;0;
2026;2º;Top 15 - Bancos, Financeiras e Instituições de Pagamento;Conglomerado; ;MERCADO PAGO IP (conglomerado);Insatisfação com o atendimento prestado pelo SAC ou Central de Relacionamento;35;
2026;2º;Top 15 - Bancos, Financeiras e Instituições de Pagamento;Conglomerado; ;MERCADO PAGO IP (conglomerado);Insatisfação com o atendimento prestado pelo SAC ou Central de Relacionamento - instituição de pagamento;133;
2026;2º;Top 15 - Bancos, Financeiras e Instituições de Pagamento;Conglomerado; ;MERCADO PAGO IP (conglomerado);Integridade, confiabilidade, segurança, sigilo e legitimidade das operações e serviços  - conta de pagamento pré-paga;18;
2026;2º;Top 15 - Bancos, Financeiras e Instituições de Pagamento;Conglomerado; ;MERCADO PAGO IP (conglomerado);Irregularidade na portabilidade salarial para contas de pagamento pré-pagas - instituição de pagamento;0;
2026;2º;Top 15 - Bancos, Financeiras e Instituições de Pagamento;Conglomerado; ;MERCADO PAGO IP (conglomerado);Irregularidade relacionada à prestação de serviços de Ativos Virtuais por Instituições Financeiras.;0;
2026;2º;Top 15 - Bancos, Financeiras e Instituições de Pagamento;Conglomerado; ;MERCADO PAGO IP (conglomerado);Irregularidades no processo de encerramento de conta de depósitos à vista;18;
2026;2º;Top 15 - Bancos, Financeiras e Instituições de Pagamento;Conglomerado; ;MERCADO PAGO IP (conglomerado);Irregularidades no processo de encerramento de conta de pagamento;0;
2026;2º;Top 15 - Bancos, Financeiras e Instituições de Pagamento;Conglomerado; ;MERCADO PAGO IP (conglomerado);Irregularidades no processo de encerramento de conta de pagamento - instituição de pagamento;97;
2026;2º;Top 15 - Bancos, Financeiras e Instituições de Pagamento;Conglomerado; ;MERCADO PAGO IP (conglomerado);Irregularidades relacionadas ao acompanhamento de conta;53;
2026;2º;Top 15 - Bancos, Financeiras e Instituições de Pagamento;Conglomerado; ;MERCADO PAGO IP (conglomerado);Irregularidades relacionadas ao acompanhamento de conta de pagamento;44;
2026;2º;Top 15 - Bancos, Financeiras e Instituições de Pagamento;Conglomerado; ;MERCADO PAGO IP (conglomerado);Irregularidades relacionadas ao acompanhamento de conta de pagamento - instituição de pagamento;257;
2026;2º;Top 15 - Bancos, Financeiras e Instituições de Pagamento;Conglomerado; ;MERCADO PAGO IP (conglomerado);Irregularidades relacionadas ao fornecimento de documento para liquidação antecipada de operações de crédito;9;
2026;2º;Top 15 - Bancos, Financeiras e Instituições de Pagamento;Conglomerado; ;MERCADO PAGO IP (conglomerado);Irregularidades relacionadas ao fornecimento de documentos por conta de pagamentos pós-paga - instituição de pagamento;9;
2026;2º;Top 15 - Bancos, Financeiras e Instituições de Pagamento;Conglomerado; ;MERCADO PAGO IP (conglomerado);Irregularidades relacionadas ao fornecimento de documentos por conta de pagamentos pré-paga - instituição de pagamento;27;
2026;2º;Top 15 - Bancos, Financeiras e Instituições de Pagamento;Conglomerado; ;MERCADO PAGO IP (conglomerado);Irregularidades relacionadas ao fornecimento de documentos relativos a cartão de crédito;0;
2026;2º;Top 15 - Bancos, Financeiras e Instituições de Pagamento;Conglomerado; ;MERCADO PAGO IP (conglomerado);Irregularidades relacionadas ao fornecimento de documentos relativos a conta;0;
2026;2º;Top 15 - Bancos, Financeiras e Instituições de Pagamento;Conglomerado; ;MERCADO PAGO IP (conglomerado);Irregularidades relacionadas ao fornecimento de documentos relativos a operação de crédito, exceto para liquidação antecipada e descritivo do crédito.;0;
2026;2º;Top 15 - Bancos, Financeiras e Instituições de Pagamento;Conglomerado; ;MERCADO PAGO IP (conglomerado);Irregularidades relacionadas ao fornecimento de informações relativas a operação de crédito contratada (DDC);9;
2026;2º;Top 15 - Bancos, Financeiras e Instituições de Pagamento;Conglomerado; ;MERCADO PAGO IP (conglomerado);Irregularidades relacionadas ao fornecimento de outros documentos, exceto os relativos a cartão de crédito, conta e operação de crédito;0;
2026;2º;Top 15 - Bancos, Financeiras e Instituições de Pagamento;Conglomerado; ;MERCADO PAGO IP (conglomerado);Irregularidades relacionadas ao Sistema de Informações de Crédito do Banco Central (SCR);18;
2026;2º;Top 15 - Bancos, Financeiras e Instituições de Pagamento;Conglomerado; ;MERCADO PAGO IP (conglomerado);Irregularidades relacionadas ao Sistema de Informações de Crédito do Banco Central (SCR) - instituição de pagamento;9;
2026;2º;Top 15 - Bancos, Financeiras e Instituições de Pagamento;Conglomerado; ;MERCADO PAGO IP (conglomerado);Irregularidades relacionadas à liquidação de documentos (exceto cheques);0;
2026;2º;Top 15 - Bancos, Financeiras e Instituições de Pagamento;Conglomerado; ;MERCADO PAGO IP (conglomerado);Irregularidades relacionadas à liquidação de documentos (exceto cheques) - instituição de pagamento;9;
2026;2º;Top 15 - Bancos, Financeiras e Instituições de Pagamento;Conglomerado; ;MERCADO PAGO IP (conglomerado);Irregularidades relativas a integridade, confiabilidade, segurança, sigilo ou legitimidade das operações e serviços disponibilizados em internet banking;27;
2026;2º;Top 15 - Bancos, Financeiras e Instituições de Pagamento;Conglomerado; ;MERCADO PAGO IP (conglomerado);Irregularidades relativas a integridade, confiabilidade, segurança, sigilo ou legitimidade das operações e serviços prestados relacionados a conta de pagamento pós-paga - instituição de pagamento;337;
2026;2º;Top 15 - Bancos, Financeiras e Instituições de Pagamento;Conglomerado; ;MERCADO PAGO IP (conglomerado);Irregularidades relativas a integridade, confiabilidade, segurança, sigilo ou legitimidade das operações e serviços prestados relacionados a conta de pagamento pré-paga - instituição de pagamento;337;
2026;2º;Top 15 - Bancos, Financeiras e Instituições de Pagamento;Conglomerado; ;MERCADO PAGO IP (conglomerado);Irregularidades relativas a integridade, confiabilidade, segurança, sigilo ou legitimidade das operações e serviços relacionados a cartões de crédito;133;
2026;2º;Top 15 - Bancos, Financeiras e Instituições de Pagamento;Conglomerado; ;MERCADO PAGO IP (conglomerado);Irregularidades relativas a integridade, confiabilidade, segurança, sigilo ou legitimidade das operações e serviços relacionados a cartões de débito;18;
2026;2º;Top 15 - Bancos, Financeiras e Instituições de Pagamento;Conglomerado; ;MERCADO PAGO IP (conglomerado);Irregularidades relativas a integridade, confiabilidade, segurança, sigilo ou legitimidade das operações e serviços, exceto as relacionadas a cartão de crédito, cartão de débito, internet banking, ATM, credenciadora e operação de crédito;62;
2026;2º;Top 15 - Bancos, Financeiras e Instituições de Pagamento;Conglomerado; ;MERCADO PAGO IP (conglomerado);Irregularidades relativas a integridade, confiabilidade, segurança, sigilo ou legitimidade dos serviços relacionados a operações de crédito, exceto consignado;62;
2026;2º;Top 15 - Bancos, Financeiras e Instituições de Pagamento;Conglomerado; ;MERCADO PAGO IP (conglomerado);Irregularidades relativas a operações de crédito de saldo devedor de fatura de cartão de crédito (rotativo e parcelamento) e respectiva cobrança de encargos;27;
2026;2º;Top 15 - Bancos, Financeiras e Instituições de Pagamento;Conglomerado; ;MERCADO PAGO IP (conglomerado);Irregularidades relativas a operações de crédito de saldo devedor de fatura de cartão de crédito (rotativo e parcelamento) e respectiva cobrança de encargos - instituições de pagamento;18;
2026;2º;Top 15 - Bancos, Financeiras e Instituições de Pagamento;Conglomerado; ;MERCADO PAGO IP (conglomerado);Irregularidades relativas à proposta de operação de crédito no Open Banking por instituições financeiras ;9;
2026;2º;Top 15 - Bancos, Financeiras e Instituições de Pagamento;Conglomerado; ;MERCADO PAGO IP (conglomerado);Juros e preços;0;
2026;2º;Top 15 - Bancos, Financeiras e Instituições de Pagamento;Conglomerado; ;MERCADO PAGO IP (conglomerado);Limites de transação;0;
2026;2º;Top 15 - Bancos, Financeiras e Instituições de Pagamento;Conglomerado; ;MERCADO PAGO IP (conglomerado);Limites de transação - instituição de pagamento;35;
2026;2º;Top 15 - Bancos, Financeiras e Instituições de Pagamento;Conglomerado; ;MERCADO PAGO IP (conglomerado);Não acatamento de solicitação de cancelamento de débitos automáticos em conta de pagamento pré-paga ou não cumprimento das regras aplicáveis - instituição de pagamento;0;
2026;2º;Top 15 - Bancos, Financeiras e Instituições de Pagamento;Conglomerado; ;MERCADO PAGO IP (conglomerado);Não acatamento de solicitação de cancelamento de débitos automáticos em conta de pagamento pré-paga, ou não cumprimento das regras aplicáveis;18;
2026;2º;Top 15 - Bancos, Financeiras e Instituições de Pagamento;Conglomerado; ;MERCADO PAGO IP (conglomerado);Não acatamento de solicitação de cancelamento de débitos automáticos em conta ou não cumprimento das regras aplicáveis;0;
2026;2º;Top 15 - Bancos, Financeiras e Instituições de Pagamento;Conglomerado; ;MERCADO PAGO IP (conglomerado);Oferta ou prestação de informação a respeito de produtos e serviços de forma inadequada para conta de pagamento pós-paga - instituição de pagamento;27;
2026;2º;Top 15 - Bancos, Financeiras e Instituições de Pagamento;Conglomerado; ;MERCADO PAGO IP (conglomerado);Oferta ou prestação de informação a respeito de produtos e serviços de forma inadequada para conta de pagamento pré-paga - instituição de pagamento;53;
2026;2º;Top 15 - Bancos, Financeiras e Instituições de Pagamento;Conglomerado; ;MERCADO PAGO IP (conglomerado);Oferta ou prestação de informação sobre a conta ou serviços acessórios de forma inadequada ;0;
2026;2º;Top 15 - Bancos, Financeiras e Instituições de Pagamento;Conglomerado; ;MERCADO PAGO IP (conglomerado);Oferta ou prestação de informação sobre o cartão de crédito de forma inadequada ;9;
2026;2º;Top 15 - Bancos, Financeiras e Instituições de Pagamento;Conglomerado; ;MERCADO PAGO IP (conglomerado);Oferta ou prestação de informação sobre operação de crédito de forma inadequada, exceto crédito consignado;62;
2026;2º;Top 15 - Bancos, Financeiras e Instituições de Pagamento;Conglomerado; ;MERCADO PAGO IP (conglomerado);Oferta ou prestação de informação sobre produtos e serviços de forma inadequada, exceto as relacionadas a cartão de crédito, conta e serviços acessórios, credenciadora de cartão e operação de crédito;9;
2026;2º;Top 15 - Bancos, Financeiras e Instituições de Pagamento;Conglomerado; ;MERCADO PAGO IP (conglomerado);Outras irregularidades ;0;
2026;2º;Top 15 - Bancos, Financeiras e Instituições de Pagamento;Conglomerado; ;MERCADO PAGO IP (conglomerado);Outras irregularidades relacionadas a cartões de crédito - instituição de pagamento;0;
2026;2º;Top 15 - Bancos, Financeiras e Instituições de Pagamento;Conglomerado; ;MERCADO PAGO IP (conglomerado);Outros assuntos não regulados relacionados a cartão de crédito;0;
2026;2º;Top 15 - Bancos, Financeiras e Instituições de Pagamento;Conglomerado; ;MERCADO PAGO IP (conglomerado);Outros assuntos não regulados relacionados a cartão de crédito - instituição de pagamento;0;
2026;2º;Top 15 - Bancos, Financeiras e Instituições de Pagamento;Conglomerado; ;MERCADO PAGO IP (conglomerado);Pix  - chaves;0;
2026;2º;Top 15 - Bancos, Financeiras e Instituições de Pagamento;Conglomerado; ;MERCADO PAGO IP (conglomerado);Pix - Bloqueio ou devolução de valores;9;
2026;2º;Top 15 - Bancos, Financeiras e Instituições de Pagamento;Conglomerado; ;MERCADO PAGO IP (conglomerado);Pix - Bloqueio ou devolução irregular de valores - instituição de pagamento;27;
2026;2º;Top 15 - Bancos, Financeiras e Instituições de Pagamento;Conglomerado; ;MERCADO PAGO IP (conglomerado);Pix - diversos;0;
2026;2º;Top 15 - Bancos, Financeiras e Instituições de Pagamento;Conglomerado; ;MERCADO PAGO IP (conglomerado);Pix - Dificuldade para solicitar ou realizar devolução;35;
2026;2º;Top 15 - Bancos, Financeiras e Instituições de Pagamento;Conglomerado; ;MERCADO PAGO IP (conglomerado);Pix - Dificuldade para solicitar ou realizar devolução - instituição de pagamento;9;
2026;2º;Top 15 - Bancos, Financeiras e Instituições de Pagamento;Conglomerado; ;MERCADO PAGO IP (conglomerado);Pix - experiência do usuário - instituição de pagamento;0;
2026;2º;Top 15 - Bancos, Financeiras e Instituições de Pagamento;Conglomerado; ;MERCADO PAGO IP (conglomerado);Pix - iniciação;9;
2026;2º;Top 15 - Bancos, Financeiras e Instituições de Pagamento;Conglomerado; ;MERCADO PAGO IP (conglomerado);Pix - liquidação;0;
2026;2º;Top 15 - Bancos, Financeiras e Instituições de Pagamento;Conglomerado; ;MERCADO PAGO IP (conglomerado);Pix - liquidação - instituição de pagamento;35;
2026;2º;Top 15 - Bancos, Financeiras e Instituições de Pagamento;Conglomerado; ;MERCADO PAGO IP (conglomerado);Pix - outros - instituição de pagamento;0;
2026;2º;Top 15 - Bancos, Financeiras e Instituições de Pagamento;Conglomerado; ;MERCADO PAGO IP (conglomerado);PIX - Chaves - instituição de pagamento;35;
2026;2º;Top 15 - Bancos, Financeiras e Instituições de Pagamento;Conglomerado; ;MERCADO PAGO IP (conglomerado);PIX - Diversos - instituição de pagamento;0;
2026;2º;Top 15 - Bancos, Financeiras e Instituições de Pagamento;Conglomerado; ;MERCADO PAGO IP (conglomerado);PIX - Iniciação - instituição de pagamento;9;
2026;2º;Top 15 - Bancos, Financeiras e Instituições de Pagamento;Conglomerado; ;MERCADO PAGO IP (conglomerado);Reclamações relacionadas a assuntos diversos;0;
2026;2º;Top 15 - Bancos, Financeiras e Instituições de Pagamento;Conglomerado; ;MERCADO PAGO IP (conglomerado);Reclamações relacionadas a assuntos diversos envolvendo - instituição de pagamento;0;
2026;2º;Top 15 - Bancos, Financeiras e Instituições de Pagamento;Conglomerado; ;MERCADO PAGO IP (conglomerado);Recusa de produtos ou serviços;0;
2026;2º;Top 15 - Bancos, Financeiras e Instituições de Pagamento;Conglomerado; ;MERCADO PAGO IP (conglomerado);Recusa de produtos ou serviços - instituição de pagamento;0;
2026;2º;Top 15 - Bancos, Financeiras e Instituições de Pagamento;Conglomerado; ;MERCADO PAGO IP (conglomerado);Renegociação de dívida (exceto cartão de crédito);0;
2026;2º;Top 15 - Bancos, Financeiras e Instituições de Pagamento;Conglomerado; ;MERCADO PAGO IP (conglomerado);Renegociação de dívida em instituição de pagamento;0;
2026;2º;Top 15 - Bancos, Financeiras e Instituições de Pagamento;Conglomerado; ;MERCADO PAGO IP (conglomerado);Restrições cadastrais;0;
2026;2º;Top 15 - Bancos, Financeiras e Instituições de Pagamento;Conglomerado; ;MERCADO PAGO IP (conglomerado);Restrições cadastrais por parte - instituição de pagamento;0;
2026;2º;Top 15 - Bancos, Financeiras e Instituições de Pagamento;Conglomerado; ;MERCADO PAGO IP (conglomerado);Transações não reconhecidas pelo titular da conta, realizadas por terceiros (invasão de conta) - instituição de pagamento;133;
2026;2º;Top 15 - Bancos, Financeiras e Instituições de Pagamento;Conglomerado; ;MERCADO PAGO IP (conglomerado);Transações não reconhecidas pelo titular da conta, realizadas por terceiros (invasão de conta) em instituições financeiras;44;
2026;2º;Top 15 - Bancos, Financeiras e Instituições de Pagamento;Conglomerado; ;MERCADO PAGO IP (conglomerado);Utilização incorreta da taxa de desconto no cálculo do valor presente relacionadas às demais operações de crédito, exceto as de crédito consignado e de financiamento imobiliário;0;
2026;2º;Demais Bancos, Financeiras e Instituições de Pagamento;Conglomerado; ;MERCANTIL DO BRASIL (conglomerado);Abertura de conta de depósito com documentação ausente, insuficiente ou falsa;11;
2026;2º;Demais Bancos, Financeiras e Instituições de Pagamento;Conglomerado; ;MERCANTIL DO BRASIL (conglomerado);Ausência de título adequado relativo a cartão de crédito consignado;6;
2026;2º;Demais Bancos, Financeiras e Instituições de Pagamento;Conglomerado; ;MERCANTIL DO BRASIL (conglomerado);Bloqueio de valores ou de conta fora do âmbito do Pix;17;
2026;2º;Demais Bancos, Financeiras e Instituições de Pagamento;Conglomerado; ;MERCANTIL DO BRASIL (conglomerado);Cancelamento de contrato a pedido do cliente não atendido por instituição financeira;11;
2026;2º;Demais Bancos, Financeiras e Instituições de Pagamento;Conglomerado; ;MERCANTIL DO BRASIL (conglomerado);Cobrança irregular de tarifa relacionada a conta ou serviços acessórios à conta;17;
2026;2º;Demais Bancos, Financeiras e Instituições de Pagamento;Conglomerado; ;MERCANTIL DO BRASIL (conglomerado);Cobranças diversas;0;
2026;2º;Demais Bancos, Financeiras e Instituições de Pagamento;Conglomerado; ;MERCANTIL DO BRASIL (conglomerado);Concessão de crédito (exceto consignado) sem a formalização do título adequado;22;
2026;2º;Demais Bancos, Financeiras e Instituições de Pagamento;Conglomerado; ;MERCANTIL DO BRASIL (conglomerado);Concessão de crédito consignado sem a formalização do título adequado;22;
2026;2º;Demais Bancos, Financeiras e Instituições de Pagamento;Conglomerado; ;MERCANTIL DO BRASIL (conglomerado);Crédito consignado;0;
2026;2º;Demais Bancos, Financeiras e Instituições de Pagamento;Conglomerado; ;MERCANTIL DO BRASIL (conglomerado);Descumprimento de ordem judicial;0;
2026;2º;Demais Bancos, Financeiras e Instituições de Pagamento;Conglomerado; ;MERCANTIL DO BRASIL (conglomerado);Descumprimento de prazo de resposta da reclamação registrada no BCB;17;
2026;2º;Demais Bancos, Financeiras e Instituições de Pagamento;Conglomerado; ;MERCANTIL DO BRASIL (conglomerado);Débito em conta não autorizado pelo cliente, ou não cumprimento das regras aplicáveis;55;
2026;2º;Demais Bancos, Financeiras e Instituições de Pagamento;Conglomerado; ;MERCANTIL DO BRASIL (conglomerado);Débito em conta-salário não autorizado pelo cliente, ou não cumprimento das regras aplicáveis;0;
2026;2º;Demais Bancos, Financeiras e Instituições de Pagamento;Conglomerado; ;MERCANTIL DO BRASIL (conglomerado);Insatisfação com a resposta recebida da instituição financeira referente à reclamação registrada no BCB;6;
2026;2º;Demais Bancos, Financeiras e Instituições de Pagamento;Conglomerado; ;MERCANTIL DO BRASIL (conglomerado);Insatisfação com o atendimento prestado pelo SAC ou Central de Relacionamento;72;
2026;2º;Demais Bancos, Financeiras e Instituições de Pagamento;Conglomerado; ;MERCANTIL DO BRASIL (conglomerado);Irregularidades no processo de encerramento de conta de depósitos à vista;6;
2026;2º;Demais Bancos, Financeiras e Instituições de Pagamento;Conglomerado; ;MERCANTIL DO BRASIL (conglomerado);Irregularidades relacionadas a informações e liquidação de valores a receber no sistema SVR do BCB por parte de instituições financeiras;11;
2026;2º;Demais Bancos, Financeiras e Instituições de Pagamento;Conglomerado; ;MERCANTIL DO BRASIL (conglomerado);Irregularidades relacionadas ao acompanhamento de conta;0;
2026;2º;Demais Bancos, Financeiras e Instituições de Pagamento;Conglomerado; ;MERCANTIL DO BRASIL (conglomerado);Irregularidades relacionadas ao Custo Efetivo Total (CET) de operação de crédito;0;
2026;2º;Demais Bancos, Financeiras e Instituições de Pagamento;Conglomerado; ;MERCANTIL DO BRASIL (conglomerado);Irregularidades relacionadas ao fornecimento de documento para liquidação antecipada de operações de crédito;11;
2026;2º;Demais Bancos, Financeiras e Instituições de Pagamento;Conglomerado; ;MERCANTIL DO BRASIL (conglomerado);Irregularidades relacionadas ao fornecimento de documentos relativos a cartão de crédito;6;
2026;2º;Demais Bancos, Financeiras e Instituições de Pagamento;Conglomerado; ;MERCANTIL DO BRASIL (conglomerado);Irregularidades relacionadas ao fornecimento de documentos relativos a conta;6;
2026;2º;Demais Bancos, Financeiras e Instituições de Pagamento;Conglomerado; ;MERCANTIL DO BRASIL (conglomerado);Irregularidades relacionadas ao fornecimento de documentos relativos a operação de crédito, exceto para liquidação antecipada e descritivo do crédito.;17;
2026;2º;Demais Bancos, Financeiras e Instituições de Pagamento;Conglomerado; ;MERCANTIL DO BRASIL (conglomerado);Irregularidades relacionadas ao fornecimento de informações relativas a operação de crédito contratada (DDC);17;
2026;2º;Demais Bancos, Financeiras e Instituições de Pagamento;Conglomerado; ;MERCANTIL DO BRASIL (conglomerado);Irregularidades relacionadas ao fornecimento de outros documentos, exceto os relativos a cartão de crédito, conta e operação de crédito;0;
2026;2º;Demais Bancos, Financeiras e Instituições de Pagamento;Conglomerado; ;MERCANTIL DO BRASIL (conglomerado);Irregularidades relacionadas ao Sistema de Informações de Crédito do Banco Central (SCR);0;
2026;2º;Demais Bancos, Financeiras e Instituições de Pagamento;Conglomerado; ;MERCANTIL DO BRASIL (conglomerado);Irregularidades relativas a integridade, confiabilidade, segurança, sigilo ou legitimidade das operações e serviços relacionados a cartões de crédito;50;
2026;2º;Demais Bancos, Financeiras e Instituições de Pagamento;Conglomerado; ;MERCANTIL DO BRASIL (conglomerado);Irregularidades relativas a integridade, confiabilidade, segurança, sigilo ou legitimidade das operações e serviços relacionados a cartões de débito;6;
2026;2º;Demais Bancos, Financeiras e Instituições de Pagamento;Conglomerado; ;MERCANTIL DO BRASIL (conglomerado);Irregularidades relativas a integridade, confiabilidade, segurança, sigilo ou legitimidade das operações e serviços, exceto as relacionadas a cartão de crédito, cartão de débito, internet banking, ATM, credenciadora e operação de crédito;83;
2026;2º;Demais Bancos, Financeiras e Instituições de Pagamento;Conglomerado; ;MERCANTIL DO BRASIL (conglomerado);Irregularidades relativas a integridade, confiabilidade, segurança, sigilo ou legitimidade dos serviços relacionados a operações de crédito consignado;189;
2026;2º;Demais Bancos, Financeiras e Instituições de Pagamento;Conglomerado; ;MERCANTIL DO BRASIL (conglomerado);Irregularidades relativas a integridade, confiabilidade, segurança, sigilo ou legitimidade dos serviços relacionados a operações de crédito, exceto consignado;61;
2026;2º;Demais Bancos, Financeiras e Instituições de Pagamento;Conglomerado; ;MERCANTIL DO BRASIL (conglomerado);Irregularidades relativas a operações de crédito de saldo devedor de fatura de cartão de crédito (rotativo e parcelamento) e respectiva cobrança de encargos;0;
2026;2º;Demais Bancos, Financeiras e Instituições de Pagamento;Conglomerado; ;MERCANTIL DO BRASIL (conglomerado);Irregularidades relativas a telemarketing, SMS ou Whatsapp com oferta de produtos e serviços;0;
2026;2º;Demais Bancos, Financeiras e Instituições de Pagamento;Conglomerado; ;MERCANTIL DO BRASIL (conglomerado);Juros e preços;0;
2026;2º;Demais Bancos, Financeiras e Instituições de Pagamento;Conglomerado; ;MERCANTIL DO BRASIL (conglomerado);Não acatamento de solicitação de cancelamento de débitos automáticos em conta de pagamento pré-paga, ou não cumprimento das regras aplicáveis;6;
2026;2º;Demais Bancos, Financeiras e Instituições de Pagamento;Conglomerado; ;MERCANTIL DO BRASIL (conglomerado);Não acatamento de solicitação de cancelamento de débitos automáticos em conta ou não cumprimento das regras aplicáveis;122;
2026;2º;Demais Bancos, Financeiras e Instituições de Pagamento;Conglomerado; ;MERCANTIL DO BRASIL (conglomerado);Não acatamento de solicitação de cancelamento de débitos automáticos em conta-salário ou não cumprimento das regras aplicáveis;0;
2026;2º;Demais Bancos, Financeiras e Instituições de Pagamento;Conglomerado; ;MERCANTIL DO BRASIL (conglomerado);Oferta ou prestação de informação sobre a conta ou serviços acessórios de forma inadequada ;616;
2026;2º;Demais Bancos, Financeiras e Instituições de Pagamento;Conglomerado; ;MERCANTIL DO BRASIL (conglomerado);Oferta ou prestação de informação sobre crédito consignado de forma inadequada;67;
2026;2º;Demais Bancos, Financeiras e Instituições de Pagamento;Conglomerado; ;MERCANTIL DO BRASIL (conglomerado);Oferta ou prestação de informação sobre o cartão de crédito de forma inadequada ;6;
2026;2º;Demais Bancos, Financeiras e Instituições de Pagamento;Conglomerado; ;MERCANTIL DO BRASIL (conglomerado);Oferta ou prestação de informação sobre operação de crédito de forma inadequada, exceto crédito consignado;55;
2026;2º;Demais Bancos, Financeiras e Instituições de Pagamento;Conglomerado; ;MERCANTIL DO BRASIL (conglomerado);Oferta ou prestação de informação sobre produtos e serviços de forma inadequada, exceto as relacionadas a cartão de crédito, conta e serviços acessórios, credenciadora de cartão e operação de crédito;172;
2026;2º;Demais Bancos, Financeiras e Instituições de Pagamento;Conglomerado; ;MERCANTIL DO BRASIL (conglomerado);Outras irregularidades relacionadas a cheques;0;
2026;2º;Demais Bancos, Financeiras e Instituições de Pagamento;Conglomerado; ;MERCANTIL DO BRASIL (conglomerado);Outras irregularidades relacionadas à portabilidade de operações de crédito de pessoa natural;0;
2026;2º;Demais Bancos, Financeiras e Instituições de Pagamento;Conglomerado; ;MERCANTIL DO BRASIL (conglomerado);Outros assuntos não regulados relacionados a cartão de crédito;0;
2026;2º;Demais Bancos, Financeiras e Instituições de Pagamento;Conglomerado; ;MERCANTIL DO BRASIL (conglomerado);Pix  - chaves;6;
2026;2º;Demais Bancos, Financeiras e Instituições de Pagamento;Conglomerado; ;MERCANTIL DO BRASIL (conglomerado);Pix - Bloqueio ou devolução de valores;0;
2026;2º;Demais Bancos, Financeiras e Instituições de Pagamento;Conglomerado; ;MERCANTIL DO BRASIL (conglomerado);Pix - diversos;0;
2026;2º;Demais Bancos, Financeiras e Instituições de Pagamento;Conglomerado; ;MERCANTIL DO BRASIL (conglomerado);Pix - Dificuldade para solicitar ou realizar devolução;0;
2026;2º;Demais Bancos, Financeiras e Instituições de Pagamento;Conglomerado; ;MERCANTIL DO BRASIL (conglomerado);Pix - iniciação;6;
2026;2º;Demais Bancos, Financeiras e Instituições de Pagamento;Conglomerado; ;MERCANTIL DO BRASIL (conglomerado);Pix - liquidação;6;
2026;2º;Demais Bancos, Financeiras e Instituições de Pagamento;Conglomerado; ;MERCANTIL DO BRASIL (conglomerado);Prestação de serviço de forma irregular em conta-salário;11;
2026;2º;Demais Bancos, Financeiras e Instituições de Pagamento;Conglomerado; ;MERCANTIL DO BRASIL (conglomerado);Reclamações relacionadas a assuntos diversos;0;
2026;2º;Demais Bancos, Financeiras e Instituições de Pagamento;Conglomerado; ;MERCANTIL DO BRASIL (conglomerado);Recusa de produtos ou serviços;0;
2026;2º;Demais Bancos, Financeiras e Instituições de Pagamento;Conglomerado; ;MERCANTIL DO BRASIL (conglomerado);Renegociação de dívida (exceto cartão de crédito);0;
2026;2º;Demais Bancos, Financeiras e Instituições de Pagamento;Conglomerado; ;MERCANTIL DO BRASIL (conglomerado);Restrição à realização de portabilidade de operações de crédito consignado relativas a pessoas naturais;17;
2026;2º;Demais Bancos, Financeiras e Instituições de Pagamento;Conglomerado; ;MERCANTIL DO BRASIL (conglomerado);Restrições cadastrais;0;
2026;2º;Demais Bancos, Financeiras e Instituições de Pagamento;Conglomerado; ;MERCANTIL DO BRASIL (conglomerado);Transações não reconhecidas pelo titular da conta, realizadas por terceiros (invasão de conta) em instituições financeiras;11;
2026;2º;Demais Bancos, Financeiras e Instituições de Pagamento;Conglomerado; ;MERCANTIL DO BRASIL (conglomerado);Utilização incorreta da taxa de desconto no cálculo do valor presente relacionadas às demais operações de crédito, exceto as de crédito consignado e de financiamento imobiliário;0;
2026;2º;Demais Bancos, Financeiras e Instituições de Pagamento;Conglomerado; ;MERCANTIL DO BRASIL (conglomerado);Utilização incorreta da taxa de desconto no cálculo do valor presente relacionadas às operações de crédito consignado;6;
2026;2º;Demais Bancos, Financeiras e Instituições de Pagamento;Conglomerado; ;MERCEDES-BENZ (conglomerado);Cobrança irregular de tarifa em operação de crédito;0;
2026;2º;Demais Bancos, Financeiras e Instituições de Pagamento;Conglomerado; ;MERCEDES-BENZ (conglomerado);Irregularidades relacionadas ao fornecimento de informações relativas a operação de crédito contratada (DDC);2;
2026;2º;Demais Bancos, Financeiras e Instituições de Pagamento;Conglomerado; ;MERCEDES-BENZ (conglomerado);Irregularidades relacionadas ao Sistema de Informações de Crédito do Banco Central (SCR);0;
2026;2º;Demais Bancos, Financeiras e Instituições de Pagamento;Conglomerado; ;MERCEDES-BENZ (conglomerado);Irregularidades relativas a integridade, confiabilidade, segurança, sigilo ou legitimidade dos serviços relacionados a operações de crédito, exceto consignado;2;
2026;2º;Demais Bancos, Financeiras e Instituições de Pagamento;Conglomerado; ;MERCEDES-BENZ (conglomerado);Oferta ou prestação de informação sobre produtos e serviços de forma inadequada, exceto as relacionadas a cartão de crédito, conta e serviços acessórios, credenciadora de cartão e operação de crédito;0;
2026;2º;Demais Bancos, Financeiras e Instituições de Pagamento;Conglomerado; ;MÊNTORE IP (conglomerado);Abertura de conta de pagamento sem documentação necessária ou com documentação falsa - instituição de pagamento;5;
2026;2º;Demais Bancos, Financeiras e Instituições de Pagamento;Conglomerado; ;MÊNTORE IP (conglomerado);Bloqueio de valores ou de conta fora do âmbito do Pix - instituição de pagamento;0;
2026;2º;Demais Bancos, Financeiras e Instituições de Pagamento;Conglomerado; ;MÊNTORE IP (conglomerado);Cancelamento de contrato a pedido do cliente de conta de pagamento pré-paga não atendido - instituição de pagamento;7;
2026;2º;Demais Bancos, Financeiras e Instituições de Pagamento;Conglomerado; ;MÊNTORE IP (conglomerado);Cobrança irregular de tarifa em conta de pagamento pós-paga - instituição de pagamento;2;
2026;2º;Demais Bancos, Financeiras e Instituições de Pagamento;Conglomerado; ;MÊNTORE IP (conglomerado);Cobrança irregular de tarifa em conta de pagamento pré-paga - instituição de pagamento;46;
2026;2º;Demais Bancos, Financeiras e Instituições de Pagamento;Conglomerado; ;MÊNTORE IP (conglomerado);Débito em conta de pagamento pré-paga não autorizado pelo cliente, ou não cumprimento das regras aplicáveis - instituição de pagamento;19;
2026;2º;Demais Bancos, Financeiras e Instituições de Pagamento;Conglomerado; ;MÊNTORE IP (conglomerado);Falta de transparência na redação de documentos - instituição de pagamento;40;
2026;2º;Demais Bancos, Financeiras e Instituições de Pagamento;Conglomerado; ;MÊNTORE IP (conglomerado);Inclusão de dados incorretos no CCS (Cadastro de Clientes do Sistema Financeiro Nacional) - instituição de pagamento;5;
2026;2º;Demais Bancos, Financeiras e Instituições de Pagamento;Conglomerado; ;MÊNTORE IP (conglomerado);Insatisfação com a resposta referente à reclamação registrada no BCB recebida - instituição de pagamento;4;
2026;2º;Demais Bancos, Financeiras e Instituições de Pagamento;Conglomerado; ;MÊNTORE IP (conglomerado);Insatisfação com o atendimento prestado pelo SAC ou Central de Relacionamento - instituição de pagamento;11;
2026;2º;Demais Bancos, Financeiras e Instituições de Pagamento;Conglomerado; ;MÊNTORE IP (conglomerado);Irregularidade na portabilidade salarial para contas de pagamento pré-pagas - instituição de pagamento;0;
2026;2º;Demais Bancos, Financeiras e Instituições de Pagamento;Conglomerado; ;MÊNTORE IP (conglomerado);Irregularidades no processo de encerramento de conta de pagamento - instituição de pagamento;21;
2026;2º;Demais Bancos, Financeiras e Instituições de Pagamento;Conglomerado; ;MÊNTORE IP (conglomerado);Irregularidades relacionadas a informações e liquidação de valores a receber no sistema SVR do BCB - instituições de pagamento;2;
2026;2º;Demais Bancos, Financeiras e Instituições de Pagamento;Conglomerado; ;MÊNTORE IP (conglomerado);Irregularidades relacionadas ao fornecimento de documentos por conta de pagamentos pré-paga - instituição de pagamento;2;
2026;2º;Demais Bancos, Financeiras e Instituições de Pagamento;Conglomerado; ;MÊNTORE IP (conglomerado);Irregularidades relacionadas à liquidação de documentos (exceto cheques) - instituição de pagamento;0;
2026;2º;Demais Bancos, Financeiras e Instituições de Pagamento;Conglomerado; ;MÊNTORE IP (conglomerado);Irregularidades relativas a integridade, confiabilidade, segurança, sigilo ou legitimidade das operações e serviços prestados relacionados a conta de pagamento pós-paga - instituição de pagamento;4;
2026;2º;Demais Bancos, Financeiras e Instituições de Pagamento;Conglomerado; ;MÊNTORE IP (conglomerado);Irregularidades relativas a integridade, confiabilidade, segurança, sigilo ou legitimidade das operações e serviços prestados relacionados a conta de pagamento pré-paga - instituição de pagamento;51;
2026;2º;Demais Bancos, Financeiras e Instituições de Pagamento;Conglomerado; ;MÊNTORE IP (conglomerado);Não acatamento de solicitação de cancelamento de débitos automáticos em conta de pagamento pré-paga ou não cumprimento das regras aplicáveis - instituição de pagamento;9;
2026;2º;Demais Bancos, Financeiras e Instituições de Pagamento;Conglomerado; ;MÊNTORE IP (conglomerado);Oferta ou prestação de informação a respeito de produtos e serviços de forma inadequada para conta de pagamento pós-paga - instituição de pagamento;9;
2026;2º;Demais Bancos, Financeiras e Instituições de Pagamento;Conglomerado; ;MÊNTORE IP (conglomerado);Oferta ou prestação de informação a respeito de produtos e serviços de forma inadequada para conta de pagamento pré-paga - instituição de pagamento;56;
2026;2º;Demais Bancos, Financeiras e Instituições de Pagamento;Conglomerado; ;MÊNTORE IP (conglomerado);Pix - Dificuldade para solicitar ou realizar devolução - instituição de pagamento;5;
2026;2º;Demais Bancos, Financeiras e Instituições de Pagamento;Conglomerado; ;MÊNTORE IP (conglomerado);Pix - liquidação - instituição de pagamento;2;
2026;2º;Demais Bancos, Financeiras e Instituições de Pagamento;Conglomerado; ;MÊNTORE IP (conglomerado);PIX - Diversos - instituição de pagamento;0;
2026;2º;Demais Bancos, Financeiras e Instituições de Pagamento;Conglomerado; ;MÊNTORE IP (conglomerado);PIX - Iniciação - instituição de pagamento;5;
2026;2º;Demais Bancos, Financeiras e Instituições de Pagamento;Conglomerado; ;MÊNTORE IP (conglomerado);Reclamações relacionadas a assuntos diversos envolvendo - instituição de pagamento;0;
2026;2º;Demais Bancos, Financeiras e Instituições de Pagamento;Conglomerado; ;MÊNTORE IP (conglomerado);Recusa de produtos ou serviços - instituição de pagamento;0;
2026;2º;Demais Bancos, Financeiras e Instituições de Pagamento;Conglomerado; ;MÊNTORE IP (conglomerado);Renegociação de dívida em instituição de pagamento;0;
2026;2º;Demais Bancos, Financeiras e Instituições de Pagamento;Conglomerado; ;MÊNTORE IP (conglomerado);Transações não reconhecidas pelo titular da conta, realizadas por terceiros (invasão de conta) - instituição de pagamento;11;
2026;2º;Demais Bancos, Financeiras e Instituições de Pagamento;Conglomerado; ;MIDWAY S.A. - SCFI (conglomerado);Ausência de título adequado relativo a cartão de crédito;0;
2026;2º;Demais Bancos, Financeiras e Instituições de Pagamento;Conglomerado; ;MIDWAY S.A. - SCFI (conglomerado);Bloqueio de valores ou de conta fora do âmbito do Pix;0;
2026;2º;Demais Bancos, Financeiras e Instituições de Pagamento;Conglomerado; ;MIDWAY S.A. - SCFI (conglomerado);Cancelamento de contrato a pedido do cliente não atendido por instituição financeira;0;
2026;2º;Demais Bancos, Financeiras e Instituições de Pagamento;Conglomerado; ;MIDWAY S.A. - SCFI (conglomerado);Cobrança irregular de tarifa relacionada ao cartão de crédito;0;
2026;2º;Demais Bancos, Financeiras e Instituições de Pagamento;Conglomerado; ;MIDWAY S.A. - SCFI (conglomerado);Cobranças diversas;0;
2026;2º;Demais Bancos, Financeiras e Instituições de Pagamento;Conglomerado; ;MIDWAY S.A. - SCFI (conglomerado);Concessão de crédito (exceto consignado) sem a formalização do título adequado;3;
2026;2º;Demais Bancos, Financeiras e Instituições de Pagamento;Conglomerado; ;MIDWAY S.A. - SCFI (conglomerado);Descumprimento de ordem judicial;0;
2026;2º;Demais Bancos, Financeiras e Instituições de Pagamento;Conglomerado; ;MIDWAY S.A. - SCFI (conglomerado);Golpe;0;
2026;2º;Demais Bancos, Financeiras e Instituições de Pagamento;Conglomerado; ;MIDWAY S.A. - SCFI (conglomerado);Inclusão de dados incorretos no CCS (Cadastro de Clientes do Sistema Financeiro Nacional);0;
2026;2º;Demais Bancos, Financeiras e Instituições de Pagamento;Conglomerado; ;MIDWAY S.A. - SCFI (conglomerado);Insatisfação com a resposta recebida da instituição financeira referente à reclamação registrada no BCB;0;
2026;2º;Demais Bancos, Financeiras e Instituições de Pagamento;Conglomerado; ;MIDWAY S.A. - SCFI (conglomerado);Insatisfação com o atendimento prestado pelo SAC ou Central de Relacionamento;3;
2026;2º;Demais Bancos, Financeiras e Instituições de Pagamento;Conglomerado; ;MIDWAY S.A. - SCFI (conglomerado);Integridade, confiabilidade, segurança, sigilo e legitimidade das operações e serviços  - conta de pagamento pré-paga;3;
2026;2º;Demais Bancos, Financeiras e Instituições de Pagamento;Conglomerado; ;MIDWAY S.A. - SCFI (conglomerado);Irregularidades no processo de encerramento de conta de depósitos à vista;0;
2026;2º;Demais Bancos, Financeiras e Instituições de Pagamento;Conglomerado; ;MIDWAY S.A. - SCFI (conglomerado);Irregularidades no processo de encerramento de conta de pagamento;3;
2026;2º;Demais Bancos, Financeiras e Instituições de Pagamento;Conglomerado; ;MIDWAY S.A. - SCFI (conglomerado);Irregularidades relacionadas a informações e liquidação de valores a receber no sistema SVR do BCB por parte de instituições financeiras;0;
2026;2º;Demais Bancos, Financeiras e Instituições de Pagamento;Conglomerado; ;MIDWAY S.A. - SCFI (conglomerado);Irregularidades relacionadas ao fornecimento de documento para liquidação antecipada de operações de crédito;3;
2026;2º;Demais Bancos, Financeiras e Instituições de Pagamento;Conglomerado; ;MIDWAY S.A. - SCFI (conglomerado);Irregularidades relacionadas ao fornecimento de documentos relativos a cartão de crédito;0;
2026;2º;Demais Bancos, Financeiras e Instituições de Pagamento;Conglomerado; ;MIDWAY S.A. - SCFI (conglomerado);Irregularidades relacionadas ao fornecimento de documentos relativos a conta;0;
2026;2º;Demais Bancos, Financeiras e Instituições de Pagamento;Conglomerado; ;MIDWAY S.A. - SCFI (conglomerado);Irregularidades relacionadas ao fornecimento de documentos relativos a operação de crédito, exceto para liquidação antecipada e descritivo do crédito.;0;
2026;2º;Demais Bancos, Financeiras e Instituições de Pagamento;Conglomerado; ;MIDWAY S.A. - SCFI (conglomerado);Irregularidades relacionadas ao fornecimento de informações relativas a operação de crédito contratada (DDC);0;
2026;2º;Demais Bancos, Financeiras e Instituições de Pagamento;Conglomerado; ;MIDWAY S.A. - SCFI (conglomerado);Irregularidades relacionadas ao fornecimento de outros documentos, exceto os relativos a cartão de crédito, conta e operação de crédito;0;
2026;2º;Demais Bancos, Financeiras e Instituições de Pagamento;Conglomerado; ;MIDWAY S.A. - SCFI (conglomerado);Irregularidades relacionadas ao Sistema de Informações de Crédito do Banco Central (SCR);0;
2026;2º;Demais Bancos, Financeiras e Instituições de Pagamento;Conglomerado; ;MIDWAY S.A. - SCFI (conglomerado);Irregularidades relacionadas à liquidação de documentos (exceto cheques);0;
2026;2º;Demais Bancos, Financeiras e Instituições de Pagamento;Conglomerado; ;MIDWAY S.A. - SCFI (conglomerado);Irregularidades relativas a integridade, confiabilidade, segurança, sigilo ou legitimidade das operações e serviços relacionados a cartões de crédito;11;
2026;2º;Demais Bancos, Financeiras e Instituições de Pagamento;Conglomerado; ;MIDWAY S.A. - SCFI (conglomerado);Irregularidades relativas a integridade, confiabilidade, segurança, sigilo ou legitimidade dos serviços relacionados a operações de crédito consignado;0;
2026;2º;Demais Bancos, Financeiras e Instituições de Pagamento;Conglomerado; ;MIDWAY S.A. - SCFI (conglomerado);Irregularidades relativas a integridade, confiabilidade, segurança, sigilo ou legitimidade dos serviços relacionados a operações de crédito, exceto consignado;0;
2026;2º;Demais Bancos, Financeiras e Instituições de Pagamento;Conglomerado; ;MIDWAY S.A. - SCFI (conglomerado);Irregularidades relativas a operações de crédito de saldo devedor de fatura de cartão de crédito (rotativo e parcelamento) e respectiva cobrança de encargos;19;
2026;2º;Demais Bancos, Financeiras e Instituições de Pagamento;Conglomerado; ;MIDWAY S.A. - SCFI (conglomerado);Juros e preços;0;
2026;2º;Demais Bancos, Financeiras e Instituições de Pagamento;Conglomerado; ;MIDWAY S.A. - SCFI (conglomerado);Limites de transação;3;
2026;2º;Demais Bancos, Financeiras e Instituições de Pagamento;Conglomerado; ;MIDWAY S.A. - SCFI (conglomerado);Não acatamento de solicitação de cancelamento de débitos automáticos em conta de pagamento pré-paga, ou não cumprimento das regras aplicáveis;0;
2026;2º;Demais Bancos, Financeiras e Instituições de Pagamento;Conglomerado; ;MIDWAY S.A. - SCFI (conglomerado);Não acatamento de solicitação de cancelamento de débitos automáticos em conta ou não cumprimento das regras aplicáveis;0;
2026;2º;Demais Bancos, Financeiras e Instituições de Pagamento;Conglomerado; ;MIDWAY S.A. - SCFI (conglomerado);Oferta ou prestação de informação sobre o cartão de crédito de forma inadequada ;5;
2026;2º;Demais Bancos, Financeiras e Instituições de Pagamento;Conglomerado; ;MIDWAY S.A. - SCFI (conglomerado);Oferta ou prestação de informação sobre operação de crédito de forma inadequada, exceto crédito consignado;0;
2026;2º;Demais Bancos, Financeiras e Instituições de Pagamento;Conglomerado; ;MIDWAY S.A. - SCFI (conglomerado);Oferta ou prestação de informação sobre produtos e serviços de forma inadequada, exceto as relacionadas a cartão de crédito, conta e serviços acessórios, credenciadora de cartão e operação de crédito;5;
2026;2º;Demais Bancos, Financeiras e Instituições de Pagamento;Conglomerado; ;MIDWAY S.A. - SCFI (conglomerado);Outros assuntos não regulados relacionados a cartão de crédito;0;
2026;2º;Demais Bancos, Financeiras e Instituições de Pagamento;Conglomerado; ;MIDWAY S.A. - SCFI (conglomerado);Pix  - chaves;0;
2026;2º;Demais Bancos, Financeiras e Instituições de Pagamento;Conglomerado; ;MIDWAY S.A. - SCFI (conglomerado);Reclamações relacionadas a assuntos diversos;0;
2026;2º;Demais Bancos, Financeiras e Instituições de Pagamento;Conglomerado; ;MIDWAY S.A. - SCFI (conglomerado);Recusa de produtos ou serviços;0;
2026;2º;Demais Bancos, Financeiras e Instituições de Pagamento;Conglomerado; ;MIDWAY S.A. - SCFI (conglomerado);Renegociação de dívida (exceto cartão de crédito);0;
2026;2º;Demais Bancos, Financeiras e Instituições de Pagamento;Conglomerado; ;MIDWAY S.A. - SCFI (conglomerado);Restrições cadastrais;0;
2026;2º;Demais Bancos, Financeiras e Instituições de Pagamento;Conglomerado; ;MIDWAY S.A. - SCFI (conglomerado);Transações não reconhecidas pelo titular da conta, realizadas por terceiros (invasão de conta) em instituições financeiras;3;
2026;2º;Demais Bancos, Financeiras e Instituições de Pagamento;Conglomerado; ;MT IP (conglomerado);Abertura de conta de pagamento sem documentação necessária ou com documentação falsa - instituição de pagamento;2;
2026;2º;Demais Bancos, Financeiras e Instituições de Pagamento;Conglomerado; ;MT IP (conglomerado);Descumprimento de prazo de resposta da reclamação registrada no BCB - instituição de pagamento;1;
2026;2º;Demais Bancos, Financeiras e Instituições de Pagamento;Conglomerado; ;MT IP (conglomerado);Insatisfação com a resposta referente à reclamação registrada no BCB recebida - instituição de pagamento;0;
2026;2º;Demais Bancos, Financeiras e Instituições de Pagamento;Conglomerado; ;MT IP (conglomerado);Irregularidades relacionadas ao acompanhamento de conta de pagamento - instituição de pagamento;151;
2026;2º;Demais Bancos, Financeiras e Instituições de Pagamento;Conglomerado; ;MT IP (conglomerado);Irregularidades relativas a integridade, confiabilidade, segurança, sigilo ou legitimidade das operações e serviços prestados relacionados a conta de pagamento pré-paga - instituição de pagamento;1;
2026;2º;Demais Bancos, Financeiras e Instituições de Pagamento;Conglomerado; ;MT IP (conglomerado);Oferta ou prestação de informação a respeito de produtos e serviços de forma inadequada para conta de pagamento pré-paga - instituição de pagamento;3;
2026;2º;Demais Bancos, Financeiras e Instituições de Pagamento;Conglomerado; ;MT IP (conglomerado);Pix - Dificuldade para solicitar ou realizar devolução - instituição de pagamento;1;
2026;2º;Demais Bancos, Financeiras e Instituições de Pagamento;Conglomerado; ;MT IP (conglomerado);Reclamações relacionadas a assuntos diversos envolvendo - instituição de pagamento;0;
2026;2º;Demais Bancos, Financeiras e Instituições de Pagamento;Conglomerado; ;MT IP (conglomerado);Transações não reconhecidas pelo titular da conta, realizadas por terceiros (invasão de conta) - instituição de pagamento;1;
2026;2º;Demais Bancos, Financeiras e Instituições de Pagamento;Conglomerado; ;MW IP (conglomerado);Insatisfação com a resposta referente à reclamação registrada no BCB recebida - instituição de pagamento;0;
2026;2º;Demais Bancos, Financeiras e Instituições de Pagamento;Conglomerado; ;MW IP (conglomerado);Irregularidades relacionadas ao acompanhamento de conta de pagamento - instituição de pagamento;195;
2026;2º;Demais Bancos, Financeiras e Instituições de Pagamento;Conglomerado; ;MW IP (conglomerado);Pix - Bloqueio ou devolução irregular de valores - instituição de pagamento;0;
2026;2º;Demais Bancos, Financeiras e Instituições de Pagamento;Conglomerado; ;MW IP (conglomerado);Pix - Dificuldade para solicitar ou realizar devolução - instituição de pagamento;0;
2026;2º;Demais Bancos, Financeiras e Instituições de Pagamento;Conglomerado; ;MW IP (conglomerado);Pix - liquidação - instituição de pagamento;0;
2026;2º;Demais Bancos, Financeiras e Instituições de Pagamento;Conglomerado; ;MW IP (conglomerado);Pix - outros - instituição de pagamento;0;
2026;2º;Demais Bancos, Financeiras e Instituições de Pagamento;Conglomerado; ;MW IP (conglomerado);PIX - Diversos - instituição de pagamento;0;
2026;2º;Demais Bancos, Financeiras e Instituições de Pagamento;Conglomerado; ;MW IP (conglomerado);Reclamações relacionadas a assuntos diversos envolvendo - instituição de pagamento;0;
2026;2º;Demais Bancos, Financeiras e Instituições de Pagamento;Conglomerado; ;NAIP IP (conglomerado);Abertura de conta de pagamento sem documentação necessária ou com documentação falsa - instituição de pagamento;0;
2026;2º;Demais Bancos, Financeiras e Instituições de Pagamento;Conglomerado; ;NAIP IP (conglomerado);Inclusão de dados incorretos no CCS (Cadastro de Clientes do Sistema Financeiro Nacional) - instituição de pagamento;0;
2026;2º;Demais Bancos, Financeiras e Instituições de Pagamento;Conglomerado; ;NAIP IP (conglomerado);Insatisfação com a resposta referente à reclamação registrada no BCB recebida - instituição de pagamento;0;
2026;2º;Demais Bancos, Financeiras e Instituições de Pagamento;Conglomerado; ;NAIP IP (conglomerado);Irregularidades no processo de encerramento de conta de pagamento - instituição de pagamento;0;
2026;2º;Demais Bancos, Financeiras e Instituições de Pagamento;Conglomerado; ;NAIP IP (conglomerado);Irregularidades relacionadas ao acompanhamento de conta de pagamento - instituição de pagamento;2;
2026;2º;Demais Bancos, Financeiras e Instituições de Pagamento;Conglomerado; ;NAIP IP (conglomerado);Irregularidades relacionadas ao fornecimento de documentos por conta de pagamentos pós-paga - instituição de pagamento;0;
2026;2º;Demais Bancos, Financeiras e Instituições de Pagamento;Conglomerado; ;NAIP IP (conglomerado);Irregularidades relacionadas ao fornecimento de documentos por conta de pagamentos pré-paga - instituição de pagamento;0;
2026;2º;Demais Bancos, Financeiras e Instituições de Pagamento;Conglomerado; ;NAIP IP (conglomerado);Irregularidades relativas a integridade, confiabilidade, segurança, sigilo ou legitimidade das operações e serviços prestados relacionados a conta de pagamento pré-paga - instituição de pagamento;2;
2026;2º;Demais Bancos, Financeiras e Instituições de Pagamento;Conglomerado; ;NAIP IP (conglomerado);Oferta ou prestação de informação a respeito de produtos e serviços de forma inadequada para conta de pagamento pré-paga - instituição de pagamento;8;
2026;2º;Demais Bancos, Financeiras e Instituições de Pagamento;Conglomerado; ;NAIP IP (conglomerado);Reclamações relacionadas a assuntos diversos envolvendo - instituição de pagamento;0;
2026;2º;Demais Bancos, Financeiras e Instituições de Pagamento;Conglomerado; ;NAIP IP (conglomerado);Recusa de produtos ou serviços - instituição de pagamento;0;
2026;2º;Demais Bancos, Financeiras e Instituições de Pagamento;Conglomerado; ;NEGRESCO S.A. - CFI (conglomerado);Concessão de crédito (exceto consignado) sem a formalização do título adequado;0;
2026;2º;Demais Bancos, Financeiras e Instituições de Pagamento;Conglomerado; ;NEGRESCO S.A. - CFI (conglomerado);Irregularidades relacionadas ao Sistema de Informações de Crédito do Banco Central (SCR);0;
2026;2º;Demais Bancos, Financeiras e Instituições de Pagamento;Conglomerado; ;NEGRESCO S.A. - CFI (conglomerado);Juros e preços;0;
2026;2º;Top 15 - Bancos, Financeiras e Instituições de Pagamento;Conglomerado; ;NEON PAGAMENTOS IP (conglomerado);Abertura de conta de depósito com documentação ausente, insuficiente ou falsa;3;
2026;2º;Top 15 - Bancos, Financeiras e Instituições de Pagamento;Conglomerado; ;NEON PAGAMENTOS IP (conglomerado);Abertura de conta de pagamento sem documentação necessária ou com documentação falsa;3;
2026;2º;Top 15 - Bancos, Financeiras e Instituições de Pagamento;Conglomerado; ;NEON PAGAMENTOS IP (conglomerado);Abertura de conta de pagamento sem documentação necessária ou com documentação falsa - instituição de pagamento;18;
2026;2º;Top 15 - Bancos, Financeiras e Instituições de Pagamento;Conglomerado; ;NEON PAGAMENTOS IP (conglomerado);Ausência de informações sobre as regras de funcionamento nos contratos de cartões de crédito ou seu descumprimento;0;
2026;2º;Top 15 - Bancos, Financeiras e Instituições de Pagamento;Conglomerado; ;NEON PAGAMENTOS IP (conglomerado);Ausência de informações sobre as regras de funcionamento nos contratos de cartões de crédito ou seu descumprimento - instituição de pagamento;0;
2026;2º;Top 15 - Bancos, Financeiras e Instituições de Pagamento;Conglomerado; ;NEON PAGAMENTOS IP (conglomerado);Ausência de título adequado relativo a cartão de crédito;6;
2026;2º;Top 15 - Bancos, Financeiras e Instituições de Pagamento;Conglomerado; ;NEON PAGAMENTOS IP (conglomerado);Bloqueio de valores ou de conta fora do âmbito do Pix;3;
2026;2º;Top 15 - Bancos, Financeiras e Instituições de Pagamento;Conglomerado; ;NEON PAGAMENTOS IP (conglomerado);Bloqueio de valores ou de conta fora do âmbito do Pix - instituição de pagamento;28;
2026;2º;Top 15 - Bancos, Financeiras e Instituições de Pagamento;Conglomerado; ;NEON PAGAMENTOS IP (conglomerado);Cancelamento de contrato a pedido do cliente de conta de pagamento pré-paga não atendido - instituição de pagamento;0;
2026;2º;Top 15 - Bancos, Financeiras e Instituições de Pagamento;Conglomerado; ;NEON PAGAMENTOS IP (conglomerado);Cancelamento de contrato a pedido do cliente não atendido por instituição financeira;3;
2026;2º;Top 15 - Bancos, Financeiras e Instituições de Pagamento;Conglomerado; ;NEON PAGAMENTOS IP (conglomerado);Cancelamento de contrato por iniciativa - instituição de pagamento;0;
2026;2º;Top 15 - Bancos, Financeiras e Instituições de Pagamento;Conglomerado; ;NEON PAGAMENTOS IP (conglomerado);Cancelamento de contrato por iniciativa da instituição financeira;0;
2026;2º;Top 15 - Bancos, Financeiras e Instituições de Pagamento;Conglomerado; ;NEON PAGAMENTOS IP (conglomerado);Cobranças diversas de IPs;0;
2026;2º;Top 15 - Bancos, Financeiras e Instituições de Pagamento;Conglomerado; ;NEON PAGAMENTOS IP (conglomerado);Débito em conta de pagamento pré-paga não autorizado pelo cliente, ou não cumprimento das regras aplicáveis - instituição de pagamento;15;
2026;2º;Top 15 - Bancos, Financeiras e Instituições de Pagamento;Conglomerado; ;NEON PAGAMENTOS IP (conglomerado);Débito em conta não autorizado pelo cliente, ou não cumprimento das regras aplicáveis;3;
2026;2º;Top 15 - Bancos, Financeiras e Instituições de Pagamento;Conglomerado; ;NEON PAGAMENTOS IP (conglomerado);Encaminhamento de instrumentos de pagamento não solicitados;0;
2026;2º;Top 15 - Bancos, Financeiras e Instituições de Pagamento;Conglomerado; ;NEON PAGAMENTOS IP (conglomerado);Falta de transparência na redação de documentos;3;
2026;2º;Top 15 - Bancos, Financeiras e Instituições de Pagamento;Conglomerado; ;NEON PAGAMENTOS IP (conglomerado);Falta de transparência na redação de documentos - instituição de pagamento;22;
2026;2º;Top 15 - Bancos, Financeiras e Instituições de Pagamento;Conglomerado; ;NEON PAGAMENTOS IP (conglomerado);Inclusão de dados incorretos no CCS (Cadastro de Clientes do Sistema Financeiro Nacional) - instituição de pagamento;0;
2026;2º;Top 15 - Bancos, Financeiras e Instituições de Pagamento;Conglomerado; ;NEON PAGAMENTOS IP (conglomerado);Insatisfação com a resposta recebida da instituição financeira referente à reclamação registrada no BCB;9;
2026;2º;Top 15 - Bancos, Financeiras e Instituições de Pagamento;Conglomerado; ;NEON PAGAMENTOS IP (conglomerado);Insatisfação com a resposta referente à reclamação registrada no BCB recebida - instituição de pagamento;3;
2026;2º;Top 15 - Bancos, Financeiras e Instituições de Pagamento;Conglomerado; ;NEON PAGAMENTOS IP (conglomerado);Insatisfação com o atendimento prestado pelo SAC ou Central de Relacionamento;9;
2026;2º;Top 15 - Bancos, Financeiras e Instituições de Pagamento;Conglomerado; ;NEON PAGAMENTOS IP (conglomerado);Insatisfação com o atendimento prestado pelo SAC ou Central de Relacionamento - instituição de pagamento;12;
2026;2º;Top 15 - Bancos, Financeiras e Instituições de Pagamento;Conglomerado; ;NEON PAGAMENTOS IP (conglomerado);Integridade, confiabilidade, segurança, sigilo e legitimidade das operações e serviços  - conta de pagamento pré-paga;0;
2026;2º;Top 15 - Bancos, Financeiras e Instituições de Pagamento;Conglomerado; ;NEON PAGAMENTOS IP (conglomerado);Irregularidades no processo de encerramento de conta de depósitos à vista;0;
2026;2º;Top 15 - Bancos, Financeiras e Instituições de Pagamento;Conglomerado; ;NEON PAGAMENTOS IP (conglomerado);Irregularidades no processo de encerramento de conta de pagamento;0;
2026;2º;Top 15 - Bancos, Financeiras e Instituições de Pagamento;Conglomerado; ;NEON PAGAMENTOS IP (conglomerado);Irregularidades no processo de encerramento de conta de pagamento - instituição de pagamento;9;
2026;2º;Top 15 - Bancos, Financeiras e Instituições de Pagamento;Conglomerado; ;NEON PAGAMENTOS IP (conglomerado);Irregularidades relacionadas a boletos de pagamento (exceto ausência de contrato com beneficiário) para IPs;0;
2026;2º;Top 15 - Bancos, Financeiras e Instituições de Pagamento;Conglomerado; ;NEON PAGAMENTOS IP (conglomerado);Irregularidades relacionadas a informações e liquidação de valores a receber no sistema SVR do BCB - instituições de pagamento;3;
2026;2º;Top 15 - Bancos, Financeiras e Instituições de Pagamento;Conglomerado; ;NEON PAGAMENTOS IP (conglomerado);Irregularidades relacionadas ao acompanhamento de conta;3;
2026;2º;Top 15 - Bancos, Financeiras e Instituições de Pagamento;Conglomerado; ;NEON PAGAMENTOS IP (conglomerado);Irregularidades relacionadas ao acompanhamento de conta de pagamento;0;
2026;2º;Top 15 - Bancos, Financeiras e Instituições de Pagamento;Conglomerado; ;NEON PAGAMENTOS IP (conglomerado);Irregularidades relacionadas ao acompanhamento de conta de pagamento - instituição de pagamento;22;
2026;2º;Top 15 - Bancos, Financeiras e Instituições de Pagamento;Conglomerado; ;NEON PAGAMENTOS IP (conglomerado);Irregularidades relacionadas ao fornecimento de documento para liquidação antecipada de operações de crédito;3;
2026;2º;Top 15 - Bancos, Financeiras e Instituições de Pagamento;Conglomerado; ;NEON PAGAMENTOS IP (conglomerado);Irregularidades relacionadas ao fornecimento de documentos por conta de pagamentos pós-paga - instituição de pagamento;12;
2026;2º;Top 15 - Bancos, Financeiras e Instituições de Pagamento;Conglomerado; ;NEON PAGAMENTOS IP (conglomerado);Irregularidades relacionadas ao fornecimento de documentos por conta de pagamentos pré-paga - instituição de pagamento;0;
2026;2º;Top 15 - Bancos, Financeiras e Instituições de Pagamento;Conglomerado; ;NEON PAGAMENTOS IP (conglomerado);Irregularidades relacionadas ao fornecimento de documentos relativos a cartão de crédito;3;
2026;2º;Top 15 - Bancos, Financeiras e Instituições de Pagamento;Conglomerado; ;NEON PAGAMENTOS IP (conglomerado);Irregularidades relacionadas ao fornecimento de documentos relativos a conta;6;
2026;2º;Top 15 - Bancos, Financeiras e Instituições de Pagamento;Conglomerado; ;NEON PAGAMENTOS IP (conglomerado);Irregularidades relacionadas ao fornecimento de documentos relativos a operação de crédito, exceto para liquidação antecipada e descritivo do crédito.;0;
2026;2º;Top 15 - Bancos, Financeiras e Instituições de Pagamento;Conglomerado; ;NEON PAGAMENTOS IP (conglomerado);Irregularidades relacionadas ao fornecimento de informações relativas a operação de crédito contratada (DDC);3;
2026;2º;Top 15 - Bancos, Financeiras e Instituições de Pagamento;Conglomerado; ;NEON PAGAMENTOS IP (conglomerado);Irregularidades relacionadas ao fornecimento de outros documentos, exceto os relativos a cartão de crédito, conta e operação de crédito;0;
2026;2º;Top 15 - Bancos, Financeiras e Instituições de Pagamento;Conglomerado; ;NEON PAGAMENTOS IP (conglomerado);Irregularidades relacionadas ao Sistema de Informações de Crédito do Banco Central (SCR);18;
2026;2º;Top 15 - Bancos, Financeiras e Instituições de Pagamento;Conglomerado; ;NEON PAGAMENTOS IP (conglomerado);Irregularidades relacionadas ao Sistema de Informações de Crédito do Banco Central (SCR) - instituição de pagamento;12;
2026;2º;Top 15 - Bancos, Financeiras e Instituições de Pagamento;Conglomerado; ;NEON PAGAMENTOS IP (conglomerado);Irregularidades relacionadas à liquidação de documentos (exceto cheques);0;
2026;2º;Top 15 - Bancos, Financeiras e Instituições de Pagamento;Conglomerado; ;NEON PAGAMENTOS IP (conglomerado);Irregularidades relativas a integridade, confiabilidade, segurança, sigilo ou legitimidade das operações e serviços disponibilizados em internet banking;6;
2026;2º;Top 15 - Bancos, Financeiras e Instituições de Pagamento;Conglomerado; ;NEON PAGAMENTOS IP (conglomerado);Irregularidades relativas a integridade, confiabilidade, segurança, sigilo ou legitimidade das operações e serviços prestados relacionados a conta de pagamento pós-paga - instituição de pagamento;92;
2026;2º;Top 15 - Bancos, Financeiras e Instituições de Pagamento;Conglomerado; ;NEON PAGAMENTOS IP (conglomerado);Irregularidades relativas a integridade, confiabilidade, segurança, sigilo ou legitimidade das operações e serviços prestados relacionados a conta de pagamento pré-paga - instituição de pagamento;37;
2026;2º;Top 15 - Bancos, Financeiras e Instituições de Pagamento;Conglomerado; ;NEON PAGAMENTOS IP (conglomerado);Irregularidades relativas a integridade, confiabilidade, segurança, sigilo ou legitimidade das operações e serviços relacionados a cartões de crédito;12;
2026;2º;Top 15 - Bancos, Financeiras e Instituições de Pagamento;Conglomerado; ;NEON PAGAMENTOS IP (conglomerado);Irregularidades relativas a integridade, confiabilidade, segurança, sigilo ou legitimidade das operações e serviços, exceto as relacionadas a cartão de crédito, cartão de débito, internet banking, ATM, credenciadora e operação de crédito;3;
2026;2º;Top 15 - Bancos, Financeiras e Instituições de Pagamento;Conglomerado; ;NEON PAGAMENTOS IP (conglomerado);Irregularidades relativas a integridade, confiabilidade, segurança, sigilo ou legitimidade dos serviços relacionados a operações de crédito consignado;49;
2026;2º;Top 15 - Bancos, Financeiras e Instituições de Pagamento;Conglomerado; ;NEON PAGAMENTOS IP (conglomerado);Irregularidades relativas a integridade, confiabilidade, segurança, sigilo ou legitimidade dos serviços relacionados a operações de crédito, exceto consignado;3;
2026;2º;Top 15 - Bancos, Financeiras e Instituições de Pagamento;Conglomerado; ;NEON PAGAMENTOS IP (conglomerado);Irregularidades relativas a operações de crédito de saldo devedor de fatura de cartão de crédito (rotativo e parcelamento) e respectiva cobrança de encargos;6;
2026;2º;Top 15 - Bancos, Financeiras e Instituições de Pagamento;Conglomerado; ;NEON PAGAMENTOS IP (conglomerado);Irregularidades relativas a operações de crédito de saldo devedor de fatura de cartão de crédito (rotativo e parcelamento) e respectiva cobrança de encargos - instituições de pagamento;9;
2026;2º;Top 15 - Bancos, Financeiras e Instituições de Pagamento;Conglomerado; ;NEON PAGAMENTOS IP (conglomerado);Juros e preços;0;
2026;2º;Top 15 - Bancos, Financeiras e Instituições de Pagamento;Conglomerado; ;NEON PAGAMENTOS IP (conglomerado);Limites de transação - instituição de pagamento;0;
2026;2º;Top 15 - Bancos, Financeiras e Instituições de Pagamento;Conglomerado; ;NEON PAGAMENTOS IP (conglomerado);Não acatamento de solicitação de cancelamento de débitos automáticos em conta de pagamento pré-paga, ou não cumprimento das regras aplicáveis;0;
2026;2º;Top 15 - Bancos, Financeiras e Instituições de Pagamento;Conglomerado; ;NEON PAGAMENTOS IP (conglomerado);Não acatamento de solicitação de cancelamento de débitos automáticos em conta ou não cumprimento das regras aplicáveis;0;
2026;2º;Top 15 - Bancos, Financeiras e Instituições de Pagamento;Conglomerado; ;NEON PAGAMENTOS IP (conglomerado);Oferta ou prestação de informação a respeito de produtos e serviços de forma inadequada para conta de pagamento pós-paga - instituição de pagamento;25;
2026;2º;Top 15 - Bancos, Financeiras e Instituições de Pagamento;Conglomerado; ;NEON PAGAMENTOS IP (conglomerado);Oferta ou prestação de informação a respeito de produtos e serviços de forma inadequada para conta de pagamento pré-paga - instituição de pagamento;9;
2026;2º;Top 15 - Bancos, Financeiras e Instituições de Pagamento;Conglomerado; ;NEON PAGAMENTOS IP (conglomerado);Oferta ou prestação de informação sobre crédito consignado de forma inadequada;40;
2026;2º;Top 15 - Bancos, Financeiras e Instituições de Pagamento;Conglomerado; ;NEON PAGAMENTOS IP (conglomerado);Oferta ou prestação de informação sobre o cartão de crédito de forma inadequada ;0;
2026;2º;Top 15 - Bancos, Financeiras e Instituições de Pagamento;Conglomerado; ;NEON PAGAMENTOS IP (conglomerado);Oferta ou prestação de informação sobre operação de crédito de forma inadequada, exceto crédito consignado;0;
2026;2º;Top 15 - Bancos, Financeiras e Instituições de Pagamento;Conglomerado; ;NEON PAGAMENTOS IP (conglomerado);Outras irregularidades - instituição de pagamento;0;
2026;2º;Top 15 - Bancos, Financeiras e Instituições de Pagamento;Conglomerado; ;NEON PAGAMENTOS IP (conglomerado);Outras irregularidades relacionadas a cartões de crédito - instituição de pagamento;0;
2026;2º;Top 15 - Bancos, Financeiras e Instituições de Pagamento;Conglomerado; ;NEON PAGAMENTOS IP (conglomerado);Outros assuntos não regulados relacionados a cartão de crédito;0;
2026;2º;Top 15 - Bancos, Financeiras e Instituições de Pagamento;Conglomerado; ;NEON PAGAMENTOS IP (conglomerado);Outros assuntos não regulados relacionados a cartão de crédito - instituição de pagamento;0;
2026;2º;Top 15 - Bancos, Financeiras e Instituições de Pagamento;Conglomerado; ;NEON PAGAMENTOS IP (conglomerado);Pix  - chaves;0;
2026;2º;Top 15 - Bancos, Financeiras e Instituições de Pagamento;Conglomerado; ;NEON PAGAMENTOS IP (conglomerado);Pix - Bloqueio ou devolução irregular de valores - instituição de pagamento;22;
2026;2º;Top 15 - Bancos, Financeiras e Instituições de Pagamento;Conglomerado; ;NEON PAGAMENTOS IP (conglomerado);Pix - diversos;0;
2026;2º;Top 15 - Bancos, Financeiras e Instituições de Pagamento;Conglomerado; ;NEON PAGAMENTOS IP (conglomerado);Pix - Dificuldade para solicitar ou realizar devolução;0;
2026;2º;Top 15 - Bancos, Financeiras e Instituições de Pagamento;Conglomerado; ;NEON PAGAMENTOS IP (conglomerado);Pix - Dificuldade para solicitar ou realizar devolução - instituição de pagamento;12;
2026;2º;Top 15 - Bancos, Financeiras e Instituições de Pagamento;Conglomerado; ;NEON PAGAMENTOS IP (conglomerado);Pix - experiência do usuário - instituição de pagamento;3;
2026;2º;Top 15 - Bancos, Financeiras e Instituições de Pagamento;Conglomerado; ;NEON PAGAMENTOS IP (conglomerado);Pix - liquidação - instituição de pagamento;0;
2026;2º;Top 15 - Bancos, Financeiras e Instituições de Pagamento;Conglomerado; ;NEON PAGAMENTOS IP (conglomerado);Pix - outros - instituição de pagamento;0;
2026;2º;Top 15 - Bancos, Financeiras e Instituições de Pagamento;Conglomerado; ;NEON PAGAMENTOS IP (conglomerado);PIX - Chaves - instituição de pagamento;9;
2026;2º;Top 15 - Bancos, Financeiras e Instituições de Pagamento;Conglomerado; ;NEON PAGAMENTOS IP (conglomerado);PIX - Diversos - instituição de pagamento;0;
2026;2º;Top 15 - Bancos, Financeiras e Instituições de Pagamento;Conglomerado; ;NEON PAGAMENTOS IP (conglomerado);PIX - Iniciação - instituição de pagamento;6;
2026;2º;Top 15 - Bancos, Financeiras e Instituições de Pagamento;Conglomerado; ;NEON PAGAMENTOS IP (conglomerado);Reclamações relacionadas a assuntos diversos;0;
2026;2º;Top 15 - Bancos, Financeiras e Instituições de Pagamento;Conglomerado; ;NEON PAGAMENTOS IP (conglomerado);Reclamações relacionadas a assuntos diversos envolvendo - instituição de pagamento;0;
2026;2º;Top 15 - Bancos, Financeiras e Instituições de Pagamento;Conglomerado; ;NEON PAGAMENTOS IP (conglomerado);Recusa de produtos ou serviços;0;
2026;2º;Top 15 - Bancos, Financeiras e Instituições de Pagamento;Conglomerado; ;NEON PAGAMENTOS IP (conglomerado);Recusa de produtos ou serviços - instituição de pagamento;0;
2026;2º;Top 15 - Bancos, Financeiras e Instituições de Pagamento;Conglomerado; ;NEON PAGAMENTOS IP (conglomerado);Renegociação de dívida (exceto cartão de crédito);0;
2026;2º;Top 15 - Bancos, Financeiras e Instituições de Pagamento;Conglomerado; ;NEON PAGAMENTOS IP (conglomerado);Renegociação de dívida em instituição de pagamento;0;
2026;2º;Top 15 - Bancos, Financeiras e Instituições de Pagamento;Conglomerado; ;NEON PAGAMENTOS IP (conglomerado);Restrição à realização de portabilidade de operações de crédito consignado relativas a pessoas naturais;0;
2026;2º;Top 15 - Bancos, Financeiras e Instituições de Pagamento;Conglomerado; ;NEON PAGAMENTOS IP (conglomerado);Restrições cadastrais;0;
2026;2º;Top 15 - Bancos, Financeiras e Instituições de Pagamento;Conglomerado; ;NEON PAGAMENTOS IP (conglomerado);Restrições cadastrais por parte - instituição de pagamento;0;
2026;2º;Top 15 - Bancos, Financeiras e Instituições de Pagamento;Conglomerado; ;NEON PAGAMENTOS IP (conglomerado);Transações não reconhecidas pelo titular da conta, realizadas por terceiros (invasão de conta) - instituição de pagamento;22;
2026;2º;Demais Bancos, Financeiras e Instituições de Pagamento;Conglomerado; ;NG CASH IP (conglomerado);Abertura de conta de pagamento sem documentação necessária ou com documentação falsa - instituição de pagamento;16;
2026;2º;Demais Bancos, Financeiras e Instituições de Pagamento;Conglomerado; ;NG CASH IP (conglomerado);Bloqueio de valores ou de conta fora do âmbito do Pix - instituição de pagamento;3;
2026;2º;Demais Bancos, Financeiras e Instituições de Pagamento;Conglomerado; ;NG CASH IP (conglomerado);Cancelamento de contrato por iniciativa - instituição de pagamento;0;
2026;2º;Demais Bancos, Financeiras e Instituições de Pagamento;Conglomerado; ;NG CASH IP (conglomerado);Inclusão de dados incorretos no CCS (Cadastro de Clientes do Sistema Financeiro Nacional) - instituição de pagamento;1;
2026;2º;Demais Bancos, Financeiras e Instituições de Pagamento;Conglomerado; ;NG CASH IP (conglomerado);Insatisfação com a resposta referente à reclamação registrada no BCB recebida - instituição de pagamento;0;
2026;2º;Demais Bancos, Financeiras e Instituições de Pagamento;Conglomerado; ;NG CASH IP (conglomerado);Irregularidades no processo de encerramento de conta de pagamento - instituição de pagamento;0;
2026;2º;Demais Bancos, Financeiras e Instituições de Pagamento;Conglomerado; ;NG CASH IP (conglomerado);Irregularidades relacionadas ao acompanhamento de conta de pagamento - instituição de pagamento;3;
2026;2º;Demais Bancos, Financeiras e Instituições de Pagamento;Conglomerado; ;NG CASH IP (conglomerado);Irregularidades relacionadas ao fornecimento de documentos por conta de pagamentos pré-paga - instituição de pagamento;0;
2026;2º;Demais Bancos, Financeiras e Instituições de Pagamento;Conglomerado; ;NG CASH IP (conglomerado);Irregularidades relativas a integridade, confiabilidade, segurança, sigilo ou legitimidade das operações e serviços prestados relacionados a conta de pagamento pré-paga - instituição de pagamento;7;
2026;2º;Demais Bancos, Financeiras e Instituições de Pagamento;Conglomerado; ;NG CASH IP (conglomerado);Oferta ou prestação de informação a respeito de produtos e serviços de forma inadequada para conta de pagamento pré-paga - instituição de pagamento;3;
2026;2º;Demais Bancos, Financeiras e Instituições de Pagamento;Conglomerado; ;NG CASH IP (conglomerado);Pix - tarifa - instituição de pagamento;0;
2026;2º;Demais Bancos, Financeiras e Instituições de Pagamento;Conglomerado; ;NG CASH IP (conglomerado);PIX - Chaves - instituição de pagamento;1;
2026;2º;Demais Bancos, Financeiras e Instituições de Pagamento;Conglomerado; ;NG CASH IP (conglomerado);PIX - Diversos - instituição de pagamento;0;
2026;2º;Demais Bancos, Financeiras e Instituições de Pagamento;Conglomerado; ;NG CASH IP (conglomerado);Recusa de produtos ou serviços - instituição de pagamento;0;
2026;2º;Demais Bancos, Financeiras e Instituições de Pagamento;Conglomerado; ;NG CASH IP (conglomerado);Restrições cadastrais por parte - instituição de pagamento;0;
2026;2º;Demais Bancos, Financeiras e Instituições de Pagamento;Conglomerado; ;NOVO BCO CONTINENTAL S.A. - BM (conglomerado);Cancelamento de contrato a pedido do cliente não atendido por instituição financeira;0;
2026;2º;Demais Bancos, Financeiras e Instituições de Pagamento;Conglomerado; ;NOVO BCO CONTINENTAL S.A. - BM (conglomerado);Concessão de crédito (exceto consignado) sem a formalização do título adequado;6;
2026;2º;Demais Bancos, Financeiras e Instituições de Pagamento;Conglomerado; ;NOVO BCO CONTINENTAL S.A. - BM (conglomerado);Concessão de crédito consignado sem a formalização do título adequado;0;
2026;2º;Demais Bancos, Financeiras e Instituições de Pagamento;Conglomerado; ;NOVO BCO CONTINENTAL S.A. - BM (conglomerado);Insatisfação com a resposta recebida da instituição financeira referente à reclamação registrada no BCB;7;
2026;2º;Demais Bancos, Financeiras e Instituições de Pagamento;Conglomerado; ;NOVO BCO CONTINENTAL S.A. - BM (conglomerado);Insatisfação com o atendimento prestado pelo SAC ou Central de Relacionamento;13;
2026;2º;Demais Bancos, Financeiras e Instituições de Pagamento;Conglomerado; ;NOVO BCO CONTINENTAL S.A. - BM (conglomerado);Irregularidades relacionadas a informações e liquidação de valores a receber no sistema SVR do BCB por parte de instituições financeiras;0;
2026;2º;Demais Bancos, Financeiras e Instituições de Pagamento;Conglomerado; ;NOVO BCO CONTINENTAL S.A. - BM (conglomerado);Irregularidades relacionadas ao acompanhamento de conta de pagamento;1;
2026;2º;Demais Bancos, Financeiras e Instituições de Pagamento;Conglomerado; ;NOVO BCO CONTINENTAL S.A. - BM (conglomerado);Irregularidades relacionadas ao fornecimento de documento para liquidação antecipada de operações de crédito;11;
2026;2º;Demais Bancos, Financeiras e Instituições de Pagamento;Conglomerado; ;NOVO BCO CONTINENTAL S.A. - BM (conglomerado);Irregularidades relacionadas ao fornecimento de documentos relativos a operação de crédito, exceto para liquidação antecipada e descritivo do crédito.;6;
2026;2º;Demais Bancos, Financeiras e Instituições de Pagamento;Conglomerado; ;NOVO BCO CONTINENTAL S.A. - BM (conglomerado);Irregularidades relacionadas ao fornecimento de informações relativas a operação de crédito contratada (DDC);8;
2026;2º;Demais Bancos, Financeiras e Instituições de Pagamento;Conglomerado; ;NOVO BCO CONTINENTAL S.A. - BM (conglomerado);Irregularidades relacionadas ao Sistema de Informações de Crédito do Banco Central (SCR);0;
2026;2º;Demais Bancos, Financeiras e Instituições de Pagamento;Conglomerado; ;NOVO BCO CONTINENTAL S.A. - BM (conglomerado);Irregularidades relativas a integridade, confiabilidade, segurança, sigilo ou legitimidade dos serviços relacionados a operações de crédito consignado;14;
2026;2º;Demais Bancos, Financeiras e Instituições de Pagamento;Conglomerado; ;NOVO BCO CONTINENTAL S.A. - BM (conglomerado);Irregularidades relativas a integridade, confiabilidade, segurança, sigilo ou legitimidade dos serviços relacionados a operações de crédito, exceto consignado;0;
2026;2º;Demais Bancos, Financeiras e Instituições de Pagamento;Conglomerado; ;NOVO BCO CONTINENTAL S.A. - BM (conglomerado);Irregularidades relativas a operações de crédito de saldo devedor de fatura de cartão de crédito (rotativo e parcelamento) e respectiva cobrança de encargos;0;
2026;2º;Demais Bancos, Financeiras e Instituições de Pagamento;Conglomerado; ;NOVO BCO CONTINENTAL S.A. - BM (conglomerado);Oferta ou prestação de informação sobre crédito consignado de forma inadequada;1;
2026;2º;Demais Bancos, Financeiras e Instituições de Pagamento;Conglomerado; ;NOVO BCO CONTINENTAL S.A. - BM (conglomerado);Renegociação de dívida (exceto cartão de crédito);0;
2026;2º;Demais Bancos, Financeiras e Instituições de Pagamento;Conglomerado; ;NOVO BCO CONTINENTAL S.A. - BM (conglomerado);Restrição à realização de portabilidade de operações de crédito (exceto crédito consignado e financiamento imobiliário) relativas a pessoas naturais;0;
2026;2º;Demais Bancos, Financeiras e Instituições de Pagamento;Conglomerado; ;NOVO BCO CONTINENTAL S.A. - BM (conglomerado);Restrição à realização de portabilidade de operações de crédito consignado relativas a pessoas naturais;17;
2026;2º;Demais Bancos, Financeiras e Instituições de Pagamento;Conglomerado; ;NOVO BCO CONTINENTAL S.A. - BM (conglomerado);Restrições cadastrais;0;
2026;2º;Demais Bancos, Financeiras e Instituições de Pagamento;Conglomerado; ;NOVO BCO CONTINENTAL S.A. - BM (conglomerado);Utilização incorreta da taxa de desconto no cálculo do valor presente relacionadas às demais operações de crédito, exceto as de crédito consignado e de financiamento imobiliário;1;
2026;2º;Top 15 - Bancos, Financeiras e Instituições de Pagamento;Conglomerado; ;NU PAGAMENTOS (conglomerado);Abertura de conta de pagamento sem documentação necessária ou com documentação falsa;26;
2026;2º;Top 15 - Bancos, Financeiras e Instituições de Pagamento;Conglomerado; ;NU PAGAMENTOS (conglomerado);Abertura de conta de pagamento sem documentação necessária ou com documentação falsa - instituição de pagamento;91;
2026;2º;Top 15 - Bancos, Financeiras e Instituições de Pagamento;Conglomerado; ;NU PAGAMENTOS (conglomerado);Ausência de informações sobre as regras de funcionamento nos contratos de cartões de crédito ou seu descumprimento;0;
2026;2º;Top 15 - Bancos, Financeiras e Instituições de Pagamento;Conglomerado; ;NU PAGAMENTOS (conglomerado);Ausência de título adequado relativo a cartão de crédito;0;
2026;2º;Top 15 - Bancos, Financeiras e Instituições de Pagamento;Conglomerado; ;NU PAGAMENTOS (conglomerado);Bloqueio de valores ou de conta fora do âmbito do Pix;39;
2026;2º;Top 15 - Bancos, Financeiras e Instituições de Pagamento;Conglomerado; ;NU PAGAMENTOS (conglomerado);Bloqueio de valores ou de conta fora do âmbito do Pix - instituição de pagamento;0;
2026;2º;Top 15 - Bancos, Financeiras e Instituições de Pagamento;Conglomerado; ;NU PAGAMENTOS (conglomerado);Cancelamento de contrato a pedido do cliente de conta de pagamento pós-paga não atendido - instituição de pagamento;0;
2026;2º;Top 15 - Bancos, Financeiras e Instituições de Pagamento;Conglomerado; ;NU PAGAMENTOS (conglomerado);Cancelamento de contrato a pedido do cliente não atendido por instituição financeira;0;
2026;2º;Top 15 - Bancos, Financeiras e Instituições de Pagamento;Conglomerado; ;NU PAGAMENTOS (conglomerado);Cobrança irregular de tarifa em conta de pagamento pré-paga - instituição de pagamento;0;
2026;2º;Top 15 - Bancos, Financeiras e Instituições de Pagamento;Conglomerado; ;NU PAGAMENTOS (conglomerado);Cobrança irregular de tarifa relacionada a conta ou serviços acessórios à conta;0;
2026;2º;Top 15 - Bancos, Financeiras e Instituições de Pagamento;Conglomerado; ;NU PAGAMENTOS (conglomerado);Cobranças diversas;0;
2026;2º;Top 15 - Bancos, Financeiras e Instituições de Pagamento;Conglomerado; ;NU PAGAMENTOS (conglomerado);Cobranças diversas de IPs;0;
2026;2º;Top 15 - Bancos, Financeiras e Instituições de Pagamento;Conglomerado; ;NU PAGAMENTOS (conglomerado);Concessão de crédito (exceto consignado) sem a formalização do título adequado;0;
2026;2º;Top 15 - Bancos, Financeiras e Instituições de Pagamento;Conglomerado; ;NU PAGAMENTOS (conglomerado);Crédito consignado;0;
2026;2º;Top 15 - Bancos, Financeiras e Instituições de Pagamento;Conglomerado; ;NU PAGAMENTOS (conglomerado);Descumprimento contratual;0;
2026;2º;Top 15 - Bancos, Financeiras e Instituições de Pagamento;Conglomerado; ;NU PAGAMENTOS (conglomerado);Descumprimento de ordem judicial;0;
2026;2º;Top 15 - Bancos, Financeiras e Instituições de Pagamento;Conglomerado; ;NU PAGAMENTOS (conglomerado);Débito em conta de pagamento pré-paga não autorizado pelo cliente, ou não cumprimento das regras aplicáveis;0;
2026;2º;Top 15 - Bancos, Financeiras e Instituições de Pagamento;Conglomerado; ;NU PAGAMENTOS (conglomerado);Débito em conta de pagamento pré-paga não autorizado pelo cliente, ou não cumprimento das regras aplicáveis - instituição de pagamento;0;
2026;2º;Top 15 - Bancos, Financeiras e Instituições de Pagamento;Conglomerado; ;NU PAGAMENTOS (conglomerado);Dificuldade para efetuar resgate antecipado de aplicação;0;
2026;2º;Top 15 - Bancos, Financeiras e Instituições de Pagamento;Conglomerado; ;NU PAGAMENTOS (conglomerado);Golpe;0;
2026;2º;Top 15 - Bancos, Financeiras e Instituições de Pagamento;Conglomerado; ;NU PAGAMENTOS (conglomerado);Inclusão de dados incorretos no CCS (Cadastro de Clientes do Sistema Financeiro Nacional) - instituição de pagamento;0;
2026;2º;Top 15 - Bancos, Financeiras e Instituições de Pagamento;Conglomerado; ;NU PAGAMENTOS (conglomerado);Insatisfação com a resposta recebida da instituição financeira referente à reclamação registrada no BCB;0;
2026;2º;Top 15 - Bancos, Financeiras e Instituições de Pagamento;Conglomerado; ;NU PAGAMENTOS (conglomerado);Insatisfação com a resposta referente à reclamação registrada no BCB recebida - instituição de pagamento;0;
2026;2º;Top 15 - Bancos, Financeiras e Instituições de Pagamento;Conglomerado; ;NU PAGAMENTOS (conglomerado);Insatisfação com o atendimento prestado pelo SAC ou Central de Relacionamento;39;
2026;2º;Top 15 - Bancos, Financeiras e Instituições de Pagamento;Conglomerado; ;NU PAGAMENTOS (conglomerado);Insatisfação com o atendimento prestado pelo SAC ou Central de Relacionamento - instituição de pagamento;39;
2026;2º;Top 15 - Bancos, Financeiras e Instituições de Pagamento;Conglomerado; ;NU PAGAMENTOS (conglomerado);Integridade, confiabilidade, segurança, sigilo e legitimidade das operações e serviços  - conta de pagamento pré-paga;0;
2026;2º;Top 15 - Bancos, Financeiras e Instituições de Pagamento;Conglomerado; ;NU PAGAMENTOS (conglomerado);Irregularidade na portabilidade salarial para contas de pagamento pré-pagas - instituição de pagamento;0;
2026;2º;Top 15 - Bancos, Financeiras e Instituições de Pagamento;Conglomerado; ;NU PAGAMENTOS (conglomerado);Irregularidades no processo de encerramento de conta de depósitos à vista;0;
2026;2º;Top 15 - Bancos, Financeiras e Instituições de Pagamento;Conglomerado; ;NU PAGAMENTOS (conglomerado);Irregularidades no processo de encerramento de conta de pagamento;0;
2026;2º;Top 15 - Bancos, Financeiras e Instituições de Pagamento;Conglomerado; ;NU PAGAMENTOS (conglomerado);Irregularidades no processo de encerramento de conta de pagamento - instituição de pagamento;65;
2026;2º;Top 15 - Bancos, Financeiras e Instituições de Pagamento;Conglomerado; ;NU PAGAMENTOS (conglomerado);Irregularidades relacionadas a boletos de pagamento (exceto ausência de contrato com beneficiário) para IPs;0;
2026;2º;Top 15 - Bancos, Financeiras e Instituições de Pagamento;Conglomerado; ;NU PAGAMENTOS (conglomerado);Irregularidades relacionadas ao acompanhamento de conta;0;
2026;2º;Top 15 - Bancos, Financeiras e Instituições de Pagamento;Conglomerado; ;NU PAGAMENTOS (conglomerado);Irregularidades relacionadas ao acompanhamento de conta de pagamento;13;
2026;2º;Top 15 - Bancos, Financeiras e Instituições de Pagamento;Conglomerado; ;NU PAGAMENTOS (conglomerado);Irregularidades relacionadas ao acompanhamento de conta de pagamento - instituição de pagamento;39;
2026;2º;Top 15 - Bancos, Financeiras e Instituições de Pagamento;Conglomerado; ;NU PAGAMENTOS (conglomerado);Irregularidades relacionadas ao fornecimento de documento para liquidação antecipada de operações de crédito;0;
2026;2º;Top 15 - Bancos, Financeiras e Instituições de Pagamento;Conglomerado; ;NU PAGAMENTOS (conglomerado);Irregularidades relacionadas ao fornecimento de documentos por conta de pagamentos pós-paga - instituição de pagamento;0;
2026;2º;Top 15 - Bancos, Financeiras e Instituições de Pagamento;Conglomerado; ;NU PAGAMENTOS (conglomerado);Irregularidades relacionadas ao fornecimento de documentos por conta de pagamentos pré-paga - instituição de pagamento;0;
2026;2º;Top 15 - Bancos, Financeiras e Instituições de Pagamento;Conglomerado; ;NU PAGAMENTOS (conglomerado);Irregularidades relacionadas ao fornecimento de documentos relativos a cartão de crédito;0;
2026;2º;Top 15 - Bancos, Financeiras e Instituições de Pagamento;Conglomerado; ;NU PAGAMENTOS (conglomerado);Irregularidades relacionadas ao fornecimento de documentos relativos a conta;0;
2026;2º;Top 15 - Bancos, Financeiras e Instituições de Pagamento;Conglomerado; ;NU PAGAMENTOS (conglomerado);Irregularidades relacionadas ao fornecimento de documentos relativos a operação de crédito, exceto para liquidação antecipada e descritivo do crédito.;13;
2026;2º;Top 15 - Bancos, Financeiras e Instituições de Pagamento;Conglomerado; ;NU PAGAMENTOS (conglomerado);Irregularidades relacionadas ao fornecimento de informações relativas a operação de crédito contratada (DDC);26;
2026;2º;Top 15 - Bancos, Financeiras e Instituições de Pagamento;Conglomerado; ;NU PAGAMENTOS (conglomerado);Irregularidades relacionadas ao fornecimento de outros documentos, exceto os relativos a cartão de crédito, conta e operação de crédito;0;
2026;2º;Top 15 - Bancos, Financeiras e Instituições de Pagamento;Conglomerado; ;NU PAGAMENTOS (conglomerado);Irregularidades relacionadas ao Sistema de Informações de Crédito do Banco Central (SCR);130;
2026;2º;Top 15 - Bancos, Financeiras e Instituições de Pagamento;Conglomerado; ;NU PAGAMENTOS (conglomerado);Irregularidades relacionadas ao Sistema de Informações de Crédito do Banco Central (SCR) - instituição de pagamento;195;
2026;2º;Top 15 - Bancos, Financeiras e Instituições de Pagamento;Conglomerado; ;NU PAGAMENTOS (conglomerado);Irregularidades relacionadas à liquidação de documentos (exceto cheques);0;
2026;2º;Top 15 - Bancos, Financeiras e Instituições de Pagamento;Conglomerado; ;NU PAGAMENTOS (conglomerado);Irregularidades relacionadas à liquidação de documentos (exceto cheques) - instituição de pagamento;0;
2026;2º;Top 15 - Bancos, Financeiras e Instituições de Pagamento;Conglomerado; ;NU PAGAMENTOS (conglomerado);Irregularidades relativas a integridade, confiabilidade, segurança, sigilo ou legitimidade das operações e serviços disponibilizados em ATM;0;
2026;2º;Top 15 - Bancos, Financeiras e Instituições de Pagamento;Conglomerado; ;NU PAGAMENTOS (conglomerado);Irregularidades relativas a integridade, confiabilidade, segurança, sigilo ou legitimidade das operações e serviços disponibilizados em internet banking;13;
2026;2º;Top 15 - Bancos, Financeiras e Instituições de Pagamento;Conglomerado; ;NU PAGAMENTOS (conglomerado);Irregularidades relativas a integridade, confiabilidade, segurança, sigilo ou legitimidade das operações e serviços prestados relacionados a conta de pagamento pós-paga - instituição de pagamento;130;
2026;2º;Top 15 - Bancos, Financeiras e Instituições de Pagamento;Conglomerado; ;NU PAGAMENTOS (conglomerado);Irregularidades relativas a integridade, confiabilidade, segurança, sigilo ou legitimidade das operações e serviços prestados relacionados a conta de pagamento pré-paga - instituição de pagamento;52;
2026;2º;Top 15 - Bancos, Financeiras e Instituições de Pagamento;Conglomerado; ;NU PAGAMENTOS (conglomerado);Irregularidades relativas a integridade, confiabilidade, segurança, sigilo ou legitimidade das operações e serviços relacionados a cartões de crédito;65;
2026;2º;Top 15 - Bancos, Financeiras e Instituições de Pagamento;Conglomerado; ;NU PAGAMENTOS (conglomerado);Irregularidades relativas a integridade, confiabilidade, segurança, sigilo ou legitimidade das operações e serviços relacionados a cartões de débito;0;
2026;2º;Top 15 - Bancos, Financeiras e Instituições de Pagamento;Conglomerado; ;NU PAGAMENTOS (conglomerado);Irregularidades relativas a integridade, confiabilidade, segurança, sigilo ou legitimidade das operações e serviços, exceto as relacionadas a cartão de crédito, cartão de débito, internet banking, ATM, credenciadora e operação de crédito;13;
2026;2º;Top 15 - Bancos, Financeiras e Instituições de Pagamento;Conglomerado; ;NU PAGAMENTOS (conglomerado);Irregularidades relativas a integridade, confiabilidade, segurança, sigilo ou legitimidade dos serviços relacionados a operações de crédito consignado;0;
2026;2º;Top 15 - Bancos, Financeiras e Instituições de Pagamento;Conglomerado; ;NU PAGAMENTOS (conglomerado);Irregularidades relativas a integridade, confiabilidade, segurança, sigilo ou legitimidade dos serviços relacionados a operações de crédito, exceto consignado;39;
2026;2º;Top 15 - Bancos, Financeiras e Instituições de Pagamento;Conglomerado; ;NU PAGAMENTOS (conglomerado);Irregularidades relativas a operações de crédito de saldo devedor de fatura de cartão de crédito (rotativo e parcelamento) e respectiva cobrança de encargos;0;
2026;2º;Top 15 - Bancos, Financeiras e Instituições de Pagamento;Conglomerado; ;NU PAGAMENTOS (conglomerado);Irregularidades relativas a operações de crédito de saldo devedor de fatura de cartão de crédito (rotativo e parcelamento) e respectiva cobrança de encargos - instituições de pagamento;0;
2026;2º;Top 15 - Bancos, Financeiras e Instituições de Pagamento;Conglomerado; ;NU PAGAMENTOS (conglomerado);Irregularidades relativas à iniciação de transação de pagamento no Open Banking - instituição de pagamento;0;
2026;2º;Top 15 - Bancos, Financeiras e Instituições de Pagamento;Conglomerado; ;NU PAGAMENTOS (conglomerado);Juros e preços;0;
2026;2º;Top 15 - Bancos, Financeiras e Instituições de Pagamento;Conglomerado; ;NU PAGAMENTOS (conglomerado);Limites de transação;0;
2026;2º;Top 15 - Bancos, Financeiras e Instituições de Pagamento;Conglomerado; ;NU PAGAMENTOS (conglomerado);Limites de transação - instituição de pagamento;0;
2026;2º;Top 15 - Bancos, Financeiras e Instituições de Pagamento;Conglomerado; ;NU PAGAMENTOS (conglomerado);Não acatamento de solicitação de cancelamento de débitos automáticos em conta de pagamento pré-paga ou não cumprimento das regras aplicáveis - instituição de pagamento;0;
2026;2º;Top 15 - Bancos, Financeiras e Instituições de Pagamento;Conglomerado; ;NU PAGAMENTOS (conglomerado);Não acatamento de solicitação de cancelamento de débitos automáticos em conta ou não cumprimento das regras aplicáveis;0;
2026;2º;Top 15 - Bancos, Financeiras e Instituições de Pagamento;Conglomerado; ;NU PAGAMENTOS (conglomerado);Oferta ou prestação de informação a respeito de produtos e serviços de forma inadequada para conta de pagamento pós-paga - instituição de pagamento;13;
2026;2º;Top 15 - Bancos, Financeiras e Instituições de Pagamento;Conglomerado; ;NU PAGAMENTOS (conglomerado);Oferta ou prestação de informação a respeito de produtos e serviços de forma inadequada para conta de pagamento pré-paga - instituição de pagamento;13;
2026;2º;Top 15 - Bancos, Financeiras e Instituições de Pagamento;Conglomerado; ;NU PAGAMENTOS (conglomerado);Oferta ou prestação de informação sobre a conta ou serviços acessórios de forma inadequada ;0;
2026;2º;Top 15 - Bancos, Financeiras e Instituições de Pagamento;Conglomerado; ;NU PAGAMENTOS (conglomerado);Oferta ou prestação de informação sobre crédito consignado de forma inadequada;0;
2026;2º;Top 15 - Bancos, Financeiras e Instituições de Pagamento;Conglomerado; ;NU PAGAMENTOS (conglomerado);Oferta ou prestação de informação sobre o cartão de crédito de forma inadequada ;0;
2026;2º;Top 15 - Bancos, Financeiras e Instituições de Pagamento;Conglomerado; ;NU PAGAMENTOS (conglomerado);Oferta ou prestação de informação sobre operação de crédito de forma inadequada, exceto crédito consignado;0;
2026;2º;Top 15 - Bancos, Financeiras e Instituições de Pagamento;Conglomerado; ;NU PAGAMENTOS (conglomerado);Oferta ou prestação de informação sobre produtos e serviços de forma inadequada, exceto as relacionadas a cartão de crédito, conta e serviços acessórios, credenciadora de cartão e operação de crédito;0;
2026;2º;Top 15 - Bancos, Financeiras e Instituições de Pagamento;Conglomerado; ;NU PAGAMENTOS (conglomerado);Outras irregularidades - instituição de pagamento;0;
2026;2º;Top 15 - Bancos, Financeiras e Instituições de Pagamento;Conglomerado; ;NU PAGAMENTOS (conglomerado);Outras irregularidades relacionadas a cartões de crédito - instituição de pagamento;0;
2026;2º;Top 15 - Bancos, Financeiras e Instituições de Pagamento;Conglomerado; ;NU PAGAMENTOS (conglomerado);Outros assuntos não regulados relacionados a cartão de crédito;0;
2026;2º;Top 15 - Bancos, Financeiras e Instituições de Pagamento;Conglomerado; ;NU PAGAMENTOS (conglomerado);Outros assuntos não regulados relacionados a cartão de crédito - instituição de pagamento;0;
2026;2º;Top 15 - Bancos, Financeiras e Instituições de Pagamento;Conglomerado; ;NU PAGAMENTOS (conglomerado);Pix  - chaves;0;
2026;2º;Top 15 - Bancos, Financeiras e Instituições de Pagamento;Conglomerado; ;NU PAGAMENTOS (conglomerado);Pix - Bloqueio ou devolução de valores;13;
2026;2º;Top 15 - Bancos, Financeiras e Instituições de Pagamento;Conglomerado; ;NU PAGAMENTOS (conglomerado);Pix - Bloqueio ou devolução irregular de valores - instituição de pagamento;0;
2026;2º;Top 15 - Bancos, Financeiras e Instituições de Pagamento;Conglomerado; ;NU PAGAMENTOS (conglomerado);Pix - diversos;0;
2026;2º;Top 15 - Bancos, Financeiras e Instituições de Pagamento;Conglomerado; ;NU PAGAMENTOS (conglomerado);Pix - Dificuldade para solicitar ou realizar devolução;0;
2026;2º;Top 15 - Bancos, Financeiras e Instituições de Pagamento;Conglomerado; ;NU PAGAMENTOS (conglomerado);Pix - Dificuldade para solicitar ou realizar devolução - instituição de pagamento;0;
2026;2º;Top 15 - Bancos, Financeiras e Instituições de Pagamento;Conglomerado; ;NU PAGAMENTOS (conglomerado);Pix - experiência do usuário - instituição de pagamento;0;
2026;2º;Top 15 - Bancos, Financeiras e Instituições de Pagamento;Conglomerado; ;NU PAGAMENTOS (conglomerado);Pix - liquidação;0;
2026;2º;Top 15 - Bancos, Financeiras e Instituições de Pagamento;Conglomerado; ;NU PAGAMENTOS (conglomerado);Pix - liquidação - instituição de pagamento;0;
2026;2º;Top 15 - Bancos, Financeiras e Instituições de Pagamento;Conglomerado; ;NU PAGAMENTOS (conglomerado);Pix - outros;0;
2026;2º;Top 15 - Bancos, Financeiras e Instituições de Pagamento;Conglomerado; ;NU PAGAMENTOS (conglomerado);Pix - outros - instituição de pagamento;0;
2026;2º;Top 15 - Bancos, Financeiras e Instituições de Pagamento;Conglomerado; ;NU PAGAMENTOS (conglomerado);Pix Automático;0;
2026;2º;Top 15 - Bancos, Financeiras e Instituições de Pagamento;Conglomerado; ;NU PAGAMENTOS (conglomerado);Pix Automático - instituição de pagamento;0;
2026;2º;Top 15 - Bancos, Financeiras e Instituições de Pagamento;Conglomerado; ;NU PAGAMENTOS (conglomerado);PIX - Chaves - instituição de pagamento;0;
2026;2º;Top 15 - Bancos, Financeiras e Instituições de Pagamento;Conglomerado; ;NU PAGAMENTOS (conglomerado);PIX - Diversos - instituição de pagamento;0;
2026;2º;Top 15 - Bancos, Financeiras e Instituições de Pagamento;Conglomerado; ;NU PAGAMENTOS (conglomerado);PIX - Iniciação - instituição de pagamento;0;
2026;2º;Top 15 - Bancos, Financeiras e Instituições de Pagamento;Conglomerado; ;NU PAGAMENTOS (conglomerado);Prestação de serviço de forma irregular em conta-salário;0;
2026;2º;Top 15 - Bancos, Financeiras e Instituições de Pagamento;Conglomerado; ;NU PAGAMENTOS (conglomerado);Reclamações relacionadas a assuntos diversos;0;
2026;2º;Top 15 - Bancos, Financeiras e Instituições de Pagamento;Conglomerado; ;NU PAGAMENTOS (conglomerado);Reclamações relacionadas a assuntos diversos envolvendo - instituição de pagamento;0;
2026;2º;Top 15 - Bancos, Financeiras e Instituições de Pagamento;Conglomerado; ;NU PAGAMENTOS (conglomerado);Recusa de produtos ou serviços;0;
2026;2º;Top 15 - Bancos, Financeiras e Instituições de Pagamento;Conglomerado; ;NU PAGAMENTOS (conglomerado);Recusa de produtos ou serviços - instituição de pagamento;0;
2026;2º;Top 15 - Bancos, Financeiras e Instituições de Pagamento;Conglomerado; ;NU PAGAMENTOS (conglomerado);Renegociação de dívida (exceto cartão de crédito);0;
2026;2º;Top 15 - Bancos, Financeiras e Instituições de Pagamento;Conglomerado; ;NU PAGAMENTOS (conglomerado);Renegociação de dívida em instituição de pagamento;0;
2026;2º;Top 15 - Bancos, Financeiras e Instituições de Pagamento;Conglomerado; ;NU PAGAMENTOS (conglomerado);Restrição à realização de portabilidade de operações de crédito consignado relativas a pessoas naturais;13;
2026;2º;Top 15 - Bancos, Financeiras e Instituições de Pagamento;Conglomerado; ;NU PAGAMENTOS (conglomerado);Restrições cadastrais;0;
2026;2º;Top 15 - Bancos, Financeiras e Instituições de Pagamento;Conglomerado; ;NU PAGAMENTOS (conglomerado);Restrições cadastrais por parte - instituição de pagamento;0;
2026;2º;Top 15 - Bancos, Financeiras e Instituições de Pagamento;Conglomerado; ;NU PAGAMENTOS (conglomerado);Terminais eletrônicos, internet e aplicativos;0;
2026;2º;Top 15 - Bancos, Financeiras e Instituições de Pagamento;Conglomerado; ;NU PAGAMENTOS (conglomerado);Terminais eletrônicos, internet e aplicativos - instituição de pagamento;0;
2026;2º;Top 15 - Bancos, Financeiras e Instituições de Pagamento;Conglomerado; ;NU PAGAMENTOS (conglomerado);Transações não reconhecidas pelo titular da conta, realizadas por terceiros (invasão de conta) - instituição de pagamento;0;
2026;2º;Top 15 - Bancos, Financeiras e Instituições de Pagamento;Conglomerado; ;NU PAGAMENTOS (conglomerado);Transações não reconhecidas pelo titular da conta, realizadas por terceiros (invasão de conta) em instituições financeiras;0;
2026;2º;Top 15 - Bancos, Financeiras e Instituições de Pagamento;Conglomerado; ;NU PAGAMENTOS (conglomerado);Utilização incorreta da taxa de desconto no cálculo do valor presente relacionadas às demais operações de crédito, exceto as de crédito consignado e de financiamento imobiliário;0;
2026;2º;Demais Bancos, Financeiras e Instituições de Pagamento;Conglomerado; ;NVIO BRASIL BITSO IP (conglomerado);Abertura de conta de pagamento sem documentação necessária ou com documentação falsa - instituição de pagamento;10;
2026;2º;Demais Bancos, Financeiras e Instituições de Pagamento;Conglomerado; ;NVIO BRASIL BITSO IP (conglomerado);Bloqueio de valores ou de conta fora do âmbito do Pix - instituição de pagamento;3;
2026;2º;Demais Bancos, Financeiras e Instituições de Pagamento;Conglomerado; ;NVIO BRASIL BITSO IP (conglomerado);Cancelamento de contrato a pedido do cliente de conta de pagamento pós-paga não atendido - instituição de pagamento;0;
2026;2º;Demais Bancos, Financeiras e Instituições de Pagamento;Conglomerado; ;NVIO BRASIL BITSO IP (conglomerado);Irregularidades no processo de encerramento de conta de pagamento - instituição de pagamento;2;
2026;2º;Demais Bancos, Financeiras e Instituições de Pagamento;Conglomerado; ;NVIO BRASIL BITSO IP (conglomerado);Irregularidades relacionadas ao acompanhamento de conta de pagamento - instituição de pagamento;0;
2026;2º;Demais Bancos, Financeiras e Instituições de Pagamento;Conglomerado; ;NVIO BRASIL BITSO IP (conglomerado);Irregularidades relacionadas ao Sistema de Informações de Crédito do Banco Central (SCR) - instituição de pagamento;0;
2026;2º;Demais Bancos, Financeiras e Instituições de Pagamento;Conglomerado; ;NVIO BRASIL BITSO IP (conglomerado);Pix - Bloqueio ou devolução irregular de valores - instituição de pagamento;0;
2026;2º;Demais Bancos, Financeiras e Instituições de Pagamento;Conglomerado; ;NVIO BRASIL BITSO IP (conglomerado);Restrições cadastrais por parte - instituição de pagamento;0;
2026;2º;Demais Bancos, Financeiras e Instituições de Pagamento;Conglomerado; ;OKTO IP (conglomerado);Irregularidades relacionadas ao acompanhamento de conta de pagamento - instituição de pagamento;1;
2026;2º;Demais Bancos, Financeiras e Instituições de Pagamento;Conglomerado; ;OKTO IP (conglomerado);Pix - Dificuldade para solicitar ou realizar devolução - instituição de pagamento;0;
2026;2º;Demais Bancos, Financeiras e Instituições de Pagamento;Conglomerado; ;OMNI (conglomerado);Abertura de conta de pagamento sem documentação necessária ou com documentação falsa - instituição de pagamento;3;
2026;2º;Demais Bancos, Financeiras e Instituições de Pagamento;Conglomerado; ;OMNI (conglomerado);Cancelamento de contrato a pedido do cliente não atendido por instituição financeira;0;
2026;2º;Demais Bancos, Financeiras e Instituições de Pagamento;Conglomerado; ;OMNI (conglomerado);Cobrança irregular de tarifa em operação de crédito;0;
2026;2º;Demais Bancos, Financeiras e Instituições de Pagamento;Conglomerado; ;OMNI (conglomerado);Cobrança irregular de tarifa relacionada a conta ou serviços acessórios à conta;0;
2026;2º;Demais Bancos, Financeiras e Instituições de Pagamento;Conglomerado; ;OMNI (conglomerado);Cobranças diversas;0;
2026;2º;Demais Bancos, Financeiras e Instituições de Pagamento;Conglomerado; ;OMNI (conglomerado);Concessão de crédito (exceto consignado) sem a formalização do título adequado;0;
2026;2º;Demais Bancos, Financeiras e Instituições de Pagamento;Conglomerado; ;OMNI (conglomerado);Descumprimento contratual;0;
2026;2º;Demais Bancos, Financeiras e Instituições de Pagamento;Conglomerado; ;OMNI (conglomerado);Descumprimento de ordem judicial;0;
2026;2º;Demais Bancos, Financeiras e Instituições de Pagamento;Conglomerado; ;OMNI (conglomerado);Dificuldade na liberação ou substituição de bem;0;
2026;2º;Demais Bancos, Financeiras e Instituições de Pagamento;Conglomerado; ;OMNI (conglomerado);Falta de transparência na redação de documentos;2;
2026;2º;Demais Bancos, Financeiras e Instituições de Pagamento;Conglomerado; ;OMNI (conglomerado);Inclusão de dados incorretos no CCS (Cadastro de Clientes do Sistema Financeiro Nacional) - instituição de pagamento;2;
2026;2º;Demais Bancos, Financeiras e Instituições de Pagamento;Conglomerado; ;OMNI (conglomerado);Insatisfação com a resposta recebida da instituição financeira referente à reclamação registrada no BCB;0;
2026;2º;Demais Bancos, Financeiras e Instituições de Pagamento;Conglomerado; ;OMNI (conglomerado);Insatisfação com o atendimento prestado pelo SAC ou Central de Relacionamento;0;
2026;2º;Demais Bancos, Financeiras e Instituições de Pagamento;Conglomerado; ;OMNI (conglomerado);Insatisfação com o atendimento prestado pelo SAC ou Central de Relacionamento - instituição de pagamento;2;
2026;2º;Demais Bancos, Financeiras e Instituições de Pagamento;Conglomerado; ;OMNI (conglomerado);Irregularidades no processo de encerramento de conta de pagamento - instituição de pagamento;0;
2026;2º;Demais Bancos, Financeiras e Instituições de Pagamento;Conglomerado; ;OMNI (conglomerado);Irregularidades relacionadas ao fornecimento de documento para liquidação antecipada de operações de crédito;0;
2026;2º;Demais Bancos, Financeiras e Instituições de Pagamento;Conglomerado; ;OMNI (conglomerado);Irregularidades relacionadas ao fornecimento de documentos relativos a cartão de crédito;2;
2026;2º;Demais Bancos, Financeiras e Instituições de Pagamento;Conglomerado; ;OMNI (conglomerado);Irregularidades relacionadas ao fornecimento de documentos relativos a operação de crédito, exceto para liquidação antecipada e descritivo do crédito.;6;
2026;2º;Demais Bancos, Financeiras e Instituições de Pagamento;Conglomerado; ;OMNI (conglomerado);Irregularidades relacionadas ao fornecimento de informações relativas a operação de crédito contratada (DDC);0;
2026;2º;Demais Bancos, Financeiras e Instituições de Pagamento;Conglomerado; ;OMNI (conglomerado);Irregularidades relacionadas ao fornecimento de outros documentos, exceto os relativos a cartão de crédito, conta e operação de crédito;0;
2026;2º;Demais Bancos, Financeiras e Instituições de Pagamento;Conglomerado; ;OMNI (conglomerado);Irregularidades relacionadas ao Sistema de Informações de Crédito do Banco Central (SCR);0;
2026;2º;Demais Bancos, Financeiras e Instituições de Pagamento;Conglomerado; ;OMNI (conglomerado);Irregularidades relacionadas à liquidação de documentos (exceto cheques) - instituição de pagamento;0;
2026;2º;Demais Bancos, Financeiras e Instituições de Pagamento;Conglomerado; ;OMNI (conglomerado);Irregularidades relativas a integridade, confiabilidade, segurança, sigilo ou legitimidade das operações e serviços prestados relacionados a conta de pagamento pré-paga - instituição de pagamento;0;
2026;2º;Demais Bancos, Financeiras e Instituições de Pagamento;Conglomerado; ;OMNI (conglomerado);Irregularidades relativas a integridade, confiabilidade, segurança, sigilo ou legitimidade das operações e serviços relacionados a cartões de crédito;0;
2026;2º;Demais Bancos, Financeiras e Instituições de Pagamento;Conglomerado; ;OMNI (conglomerado);Irregularidades relativas a integridade, confiabilidade, segurança, sigilo ou legitimidade das operações e serviços, exceto as relacionadas a cartão de crédito, cartão de débito, internet banking, ATM, credenciadora e operação de crédito;0;
2026;2º;Demais Bancos, Financeiras e Instituições de Pagamento;Conglomerado; ;OMNI (conglomerado);Irregularidades relativas a integridade, confiabilidade, segurança, sigilo ou legitimidade dos serviços relacionados a operações de crédito consignado;0;
2026;2º;Demais Bancos, Financeiras e Instituições de Pagamento;Conglomerado; ;OMNI (conglomerado);Irregularidades relativas a integridade, confiabilidade, segurança, sigilo ou legitimidade dos serviços relacionados a operações de crédito, exceto consignado;10;
2026;2º;Demais Bancos, Financeiras e Instituições de Pagamento;Conglomerado; ;OMNI (conglomerado);Irregularidades relativas a operações de crédito de saldo devedor de fatura de cartão de crédito (rotativo e parcelamento) e respectiva cobrança de encargos;2;
2026;2º;Demais Bancos, Financeiras e Instituições de Pagamento;Conglomerado; ;OMNI (conglomerado);Juros e preços;0;
2026;2º;Demais Bancos, Financeiras e Instituições de Pagamento;Conglomerado; ;OMNI (conglomerado);Oferta ou prestação de informação a respeito de produtos e serviços de forma inadequada para conta de pagamento pré-paga - instituição de pagamento;3;
2026;2º;Demais Bancos, Financeiras e Instituições de Pagamento;Conglomerado; ;OMNI (conglomerado);Oferta ou prestação de informação sobre o cartão de crédito de forma inadequada ;0;
2026;2º;Demais Bancos, Financeiras e Instituições de Pagamento;Conglomerado; ;OMNI (conglomerado);Oferta ou prestação de informação sobre operação de crédito de forma inadequada, exceto crédito consignado;34;
2026;2º;Demais Bancos, Financeiras e Instituições de Pagamento;Conglomerado; ;OMNI (conglomerado);Reclamações relacionadas a assuntos diversos;0;
2026;2º;Demais Bancos, Financeiras e Instituições de Pagamento;Conglomerado; ;OMNI (conglomerado);Recusa de produtos ou serviços;0;
2026;2º;Demais Bancos, Financeiras e Instituições de Pagamento;Conglomerado; ;OMNI (conglomerado);Renegociação de dívida (exceto cartão de crédito);0;
2026;2º;Demais Bancos, Financeiras e Instituições de Pagamento;Conglomerado; ;OMNI (conglomerado);Renegociação de dívida em instituição de pagamento;0;
2026;2º;Demais Bancos, Financeiras e Instituições de Pagamento;Conglomerado; ;OMNI (conglomerado);Restrições cadastrais;0;
2026;2º;Demais Bancos, Financeiras e Instituições de Pagamento;Conglomerado; ;ORIGINAL (conglomerado);Ausência de título adequado relativo a cartão de crédito;2;
2026;2º;Demais Bancos, Financeiras e Instituições de Pagamento;Conglomerado; ;ORIGINAL (conglomerado);Cobrança irregular de tarifa relacionada ao cartão de crédito;0;
2026;2º;Demais Bancos, Financeiras e Instituições de Pagamento;Conglomerado; ;ORIGINAL (conglomerado);Cobranças diversas;0;
2026;2º;Demais Bancos, Financeiras e Instituições de Pagamento;Conglomerado; ;ORIGINAL (conglomerado);Concessão de crédito (exceto consignado) sem a formalização do título adequado;26;
2026;2º;Demais Bancos, Financeiras e Instituições de Pagamento;Conglomerado; ;ORIGINAL (conglomerado);Débito em conta de pagamento pré-paga não autorizado pelo cliente, ou não cumprimento das regras aplicáveis;2;
2026;2º;Demais Bancos, Financeiras e Instituições de Pagamento;Conglomerado; ;ORIGINAL (conglomerado);Débito em conta não autorizado pelo cliente, ou não cumprimento das regras aplicáveis;2;
2026;2º;Demais Bancos, Financeiras e Instituições de Pagamento;Conglomerado; ;ORIGINAL (conglomerado);Encaminhamento de instrumentos de pagamento não solicitados;2;
2026;2º;Demais Bancos, Financeiras e Instituições de Pagamento;Conglomerado; ;ORIGINAL (conglomerado);Inclusão de dados incorretos no CCS (Cadastro de Clientes do Sistema Financeiro Nacional);0;
2026;2º;Demais Bancos, Financeiras e Instituições de Pagamento;Conglomerado; ;ORIGINAL (conglomerado);Insatisfação com a resposta recebida da instituição financeira referente à reclamação registrada no BCB;0;
2026;2º;Demais Bancos, Financeiras e Instituições de Pagamento;Conglomerado; ;ORIGINAL (conglomerado);Insatisfação com o atendimento prestado pelo SAC ou Central de Relacionamento;2;
2026;2º;Demais Bancos, Financeiras e Instituições de Pagamento;Conglomerado; ;ORIGINAL (conglomerado);Irregularidades no processo de encerramento de conta de depósitos à vista;0;
2026;2º;Demais Bancos, Financeiras e Instituições de Pagamento;Conglomerado; ;ORIGINAL (conglomerado);Irregularidades relacionadas ao fornecimento de documento para liquidação antecipada de operações de crédito;2;
2026;2º;Demais Bancos, Financeiras e Instituições de Pagamento;Conglomerado; ;ORIGINAL (conglomerado);Irregularidades relacionadas ao fornecimento de documentos relativos a cartão de crédito;0;
2026;2º;Demais Bancos, Financeiras e Instituições de Pagamento;Conglomerado; ;ORIGINAL (conglomerado);Irregularidades relacionadas ao fornecimento de documentos relativos a conta;0;
2026;2º;Demais Bancos, Financeiras e Instituições de Pagamento;Conglomerado; ;ORIGINAL (conglomerado);Irregularidades relacionadas ao fornecimento de documentos relativos a operação de crédito, exceto para liquidação antecipada e descritivo do crédito.;2;
2026;2º;Demais Bancos, Financeiras e Instituições de Pagamento;Conglomerado; ;ORIGINAL (conglomerado);Irregularidades relacionadas ao fornecimento de informações relativas a operação de crédito contratada (DDC);4;
2026;2º;Demais Bancos, Financeiras e Instituições de Pagamento;Conglomerado; ;ORIGINAL (conglomerado);Irregularidades relacionadas ao fornecimento de outros documentos, exceto os relativos a cartão de crédito, conta e operação de crédito;0;
2026;2º;Demais Bancos, Financeiras e Instituições de Pagamento;Conglomerado; ;ORIGINAL (conglomerado);Irregularidades relacionadas ao Sistema de Informações de Crédito do Banco Central (SCR);4;
2026;2º;Demais Bancos, Financeiras e Instituições de Pagamento;Conglomerado; ;ORIGINAL (conglomerado);Irregularidades relativas a integridade, confiabilidade, segurança, sigilo ou legitimidade das operações e serviços relacionados a cartões de crédito;7;
2026;2º;Demais Bancos, Financeiras e Instituições de Pagamento;Conglomerado; ;ORIGINAL (conglomerado);Irregularidades relativas a integridade, confiabilidade, segurança, sigilo ou legitimidade das operações e serviços, exceto as relacionadas a cartão de crédito, cartão de débito, internet banking, ATM, credenciadora e operação de crédito;2;
2026;2º;Demais Bancos, Financeiras e Instituições de Pagamento;Conglomerado; ;ORIGINAL (conglomerado);Irregularidades relativas a integridade, confiabilidade, segurança, sigilo ou legitimidade dos serviços relacionados a operações de crédito consignado;0;
2026;2º;Demais Bancos, Financeiras e Instituições de Pagamento;Conglomerado; ;ORIGINAL (conglomerado);Irregularidades relativas a integridade, confiabilidade, segurança, sigilo ou legitimidade dos serviços relacionados a operações de crédito, exceto consignado;13;
2026;2º;Demais Bancos, Financeiras e Instituições de Pagamento;Conglomerado; ;ORIGINAL (conglomerado);Irregularidades relativas a operações de crédito de saldo devedor de fatura de cartão de crédito (rotativo e parcelamento) e respectiva cobrança de encargos;0;
2026;2º;Demais Bancos, Financeiras e Instituições de Pagamento;Conglomerado; ;ORIGINAL (conglomerado);Juros e preços;0;
2026;2º;Demais Bancos, Financeiras e Instituições de Pagamento;Conglomerado; ;ORIGINAL (conglomerado);Oferta ou prestação de informação sobre operação de crédito de forma inadequada, exceto crédito consignado;0;
2026;2º;Demais Bancos, Financeiras e Instituições de Pagamento;Conglomerado; ;ORIGINAL (conglomerado);Pix  - chaves;0;
2026;2º;Demais Bancos, Financeiras e Instituições de Pagamento;Conglomerado; ;ORIGINAL (conglomerado);Reclamações relacionadas a assuntos diversos;0;
2026;2º;Demais Bancos, Financeiras e Instituições de Pagamento;Conglomerado; ;ORIGINAL (conglomerado);Recusa de produtos ou serviços;0;
2026;2º;Demais Bancos, Financeiras e Instituições de Pagamento;Conglomerado; ;ORIGINAL (conglomerado);Renegociação de dívida (exceto cartão de crédito);0;
2026;2º;Demais Bancos, Financeiras e Instituições de Pagamento;Conglomerado; ;ORIGINAL (conglomerado);Restrição à realização de portabilidade de operações de crédito consignado relativas a pessoas naturais;0;
2026;2º;Demais Bancos, Financeiras e Instituições de Pagamento;Conglomerado; ;ORIGINAL (conglomerado);Restrições cadastrais;0;
2026;2º;Demais Bancos, Financeiras e Instituições de Pagamento;Conglomerado; ;OURIBANK (conglomerado);Abertura de conta de depósito com documentação ausente, insuficiente ou falsa;0;
2026;2º;Demais Bancos, Financeiras e Instituições de Pagamento;Conglomerado; ;OURIBANK (conglomerado);Abertura de conta de pagamento sem documentação necessária ou com documentação falsa;0;
2026;2º;Demais Bancos, Financeiras e Instituições de Pagamento;Conglomerado; ;OURIBANK (conglomerado);Bloqueio de valores ou de conta fora do âmbito do Pix;0;
2026;2º;Demais Bancos, Financeiras e Instituições de Pagamento;Conglomerado; ;OURIBANK (conglomerado);Inclusão de dados incorretos no CCS (Cadastro de Clientes do Sistema Financeiro Nacional);1;
2026;2º;Demais Bancos, Financeiras e Instituições de Pagamento;Conglomerado; ;OURIBANK (conglomerado);Insatisfação com a resposta recebida da instituição financeira referente à reclamação registrada no BCB;0;
2026;2º;Demais Bancos, Financeiras e Instituições de Pagamento;Conglomerado; ;OURIBANK (conglomerado);Insatisfação com o atendimento prestado pelo SAC ou Central de Relacionamento;0;
2026;2º;Demais Bancos, Financeiras e Instituições de Pagamento;Conglomerado; ;OURIBANK (conglomerado);Irregularidades no processo de encerramento de conta de depósitos à vista;0;
2026;2º;Demais Bancos, Financeiras e Instituições de Pagamento;Conglomerado; ;OURIBANK (conglomerado);Irregularidades no processo de encerramento de conta de pagamento;0;
2026;2º;Demais Bancos, Financeiras e Instituições de Pagamento;Conglomerado; ;OURIBANK (conglomerado);Irregularidades relacionadas a operações no mercado de câmbio;0;
2026;2º;Demais Bancos, Financeiras e Instituições de Pagamento;Conglomerado; ;OURIBANK (conglomerado);Irregularidades relacionadas ao fornecimento de documentos relativos a conta;0;
2026;2º;Demais Bancos, Financeiras e Instituições de Pagamento;Conglomerado; ;OURIBANK (conglomerado);Irregularidades relacionadas ao fornecimento de outros documentos, exceto os relativos a cartão de crédito, conta e operação de crédito;0;
2026;2º;Demais Bancos, Financeiras e Instituições de Pagamento;Conglomerado; ;OURIBANK (conglomerado);Irregularidades relativas a integridade, confiabilidade, segurança, sigilo ou legitimidade das operações e serviços relacionados a cartões de crédito;0;
2026;2º;Demais Bancos, Financeiras e Instituições de Pagamento;Conglomerado; ;OURIBANK (conglomerado);Irregularidades relativas a integridade, confiabilidade, segurança, sigilo ou legitimidade das operações e serviços relacionados a cartões de débito;0;
2026;2º;Demais Bancos, Financeiras e Instituições de Pagamento;Conglomerado; ;OURIBANK (conglomerado);Irregularidades relativas a integridade, confiabilidade, segurança, sigilo ou legitimidade das operações e serviços, exceto as relacionadas a cartão de crédito, cartão de débito, internet banking, ATM, credenciadora e operação de crédito;0;
2026;2º;Demais Bancos, Financeiras e Instituições de Pagamento;Conglomerado; ;OURIBANK (conglomerado);Oferta ou prestação de informação sobre produtos e serviços de forma inadequada, exceto as relacionadas a cartão de crédito, conta e serviços acessórios, credenciadora de cartão e operação de crédito;0;
2026;2º;Demais Bancos, Financeiras e Instituições de Pagamento;Conglomerado; ;OURIBANK (conglomerado);Outras irregularidades ;0;
2026;2º;Demais Bancos, Financeiras e Instituições de Pagamento;Conglomerado; ;OURIBANK (conglomerado);Outras irregularidades relacionadas a tarifas;0;
2026;2º;Demais Bancos, Financeiras e Instituições de Pagamento;Conglomerado; ;OURIBANK (conglomerado);Pix - diversos;0;
2026;2º;Demais Bancos, Financeiras e Instituições de Pagamento;Conglomerado; ;OURIBANK (conglomerado);Pix - liquidação;0;
2026;2º;Demais Bancos, Financeiras e Instituições de Pagamento;Conglomerado; ;OURIBANK (conglomerado);Reclamações relacionadas a assuntos diversos;0;
2026;2º;Demais Bancos, Financeiras e Instituições de Pagamento;Conglomerado; ;OURIBANK (conglomerado);Recusa de produtos ou serviços;0;
2026;2º;Demais Bancos, Financeiras e Instituições de Pagamento;Conglomerado; ;OURIBANK (conglomerado);Renegociação de dívida (exceto cartão de crédito);0;
2026;2º;Demais Bancos, Financeiras e Instituições de Pagamento;Conglomerado; ;OURIBANK (conglomerado);Restrições cadastrais;0;
2026;2º;Demais Bancos, Financeiras e Instituições de Pagamento;Conglomerado; ;OURIBANK (conglomerado);Terminais eletrônicos, internet e aplicativos;0;
2026;2º;Demais Bancos, Financeiras e Instituições de Pagamento;Conglomerado; ;PAGARE IP (conglomerado);Bloqueio de valores ou de conta fora do âmbito do Pix - instituição de pagamento;0;
2026;2º;Demais Bancos, Financeiras e Instituições de Pagamento;Conglomerado; ;PAGBRASIL TECNOLOGIA IP (conglomerado);Bloqueio de valores ou de conta fora do âmbito do Pix - instituição de pagamento;0;
2026;2º;Demais Bancos, Financeiras e Instituições de Pagamento;Conglomerado; ;PAGBRASIL TECNOLOGIA IP (conglomerado);Irregularidades no processo de encerramento de conta de pagamento - instituição de pagamento;0;
2026;2º;Demais Bancos, Financeiras e Instituições de Pagamento;Conglomerado; ;PAGBRASIL TECNOLOGIA IP (conglomerado);Irregularidades relacionadas ao acompanhamento de conta de pagamento - instituição de pagamento;0;
2026;2º;Demais Bancos, Financeiras e Instituições de Pagamento;Conglomerado; ;PAGBRASIL TECNOLOGIA IP (conglomerado);Irregularidades relativas a integridade, confiabilidade, segurança, sigilo ou legitimidade das operações e serviços prestados relacionados a conta de pagamento pré-paga - instituição de pagamento;0;
2026;2º;Demais Bancos, Financeiras e Instituições de Pagamento;Conglomerado; ;PAGBRASIL TECNOLOGIA IP (conglomerado);Limites de transação - instituição de pagamento;0;
2026;2º;Demais Bancos, Financeiras e Instituições de Pagamento;Conglomerado; ;PAGBRASIL TECNOLOGIA IP (conglomerado);Pix - Dificuldade para solicitar ou realizar devolução - instituição de pagamento;0;
2026;2º;Demais Bancos, Financeiras e Instituições de Pagamento;Conglomerado; ;PAGBRASIL TECNOLOGIA IP (conglomerado);Restrições cadastrais por parte - instituição de pagamento;0;
2026;2º;Demais Bancos, Financeiras e Instituições de Pagamento;Conglomerado; ;PAGCERTO IP (conglomerado);Abertura de conta de pagamento sem documentação necessária ou com documentação falsa - instituição de pagamento;2;
2026;2º;Demais Bancos, Financeiras e Instituições de Pagamento;Conglomerado; ;PAGCERTO IP (conglomerado);Bloqueio de valores ou de conta fora do âmbito do Pix - instituição de pagamento;0;
2026;2º;Demais Bancos, Financeiras e Instituições de Pagamento;Conglomerado; ;PAGCERTO IP (conglomerado);Irregularidades relacionadas ao acompanhamento de conta de pagamento - instituição de pagamento;5;
2026;2º;Demais Bancos, Financeiras e Instituições de Pagamento;Conglomerado; ;PAGCERTO IP (conglomerado);Irregularidades relacionadas ao fornecimento de documentos por conta de pagamentos pré-paga - instituição de pagamento;0;
2026;2º;Demais Bancos, Financeiras e Instituições de Pagamento;Conglomerado; ;PAGCERTO IP (conglomerado);Irregularidades relativas a integridade, confiabilidade, segurança, sigilo ou legitimidade das operações e serviços prestados relacionados a conta de pagamento pré-paga - instituição de pagamento;0;
2026;2º;Demais Bancos, Financeiras e Instituições de Pagamento;Conglomerado; ;PAGCERTO IP (conglomerado);Oferta ou prestação de informação a respeito de produtos e serviços de forma inadequada para conta de pagamento pré-paga - instituição de pagamento;2;
2026;2º;Demais Bancos, Financeiras e Instituições de Pagamento;Conglomerado; ;PAGCERTO IP (conglomerado);PIX - Chaves - instituição de pagamento;2;
2026;2º;Demais Bancos, Financeiras e Instituições de Pagamento;Banco/financeira;20110153;PAGHIPER INSTITUIÇAO DE PAGAMENTO LTDA.;Pix - Dificuldade para solicitar ou realizar devolução - instituição de pagamento;0;
2026;2º;Demais Bancos, Financeiras e Instituições de Pagamento;Conglomerado; ;PAGME IP (conglomerado);Irregularidades relacionadas ao acompanhamento de conta de pagamento - instituição de pagamento;3;
2026;2º;Top 15 - Bancos, Financeiras e Instituições de Pagamento;Conglomerado; ;PAGSEGURO (conglomerado);Abertura de conta de depósito com documentação ausente, insuficiente ou falsa;0;
2026;2º;Top 15 - Bancos, Financeiras e Instituições de Pagamento;Conglomerado; ;PAGSEGURO (conglomerado);Abertura de conta de pagamento sem documentação necessária ou com documentação falsa;19;
2026;2º;Top 15 - Bancos, Financeiras e Instituições de Pagamento;Conglomerado; ;PAGSEGURO (conglomerado);Abertura de conta de pagamento sem documentação necessária ou com documentação falsa - instituição de pagamento;29;
2026;2º;Top 15 - Bancos, Financeiras e Instituições de Pagamento;Conglomerado; ;PAGSEGURO (conglomerado);Bloqueio de valores ou de conta fora do âmbito do Pix;5;
2026;2º;Top 15 - Bancos, Financeiras e Instituições de Pagamento;Conglomerado; ;PAGSEGURO (conglomerado);Bloqueio de valores ou de conta fora do âmbito do Pix - instituição de pagamento;76;
2026;2º;Top 15 - Bancos, Financeiras e Instituições de Pagamento;Conglomerado; ;PAGSEGURO (conglomerado);Cancelamento de contrato a pedido do cliente de conta de pagamento pré-paga não atendido - instituição de pagamento;14;
2026;2º;Top 15 - Bancos, Financeiras e Instituições de Pagamento;Conglomerado; ;PAGSEGURO (conglomerado);Cobrança irregular de tarifa em conta de pagamento pré-paga - instituição de pagamento;0;
2026;2º;Top 15 - Bancos, Financeiras e Instituições de Pagamento;Conglomerado; ;PAGSEGURO (conglomerado);Cobranças diversas de IPs;0;
2026;2º;Top 15 - Bancos, Financeiras e Instituições de Pagamento;Conglomerado; ;PAGSEGURO (conglomerado);Concessão de crédito (exceto consignado) sem a formalização do título adequado;19;
2026;2º;Top 15 - Bancos, Financeiras e Instituições de Pagamento;Conglomerado; ;PAGSEGURO (conglomerado);Concessão de crédito consignado sem a formalização do título adequado;0;
2026;2º;Top 15 - Bancos, Financeiras e Instituições de Pagamento;Conglomerado; ;PAGSEGURO (conglomerado);Descumprimento de prazo de resposta da reclamação registrada no BCB - instituição de pagamento;0;
2026;2º;Top 15 - Bancos, Financeiras e Instituições de Pagamento;Conglomerado; ;PAGSEGURO (conglomerado);Débito em conta de pagamento pré-paga não autorizado pelo cliente, ou não cumprimento das regras aplicáveis - instituição de pagamento;52;
2026;2º;Top 15 - Bancos, Financeiras e Instituições de Pagamento;Conglomerado; ;PAGSEGURO (conglomerado);Falta de transparência na redação de documentos;5;
2026;2º;Top 15 - Bancos, Financeiras e Instituições de Pagamento;Conglomerado; ;PAGSEGURO (conglomerado);Falta de transparência na redação de documentos - instituição de pagamento;10;
2026;2º;Top 15 - Bancos, Financeiras e Instituições de Pagamento;Conglomerado; ;PAGSEGURO (conglomerado);Golpe;0;
2026;2º;Top 15 - Bancos, Financeiras e Instituições de Pagamento;Conglomerado; ;PAGSEGURO (conglomerado);Inclusão de dados incorretos no CCS (Cadastro de Clientes do Sistema Financeiro Nacional);19;
2026;2º;Top 15 - Bancos, Financeiras e Instituições de Pagamento;Conglomerado; ;PAGSEGURO (conglomerado);Inclusão de dados incorretos no CCS (Cadastro de Clientes do Sistema Financeiro Nacional) - instituição de pagamento;5;
2026;2º;Top 15 - Bancos, Financeiras e Instituições de Pagamento;Conglomerado; ;PAGSEGURO (conglomerado);Insatisfação com a resposta referente à reclamação registrada no BCB recebida - instituição de pagamento;5;
2026;2º;Top 15 - Bancos, Financeiras e Instituições de Pagamento;Conglomerado; ;PAGSEGURO (conglomerado);Insatisfação com o atendimento prestado pelo SAC ou Central de Relacionamento;29;
2026;2º;Top 15 - Bancos, Financeiras e Instituições de Pagamento;Conglomerado; ;PAGSEGURO (conglomerado);Insatisfação com o atendimento prestado pelo SAC ou Central de Relacionamento - instituição de pagamento;24;
2026;2º;Top 15 - Bancos, Financeiras e Instituições de Pagamento;Conglomerado; ;PAGSEGURO (conglomerado);Irregularidades no processo de encerramento de conta de depósitos à vista;10;
2026;2º;Top 15 - Bancos, Financeiras e Instituições de Pagamento;Conglomerado; ;PAGSEGURO (conglomerado);Irregularidades no processo de encerramento de conta de pagamento;5;
2026;2º;Top 15 - Bancos, Financeiras e Instituições de Pagamento;Conglomerado; ;PAGSEGURO (conglomerado);Irregularidades no processo de encerramento de conta de pagamento - instituição de pagamento;33;
2026;2º;Top 15 - Bancos, Financeiras e Instituições de Pagamento;Conglomerado; ;PAGSEGURO (conglomerado);Irregularidades relacionadas a informações e liquidação de valores a receber no sistema SVR do BCB - instituições de pagamento;0;
2026;2º;Top 15 - Bancos, Financeiras e Instituições de Pagamento;Conglomerado; ;PAGSEGURO (conglomerado);Irregularidades relacionadas ao acompanhamento de conta de pagamento;0;
2026;2º;Top 15 - Bancos, Financeiras e Instituições de Pagamento;Conglomerado; ;PAGSEGURO (conglomerado);Irregularidades relacionadas ao acompanhamento de conta de pagamento - instituição de pagamento;48;
2026;2º;Top 15 - Bancos, Financeiras e Instituições de Pagamento;Conglomerado; ;PAGSEGURO (conglomerado);Irregularidades relacionadas ao fornecimento de documento para liquidação antecipada de operações de crédito;5;
2026;2º;Top 15 - Bancos, Financeiras e Instituições de Pagamento;Conglomerado; ;PAGSEGURO (conglomerado);Irregularidades relacionadas ao fornecimento de documentos por conta de pagamentos pós-paga - instituição de pagamento;10;
2026;2º;Top 15 - Bancos, Financeiras e Instituições de Pagamento;Conglomerado; ;PAGSEGURO (conglomerado);Irregularidades relacionadas ao fornecimento de documentos por conta de pagamentos pré-paga - instituição de pagamento;19;
2026;2º;Top 15 - Bancos, Financeiras e Instituições de Pagamento;Conglomerado; ;PAGSEGURO (conglomerado);Irregularidades relacionadas ao fornecimento de documentos relativos a cartão de crédito;5;
2026;2º;Top 15 - Bancos, Financeiras e Instituições de Pagamento;Conglomerado; ;PAGSEGURO (conglomerado);Irregularidades relacionadas ao fornecimento de documentos relativos a conta;0;
2026;2º;Top 15 - Bancos, Financeiras e Instituições de Pagamento;Conglomerado; ;PAGSEGURO (conglomerado);Irregularidades relacionadas ao fornecimento de documentos relativos a operação de crédito, exceto para liquidação antecipada e descritivo do crédito.;0;
2026;2º;Top 15 - Bancos, Financeiras e Instituições de Pagamento;Conglomerado; ;PAGSEGURO (conglomerado);Irregularidades relacionadas ao fornecimento de informações relativas a operação de crédito contratada (DDC);5;
2026;2º;Top 15 - Bancos, Financeiras e Instituições de Pagamento;Conglomerado; ;PAGSEGURO (conglomerado);Irregularidades relacionadas ao Sistema de Informações de Crédito do Banco Central (SCR);0;
2026;2º;Top 15 - Bancos, Financeiras e Instituições de Pagamento;Conglomerado; ;PAGSEGURO (conglomerado);Irregularidades relacionadas ao Sistema de Informações de Crédito do Banco Central (SCR) - instituição de pagamento;0;
2026;2º;Top 15 - Bancos, Financeiras e Instituições de Pagamento;Conglomerado; ;PAGSEGURO (conglomerado);Irregularidades relacionadas à liquidação de documentos (exceto cheques) - instituição de pagamento;0;
2026;2º;Top 15 - Bancos, Financeiras e Instituições de Pagamento;Conglomerado; ;PAGSEGURO (conglomerado);Irregularidades relativas a integridade, confiabilidade, segurança, sigilo ou legitimidade das operações e serviços disponibilizados em internet banking;5;
2026;2º;Top 15 - Bancos, Financeiras e Instituições de Pagamento;Conglomerado; ;PAGSEGURO (conglomerado);Irregularidades relativas a integridade, confiabilidade, segurança, sigilo ou legitimidade das operações e serviços prestados relacionados a conta de pagamento pós-paga - instituição de pagamento;52;
2026;2º;Top 15 - Bancos, Financeiras e Instituições de Pagamento;Conglomerado; ;PAGSEGURO (conglomerado);Irregularidades relativas a integridade, confiabilidade, segurança, sigilo ou legitimidade das operações e serviços prestados relacionados a conta de pagamento pré-paga - instituição de pagamento;129;
2026;2º;Top 15 - Bancos, Financeiras e Instituições de Pagamento;Conglomerado; ;PAGSEGURO (conglomerado);Irregularidades relativas a integridade, confiabilidade, segurança, sigilo ou legitimidade das operações e serviços relacionados a cartões de crédito;5;
2026;2º;Top 15 - Bancos, Financeiras e Instituições de Pagamento;Conglomerado; ;PAGSEGURO (conglomerado);Irregularidades relativas a integridade, confiabilidade, segurança, sigilo ou legitimidade das operações e serviços, exceto as relacionadas a cartão de crédito, cartão de débito, internet banking, ATM, credenciadora e operação de crédito;0;
2026;2º;Top 15 - Bancos, Financeiras e Instituições de Pagamento;Conglomerado; ;PAGSEGURO (conglomerado);Irregularidades relativas a integridade, confiabilidade, segurança, sigilo ou legitimidade dos serviços relacionados a operações de crédito consignado;38;
2026;2º;Top 15 - Bancos, Financeiras e Instituições de Pagamento;Conglomerado; ;PAGSEGURO (conglomerado);Irregularidades relativas a integridade, confiabilidade, segurança, sigilo ou legitimidade dos serviços relacionados a operações de crédito, exceto consignado;19;
2026;2º;Top 15 - Bancos, Financeiras e Instituições de Pagamento;Conglomerado; ;PAGSEGURO (conglomerado);Irregularidades relativas a operações de crédito de saldo devedor de fatura de cartão de crédito (rotativo e parcelamento) e respectiva cobrança de encargos - instituições de pagamento;5;
2026;2º;Top 15 - Bancos, Financeiras e Instituições de Pagamento;Conglomerado; ;PAGSEGURO (conglomerado);Irregularidades relativas a telemarketing, SMS ou Whatsapp com oferta de produtos e serviços;0;
2026;2º;Top 15 - Bancos, Financeiras e Instituições de Pagamento;Conglomerado; ;PAGSEGURO (conglomerado);Juros e preços;0;
2026;2º;Top 15 - Bancos, Financeiras e Instituições de Pagamento;Conglomerado; ;PAGSEGURO (conglomerado);Limites de transação - instituição de pagamento;0;
2026;2º;Top 15 - Bancos, Financeiras e Instituições de Pagamento;Conglomerado; ;PAGSEGURO (conglomerado);Oferta ou prestação de informação a respeito de produtos e serviços de forma inadequada para conta de pagamento pós-paga - instituição de pagamento;57;
2026;2º;Top 15 - Bancos, Financeiras e Instituições de Pagamento;Conglomerado; ;PAGSEGURO (conglomerado);Oferta ou prestação de informação a respeito de produtos e serviços de forma inadequada para conta de pagamento pré-paga - instituição de pagamento;48;
2026;2º;Top 15 - Bancos, Financeiras e Instituições de Pagamento;Conglomerado; ;PAGSEGURO (conglomerado);Oferta ou prestação de informação sobre a conta ou serviços acessórios de forma inadequada ;52;
2026;2º;Top 15 - Bancos, Financeiras e Instituições de Pagamento;Conglomerado; ;PAGSEGURO (conglomerado);Oferta ou prestação de informação sobre crédito consignado de forma inadequada;10;
2026;2º;Top 15 - Bancos, Financeiras e Instituições de Pagamento;Conglomerado; ;PAGSEGURO (conglomerado);Outras irregularidades ;0;
2026;2º;Top 15 - Bancos, Financeiras e Instituições de Pagamento;Conglomerado; ;PAGSEGURO (conglomerado);Outras irregularidades - instituição de pagamento;0;
2026;2º;Top 15 - Bancos, Financeiras e Instituições de Pagamento;Conglomerado; ;PAGSEGURO (conglomerado);Outras irregularidades relacionadas a cartões de crédito - instituição de pagamento;0;
2026;2º;Top 15 - Bancos, Financeiras e Instituições de Pagamento;Conglomerado; ;PAGSEGURO (conglomerado);Pix  - chaves;0;
2026;2º;Top 15 - Bancos, Financeiras e Instituições de Pagamento;Conglomerado; ;PAGSEGURO (conglomerado);Pix - Bloqueio ou devolução irregular de valores - instituição de pagamento;5;
2026;2º;Top 15 - Bancos, Financeiras e Instituições de Pagamento;Conglomerado; ;PAGSEGURO (conglomerado);Pix - Dificuldade para solicitar ou realizar devolução;0;
2026;2º;Top 15 - Bancos, Financeiras e Instituições de Pagamento;Conglomerado; ;PAGSEGURO (conglomerado);Pix - Dificuldade para solicitar ou realizar devolução - instituição de pagamento;19;
2026;2º;Top 15 - Bancos, Financeiras e Instituições de Pagamento;Conglomerado; ;PAGSEGURO (conglomerado);Pix - experiência do usuário - instituição de pagamento;0;
2026;2º;Top 15 - Bancos, Financeiras e Instituições de Pagamento;Conglomerado; ;PAGSEGURO (conglomerado);Pix - liquidação;0;
2026;2º;Top 15 - Bancos, Financeiras e Instituições de Pagamento;Conglomerado; ;PAGSEGURO (conglomerado);Pix - liquidação - instituição de pagamento;0;
2026;2º;Top 15 - Bancos, Financeiras e Instituições de Pagamento;Conglomerado; ;PAGSEGURO (conglomerado);Pix - outros - instituição de pagamento;0;
2026;2º;Top 15 - Bancos, Financeiras e Instituições de Pagamento;Conglomerado; ;PAGSEGURO (conglomerado);PIX - Chaves - instituição de pagamento;0;
2026;2º;Top 15 - Bancos, Financeiras e Instituições de Pagamento;Conglomerado; ;PAGSEGURO (conglomerado);PIX - Diversos - instituição de pagamento;0;
2026;2º;Top 15 - Bancos, Financeiras e Instituições de Pagamento;Conglomerado; ;PAGSEGURO (conglomerado);PIX - Iniciação - instituição de pagamento;0;
2026;2º;Top 15 - Bancos, Financeiras e Instituições de Pagamento;Conglomerado; ;PAGSEGURO (conglomerado);Reclamações relacionadas a assuntos diversos;0;
2026;2º;Top 15 - Bancos, Financeiras e Instituições de Pagamento;Conglomerado; ;PAGSEGURO (conglomerado);Reclamações relacionadas a assuntos diversos envolvendo - instituição de pagamento;0;
2026;2º;Top 15 - Bancos, Financeiras e Instituições de Pagamento;Conglomerado; ;PAGSEGURO (conglomerado);Recusa de produtos ou serviços - instituição de pagamento;0;
2026;2º;Top 15 - Bancos, Financeiras e Instituições de Pagamento;Conglomerado; ;PAGSEGURO (conglomerado);Renegociação de dívida (exceto cartão de crédito);0;
2026;2º;Top 15 - Bancos, Financeiras e Instituições de Pagamento;Conglomerado; ;PAGSEGURO (conglomerado);Renegociação de dívida em instituição de pagamento;0;
2026;2º;Top 15 - Bancos, Financeiras e Instituições de Pagamento;Conglomerado; ;PAGSEGURO (conglomerado);Restrição à realização de portabilidade de operações de crédito consignado relativas a pessoas naturais;19;
2026;2º;Top 15 - Bancos, Financeiras e Instituições de Pagamento;Conglomerado; ;PAGSEGURO (conglomerado);Restrições cadastrais;0;
2026;2º;Top 15 - Bancos, Financeiras e Instituições de Pagamento;Conglomerado; ;PAGSEGURO (conglomerado);Restrições cadastrais por parte - instituição de pagamento;0;
2026;2º;Top 15 - Bancos, Financeiras e Instituições de Pagamento;Conglomerado; ;PAGSEGURO (conglomerado);Terminais eletrônicos, internet e aplicativos - instituição de pagamento;0;
2026;2º;Top 15 - Bancos, Financeiras e Instituições de Pagamento;Conglomerado; ;PAGSEGURO (conglomerado);Transações não reconhecidas pelo titular da conta, realizadas por terceiros (invasão de conta) - instituição de pagamento;71;
2026;2º;Top 15 - Bancos, Financeiras e Instituições de Pagamento;Conglomerado; ;PAGSEGURO (conglomerado);Transações não reconhecidas pelo titular da conta, realizadas por terceiros (invasão de conta) em instituições financeiras;5;
2026;2º;Demais Bancos, Financeiras e Instituições de Pagamento;Conglomerado; ;PAGUEVELOZ IP (conglomerado);Abertura de conta de pagamento sem documentação necessária ou com documentação falsa - instituição de pagamento;9;
2026;2º;Demais Bancos, Financeiras e Instituições de Pagamento;Conglomerado; ;PAGUEVELOZ IP (conglomerado);Bloqueio de valores ou de conta fora do âmbito do Pix - instituição de pagamento;0;
2026;2º;Demais Bancos, Financeiras e Instituições de Pagamento;Conglomerado; ;PAGUEVELOZ IP (conglomerado);Cancelamento de contrato a pedido do cliente de conta de pagamento pré-paga não atendido - instituição de pagamento;0;
2026;2º;Demais Bancos, Financeiras e Instituições de Pagamento;Conglomerado; ;PAGUEVELOZ IP (conglomerado);Cobranças diversas de IPs;0;
2026;2º;Demais Bancos, Financeiras e Instituições de Pagamento;Conglomerado; ;PAGUEVELOZ IP (conglomerado);Inclusão de dados incorretos no CCS (Cadastro de Clientes do Sistema Financeiro Nacional) - instituição de pagamento;0;
2026;2º;Demais Bancos, Financeiras e Instituições de Pagamento;Conglomerado; ;PAGUEVELOZ IP (conglomerado);Insatisfação com a resposta referente à reclamação registrada no BCB recebida - instituição de pagamento;0;
2026;2º;Demais Bancos, Financeiras e Instituições de Pagamento;Conglomerado; ;PAGUEVELOZ IP (conglomerado);Insatisfação com o atendimento prestado pelo SAC ou Central de Relacionamento - instituição de pagamento;0;
2026;2º;Demais Bancos, Financeiras e Instituições de Pagamento;Conglomerado; ;PAGUEVELOZ IP (conglomerado);Irregularidades no processo de encerramento de conta de pagamento - instituição de pagamento;2;
2026;2º;Demais Bancos, Financeiras e Instituições de Pagamento;Conglomerado; ;PAGUEVELOZ IP (conglomerado);Irregularidades relacionadas a informações e liquidação de valores a receber no sistema SVR do BCB - instituições de pagamento;2;
2026;2º;Demais Bancos, Financeiras e Instituições de Pagamento;Conglomerado; ;PAGUEVELOZ IP (conglomerado);Irregularidades relacionadas ao acompanhamento de conta de pagamento - instituição de pagamento;2;
2026;2º;Demais Bancos, Financeiras e Instituições de Pagamento;Conglomerado; ;PAGUEVELOZ IP (conglomerado);Irregularidades relacionadas ao fornecimento de documentos por conta de pagamentos pré-paga - instituição de pagamento;2;
2026;2º;Demais Bancos, Financeiras e Instituições de Pagamento;Conglomerado; ;PAGUEVELOZ IP (conglomerado);Irregularidades relacionadas ao Sistema de Informações de Crédito do Banco Central (SCR) - instituição de pagamento;0;
2026;2º;Demais Bancos, Financeiras e Instituições de Pagamento;Conglomerado; ;PAGUEVELOZ IP (conglomerado);Irregularidades relacionadas à liquidação de documentos (exceto cheques) - instituição de pagamento;0;
2026;2º;Demais Bancos, Financeiras e Instituições de Pagamento;Conglomerado; ;PAGUEVELOZ IP (conglomerado);Irregularidades relativas a integridade, confiabilidade, segurança, sigilo ou legitimidade das operações e serviços prestados relacionados a conta de pagamento pré-paga - instituição de pagamento;2;
2026;2º;Demais Bancos, Financeiras e Instituições de Pagamento;Conglomerado; ;PAGUEVELOZ IP (conglomerado);Oferta ou prestação de informação a respeito de produtos e serviços de forma inadequada para conta de pagamento pré-paga - instituição de pagamento;5;
2026;2º;Demais Bancos, Financeiras e Instituições de Pagamento;Conglomerado; ;PAGUEVELOZ IP (conglomerado);Outras irregularidades relacionadas a cartões de crédito - instituição de pagamento;0;
2026;2º;Demais Bancos, Financeiras e Instituições de Pagamento;Conglomerado; ;PAGUEVELOZ IP (conglomerado);Pix - Bloqueio ou devolução irregular de valores - instituição de pagamento;2;
2026;2º;Demais Bancos, Financeiras e Instituições de Pagamento;Conglomerado; ;PAGUEVELOZ IP (conglomerado);Pix - Dificuldade para solicitar ou realizar devolução - instituição de pagamento;0;
2026;2º;Demais Bancos, Financeiras e Instituições de Pagamento;Conglomerado; ;PAGUEVELOZ IP (conglomerado);Pix - liquidação - instituição de pagamento;2;
2026;2º;Demais Bancos, Financeiras e Instituições de Pagamento;Conglomerado; ;PAGUEVELOZ IP (conglomerado);PIX - Chaves - instituição de pagamento;2;
2026;2º;Demais Bancos, Financeiras e Instituições de Pagamento;Conglomerado; ;PAGUEVELOZ IP (conglomerado);PIX - Diversos - instituição de pagamento;0;
2026;2º;Demais Bancos, Financeiras e Instituições de Pagamento;Conglomerado; ;PAGUEVELOZ IP (conglomerado);Reclamações relacionadas a assuntos diversos envolvendo - instituição de pagamento;0;
2026;2º;Demais Bancos, Financeiras e Instituições de Pagamento;Conglomerado; ;PAGUEVELOZ IP (conglomerado);Renegociação de dívida em instituição de pagamento;0;
2026;2º;Demais Bancos, Financeiras e Instituições de Pagamento;Conglomerado; ;PAGUEVELOZ IP (conglomerado);Restrições cadastrais por parte - instituição de pagamento;0;
2026;2º;Demais Bancos, Financeiras e Instituições de Pagamento;Conglomerado; ;PARANÁ BANCO (conglomerado);Cancelamento de contrato a pedido do cliente não atendido por instituição financeira;6;
2026;2º;Demais Bancos, Financeiras e Instituições de Pagamento;Conglomerado; ;PARANÁ BANCO (conglomerado);Concessão de crédito (exceto consignado) sem a formalização do título adequado;3;
2026;2º;Demais Bancos, Financeiras e Instituições de Pagamento;Conglomerado; ;PARANÁ BANCO (conglomerado);Concessão de crédito consignado sem a formalização do título adequado;0;
2026;2º;Demais Bancos, Financeiras e Instituições de Pagamento;Conglomerado; ;PARANÁ BANCO (conglomerado);Crédito consignado;0;
2026;2º;Demais Bancos, Financeiras e Instituições de Pagamento;Conglomerado; ;PARANÁ BANCO (conglomerado);Descumprimento de ordem judicial;0;
2026;2º;Demais Bancos, Financeiras e Instituições de Pagamento;Conglomerado; ;PARANÁ BANCO (conglomerado);Descumprimento de prazo de resposta da reclamação registrada no BCB;0;
2026;2º;Demais Bancos, Financeiras e Instituições de Pagamento;Conglomerado; ;PARANÁ BANCO (conglomerado);Falta de transparência na redação de documentos;2;
2026;2º;Demais Bancos, Financeiras e Instituições de Pagamento;Conglomerado; ;PARANÁ BANCO (conglomerado);Insatisfação com a resposta recebida da instituição financeira referente à reclamação registrada no BCB;5;
2026;2º;Demais Bancos, Financeiras e Instituições de Pagamento;Conglomerado; ;PARANÁ BANCO (conglomerado);Insatisfação com o atendimento prestado pelo SAC ou Central de Relacionamento;2;
2026;2º;Demais Bancos, Financeiras e Instituições de Pagamento;Conglomerado; ;PARANÁ BANCO (conglomerado);Irregularidades relacionadas a informações e liquidação de valores a receber no sistema SVR do BCB por parte de instituições financeiras;2;
2026;2º;Demais Bancos, Financeiras e Instituições de Pagamento;Conglomerado; ;PARANÁ BANCO (conglomerado);Irregularidades relacionadas ao fornecimento de documento para liquidação antecipada de operações de crédito;2;
2026;2º;Demais Bancos, Financeiras e Instituições de Pagamento;Conglomerado; ;PARANÁ BANCO (conglomerado);Irregularidades relacionadas ao fornecimento de documentos relativos a cartão de crédito;0;
2026;2º;Demais Bancos, Financeiras e Instituições de Pagamento;Conglomerado; ;PARANÁ BANCO (conglomerado);Irregularidades relacionadas ao fornecimento de documentos relativos a operação de crédito, exceto para liquidação antecipada e descritivo do crédito.;8;
2026;2º;Demais Bancos, Financeiras e Instituições de Pagamento;Conglomerado; ;PARANÁ BANCO (conglomerado);Irregularidades relacionadas ao fornecimento de informações relativas a operação de crédito contratada (DDC);5;
2026;2º;Demais Bancos, Financeiras e Instituições de Pagamento;Conglomerado; ;PARANÁ BANCO (conglomerado);Irregularidades relacionadas ao Sistema de Informações de Crédito do Banco Central (SCR);2;
2026;2º;Demais Bancos, Financeiras e Instituições de Pagamento;Conglomerado; ;PARANÁ BANCO (conglomerado);Irregularidades relativas a integridade, confiabilidade, segurança, sigilo ou legitimidade das operações e serviços relacionados a cartões de crédito;5;
2026;2º;Demais Bancos, Financeiras e Instituições de Pagamento;Conglomerado; ;PARANÁ BANCO (conglomerado);Irregularidades relativas a integridade, confiabilidade, segurança, sigilo ou legitimidade das operações e serviços, exceto as relacionadas a cartão de crédito, cartão de débito, internet banking, ATM, credenciadora e operação de crédito;2;
2026;2º;Demais Bancos, Financeiras e Instituições de Pagamento;Conglomerado; ;PARANÁ BANCO (conglomerado);Irregularidades relativas a integridade, confiabilidade, segurança, sigilo ou legitimidade dos serviços relacionados a operações de crédito consignado;23;
2026;2º;Demais Bancos, Financeiras e Instituições de Pagamento;Conglomerado; ;PARANÁ BANCO (conglomerado);Irregularidades relativas a integridade, confiabilidade, segurança, sigilo ou legitimidade dos serviços relacionados a operações de crédito, exceto consignado;9;
2026;2º;Demais Bancos, Financeiras e Instituições de Pagamento;Conglomerado; ;PARANÁ BANCO (conglomerado);Não acatamento de solicitação de cancelamento de débitos automáticos em conta de pagamento pré-paga, ou não cumprimento das regras aplicáveis;2;
2026;2º;Demais Bancos, Financeiras e Instituições de Pagamento;Conglomerado; ;PARANÁ BANCO (conglomerado);Não acatamento de solicitação de cancelamento de débitos automáticos em conta ou não cumprimento das regras aplicáveis;0;
2026;2º;Demais Bancos, Financeiras e Instituições de Pagamento;Conglomerado; ;PARANÁ BANCO (conglomerado);Oferta ou prestação de informação sobre crédito consignado de forma inadequada;20;
2026;2º;Demais Bancos, Financeiras e Instituições de Pagamento;Conglomerado; ;PARANÁ BANCO (conglomerado);Oferta ou prestação de informação sobre o cartão de crédito de forma inadequada ;3;
2026;2º;Demais Bancos, Financeiras e Instituições de Pagamento;Conglomerado; ;PARANÁ BANCO (conglomerado);Oferta ou prestação de informação sobre operação de crédito de forma inadequada, exceto crédito consignado;22;
2026;2º;Demais Bancos, Financeiras e Instituições de Pagamento;Conglomerado; ;PARANÁ BANCO (conglomerado);Pix - diversos;0;
2026;2º;Demais Bancos, Financeiras e Instituições de Pagamento;Conglomerado; ;PARANÁ BANCO (conglomerado);Reclamações relacionadas a assuntos diversos;0;
2026;2º;Demais Bancos, Financeiras e Instituições de Pagamento;Conglomerado; ;PARANÁ BANCO (conglomerado);Recusa de produtos ou serviços;0;
2026;2º;Demais Bancos, Financeiras e Instituições de Pagamento;Conglomerado; ;PARANÁ BANCO (conglomerado);Renegociação de dívida (exceto cartão de crédito);0;
2026;2º;Demais Bancos, Financeiras e Instituições de Pagamento;Conglomerado; ;PARANÁ BANCO (conglomerado);Restrição à realização de portabilidade de operações de crédito consignado relativas a pessoas naturais;9;
2026;2º;Demais Bancos, Financeiras e Instituições de Pagamento;Conglomerado; ;PARANÁ BANCO (conglomerado);Restrições cadastrais;0;
2026;2º;Demais Bancos, Financeiras e Instituições de Pagamento;Conglomerado; ;PARATI CFI (conglomerado);Concessão de crédito (exceto consignado) sem a formalização do título adequado;0;
2026;2º;Demais Bancos, Financeiras e Instituições de Pagamento;Conglomerado; ;PARATI CFI (conglomerado);Concessão de crédito consignado sem a formalização do título adequado;3;
2026;2º;Demais Bancos, Financeiras e Instituições de Pagamento;Conglomerado; ;PARATI CFI (conglomerado);Débito em conta-salário não autorizado pelo cliente, ou não cumprimento das regras aplicáveis;0;
2026;2º;Demais Bancos, Financeiras e Instituições de Pagamento;Conglomerado; ;PARATI CFI (conglomerado);Insatisfação com a resposta recebida da instituição financeira referente à reclamação registrada no BCB;3;
2026;2º;Demais Bancos, Financeiras e Instituições de Pagamento;Conglomerado; ;PARATI CFI (conglomerado);Insatisfação com o atendimento prestado pelo SAC ou Central de Relacionamento;3;
2026;2º;Demais Bancos, Financeiras e Instituições de Pagamento;Conglomerado; ;PARATI CFI (conglomerado);Irregularidades no processo de encerramento de conta de depósitos à vista;0;
2026;2º;Demais Bancos, Financeiras e Instituições de Pagamento;Conglomerado; ;PARATI CFI (conglomerado);Irregularidades relacionadas a informações e liquidação de valores a receber no sistema SVR do BCB por parte de instituições financeiras;3;
2026;2º;Demais Bancos, Financeiras e Instituições de Pagamento;Conglomerado; ;PARATI CFI (conglomerado);Irregularidades relacionadas ao fornecimento de documento para liquidação antecipada de operações de crédito;9;
2026;2º;Demais Bancos, Financeiras e Instituições de Pagamento;Conglomerado; ;PARATI CFI (conglomerado);Irregularidades relacionadas ao fornecimento de documentos relativos a operação de crédito, exceto para liquidação antecipada e descritivo do crédito.;0;
2026;2º;Demais Bancos, Financeiras e Instituições de Pagamento;Conglomerado; ;PARATI CFI (conglomerado);Irregularidades relacionadas ao fornecimento de informações relativas a operação de crédito contratada (DDC);0;
2026;2º;Demais Bancos, Financeiras e Instituições de Pagamento;Conglomerado; ;PARATI CFI (conglomerado);Irregularidades relacionadas ao Sistema de Informações de Crédito do Banco Central (SCR);6;
2026;2º;Demais Bancos, Financeiras e Instituições de Pagamento;Conglomerado; ;PARATI CFI (conglomerado);Irregularidades relativas a integridade, confiabilidade, segurança, sigilo ou legitimidade das operações e serviços relacionados a cartões de crédito;0;
2026;2º;Demais Bancos, Financeiras e Instituições de Pagamento;Conglomerado; ;PARATI CFI (conglomerado);Irregularidades relativas a integridade, confiabilidade, segurança, sigilo ou legitimidade das operações e serviços, exceto as relacionadas a cartão de crédito, cartão de débito, internet banking, ATM, credenciadora e operação de crédito;3;
2026;2º;Demais Bancos, Financeiras e Instituições de Pagamento;Conglomerado; ;PARATI CFI (conglomerado);Irregularidades relativas a integridade, confiabilidade, segurança, sigilo ou legitimidade dos serviços relacionados a operações de crédito consignado;368;
2026;2º;Demais Bancos, Financeiras e Instituições de Pagamento;Conglomerado; ;PARATI CFI (conglomerado);Irregularidades relativas a integridade, confiabilidade, segurança, sigilo ou legitimidade dos serviços relacionados a operações de crédito, exceto consignado;0;
2026;2º;Demais Bancos, Financeiras e Instituições de Pagamento;Conglomerado; ;PARATI CFI (conglomerado);Juros e preços;0;
2026;2º;Demais Bancos, Financeiras e Instituições de Pagamento;Conglomerado; ;PARATI CFI (conglomerado);Oferta ou prestação de informação sobre crédito consignado de forma inadequada;21;
2026;2º;Demais Bancos, Financeiras e Instituições de Pagamento;Conglomerado; ;PARATI CFI (conglomerado);Oferta ou prestação de informação sobre operação de crédito de forma inadequada, exceto crédito consignado;0;
2026;2º;Demais Bancos, Financeiras e Instituições de Pagamento;Conglomerado; ;PARATI CFI (conglomerado);Outras irregularidades relacionadas à portabilidade de operações de crédito de pessoa natural;0;
2026;2º;Demais Bancos, Financeiras e Instituições de Pagamento;Conglomerado; ;PARATI CFI (conglomerado);Pix - diversos;0;
2026;2º;Demais Bancos, Financeiras e Instituições de Pagamento;Conglomerado; ;PARATI CFI (conglomerado);Reclamações relacionadas a assuntos diversos;0;
2026;2º;Demais Bancos, Financeiras e Instituições de Pagamento;Conglomerado; ;PARATI CFI (conglomerado);Renegociação de dívida (exceto cartão de crédito);0;
2026;2º;Demais Bancos, Financeiras e Instituições de Pagamento;Conglomerado; ;PARATI CFI (conglomerado);Restrição à realização de portabilidade de operações de crédito (exceto crédito consignado e financiamento imobiliário) relativas a pessoas naturais;0;
2026;2º;Demais Bancos, Financeiras e Instituições de Pagamento;Conglomerado; ;PARATI CFI (conglomerado);Restrição à realização de portabilidade de operações de crédito consignado relativas a pessoas naturais;0;
2026;2º;Demais Bancos, Financeiras e Instituições de Pagamento;Banco/financeira;36690516;PAY INSTITUICAO DE PAGAMENTO S.A.;Irregularidades relacionadas ao Sistema de Informações de Crédito do Banco Central (SCR) - instituição de pagamento;0;
2026;2º;Demais Bancos, Financeiras e Instituições de Pagamento;Conglomerado; ;PAYPAL DO BRASIL IP (conglomerado);Abertura de conta de pagamento sem documentação necessária ou com documentação falsa - instituição de pagamento;0;
2026;2º;Demais Bancos, Financeiras e Instituições de Pagamento;Conglomerado; ;PAYPAL DO BRASIL IP (conglomerado);Bloqueio de valores ou de conta fora do âmbito do Pix - instituição de pagamento;2;
2026;2º;Demais Bancos, Financeiras e Instituições de Pagamento;Conglomerado; ;PAYPAL DO BRASIL IP (conglomerado);Débito em conta de pagamento pré-paga não autorizado pelo cliente, ou não cumprimento das regras aplicáveis - instituição de pagamento;0;
2026;2º;Demais Bancos, Financeiras e Instituições de Pagamento;Conglomerado; ;PAYPAL DO BRASIL IP (conglomerado);Inclusão de dados incorretos no CCS (Cadastro de Clientes do Sistema Financeiro Nacional) - instituição de pagamento;0;
2026;2º;Demais Bancos, Financeiras e Instituições de Pagamento;Conglomerado; ;PAYPAL DO BRASIL IP (conglomerado);Irregularidades no processo de encerramento de conta de pagamento - instituição de pagamento;0;
2026;2º;Demais Bancos, Financeiras e Instituições de Pagamento;Conglomerado; ;PAYPAL DO BRASIL IP (conglomerado);Irregularidades relacionadas a informações e liquidação de valores a receber no sistema SVR do BCB - instituições de pagamento;3;
2026;2º;Demais Bancos, Financeiras e Instituições de Pagamento;Conglomerado; ;PAYPAL DO BRASIL IP (conglomerado);Irregularidades relacionadas ao acompanhamento de conta de pagamento - instituição de pagamento;0;
2026;2º;Demais Bancos, Financeiras e Instituições de Pagamento;Conglomerado; ;PAYPAL DO BRASIL IP (conglomerado);Irregularidades relacionadas ao Sistema de Informações de Crédito do Banco Central (SCR) - instituição de pagamento;0;
2026;2º;Demais Bancos, Financeiras e Instituições de Pagamento;Conglomerado; ;PAYPAL DO BRASIL IP (conglomerado);Irregularidades relativas a integridade, confiabilidade, segurança, sigilo ou legitimidade das operações e serviços prestados relacionados a conta de pagamento pré-paga - instituição de pagamento;0;
2026;2º;Demais Bancos, Financeiras e Instituições de Pagamento;Conglomerado; ;PAYPAL DO BRASIL IP (conglomerado);PIX - Diversos - instituição de pagamento;0;
2026;2º;Demais Bancos, Financeiras e Instituições de Pagamento;Conglomerado; ;PAYPAL DO BRASIL IP (conglomerado);Reclamações relacionadas a assuntos diversos envolvendo - instituição de pagamento;0;
2026;2º;Demais Bancos, Financeiras e Instituições de Pagamento;Conglomerado; ;PAYPAL DO BRASIL IP (conglomerado);Restrições cadastrais por parte - instituição de pagamento;0;
2026;2º;Demais Bancos, Financeiras e Instituições de Pagamento;Conglomerado; ;PAYPAL DO BRASIL IP (conglomerado);Transações não reconhecidas pelo titular da conta, realizadas por terceiros (invasão de conta) - instituição de pagamento;0;
2026;2º;Demais Bancos, Financeiras e Instituições de Pagamento;Conglomerado; ;PEFISA S.A. (conglomerado);Abertura de conta de depósito com documentação ausente, insuficiente ou falsa;2;
2026;2º;Demais Bancos, Financeiras e Instituições de Pagamento;Conglomerado; ;PEFISA S.A. (conglomerado);Abertura de conta de pagamento sem documentação necessária ou com documentação falsa;12;
2026;2º;Demais Bancos, Financeiras e Instituições de Pagamento;Conglomerado; ;PEFISA S.A. (conglomerado);Ausência de título adequado relativo a cartão de crédito;4;
2026;2º;Demais Bancos, Financeiras e Instituições de Pagamento;Conglomerado; ;PEFISA S.A. (conglomerado);Bloqueio de valores ou de conta fora do âmbito do Pix;2;
2026;2º;Demais Bancos, Financeiras e Instituições de Pagamento;Conglomerado; ;PEFISA S.A. (conglomerado);Cancelamento de contrato a pedido do cliente não atendido por instituição financeira;2;
2026;2º;Demais Bancos, Financeiras e Instituições de Pagamento;Conglomerado; ;PEFISA S.A. (conglomerado);Cobrança irregular de tarifa relacionada ao cartão de crédito;2;
2026;2º;Demais Bancos, Financeiras e Instituições de Pagamento;Conglomerado; ;PEFISA S.A. (conglomerado);Cobranças diversas;0;
2026;2º;Demais Bancos, Financeiras e Instituições de Pagamento;Conglomerado; ;PEFISA S.A. (conglomerado);Concessão de crédito consignado sem a formalização do título adequado;2;
2026;2º;Demais Bancos, Financeiras e Instituições de Pagamento;Conglomerado; ;PEFISA S.A. (conglomerado);Encaminhamento de instrumentos de pagamento não solicitados;2;
2026;2º;Demais Bancos, Financeiras e Instituições de Pagamento;Conglomerado; ;PEFISA S.A. (conglomerado);Falta de transparência na redação de documentos;2;
2026;2º;Demais Bancos, Financeiras e Instituições de Pagamento;Conglomerado; ;PEFISA S.A. (conglomerado);Inclusão de dados incorretos no CCS (Cadastro de Clientes do Sistema Financeiro Nacional);10;
2026;2º;Demais Bancos, Financeiras e Instituições de Pagamento;Conglomerado; ;PEFISA S.A. (conglomerado);Insatisfação com a resposta recebida da instituição financeira referente à reclamação registrada no BCB;4;
2026;2º;Demais Bancos, Financeiras e Instituições de Pagamento;Conglomerado; ;PEFISA S.A. (conglomerado);Insatisfação com o atendimento prestado pelo SAC ou Central de Relacionamento;21;
2026;2º;Demais Bancos, Financeiras e Instituições de Pagamento;Conglomerado; ;PEFISA S.A. (conglomerado);Integridade, confiabilidade, segurança, sigilo e legitimidade das operações e serviços  - conta de pagamento pré-paga;4;
2026;2º;Demais Bancos, Financeiras e Instituições de Pagamento;Conglomerado; ;PEFISA S.A. (conglomerado);Irregularidades no processo de encerramento de conta de depósitos à vista;10;
2026;2º;Demais Bancos, Financeiras e Instituições de Pagamento;Conglomerado; ;PEFISA S.A. (conglomerado);Irregularidades no processo de encerramento de conta de pagamento;2;
2026;2º;Demais Bancos, Financeiras e Instituições de Pagamento;Conglomerado; ;PEFISA S.A. (conglomerado);Irregularidades relacionadas a boletos de pagamento (exceto ausência de contrato com beneficiário);2;
2026;2º;Demais Bancos, Financeiras e Instituições de Pagamento;Conglomerado; ;PEFISA S.A. (conglomerado);Irregularidades relacionadas ao acompanhamento de conta;4;
2026;2º;Demais Bancos, Financeiras e Instituições de Pagamento;Conglomerado; ;PEFISA S.A. (conglomerado);Irregularidades relacionadas ao fornecimento de documentos relativos a cartão de crédito;2;
2026;2º;Demais Bancos, Financeiras e Instituições de Pagamento;Conglomerado; ;PEFISA S.A. (conglomerado);Irregularidades relacionadas ao fornecimento de documentos relativos a conta;10;
2026;2º;Demais Bancos, Financeiras e Instituições de Pagamento;Conglomerado; ;PEFISA S.A. (conglomerado);Irregularidades relacionadas ao fornecimento de documentos relativos a operação de crédito, exceto para liquidação antecipada e descritivo do crédito.;0;
2026;2º;Demais Bancos, Financeiras e Instituições de Pagamento;Conglomerado; ;PEFISA S.A. (conglomerado);Irregularidades relacionadas ao fornecimento de informações relativas a operação de crédito contratada (DDC);14;
2026;2º;Demais Bancos, Financeiras e Instituições de Pagamento;Conglomerado; ;PEFISA S.A. (conglomerado);Irregularidades relacionadas ao fornecimento de outros documentos, exceto os relativos a cartão de crédito, conta e operação de crédito;2;
2026;2º;Demais Bancos, Financeiras e Instituições de Pagamento;Conglomerado; ;PEFISA S.A. (conglomerado);Irregularidades relacionadas ao Sistema de Informações de Crédito do Banco Central (SCR);4;
2026;2º;Demais Bancos, Financeiras e Instituições de Pagamento;Conglomerado; ;PEFISA S.A. (conglomerado);Irregularidades relacionadas à liquidação de documentos (exceto cheques);4;
2026;2º;Demais Bancos, Financeiras e Instituições de Pagamento;Conglomerado; ;PEFISA S.A. (conglomerado);Irregularidades relativas a integridade, confiabilidade, segurança, sigilo ou legitimidade das operações e serviços disponibilizados em internet banking;21;
2026;2º;Demais Bancos, Financeiras e Instituições de Pagamento;Conglomerado; ;PEFISA S.A. (conglomerado);Irregularidades relativas a integridade, confiabilidade, segurança, sigilo ou legitimidade das operações e serviços relacionados a cartões de crédito;70;
2026;2º;Demais Bancos, Financeiras e Instituições de Pagamento;Conglomerado; ;PEFISA S.A. (conglomerado);Irregularidades relativas a integridade, confiabilidade, segurança, sigilo ou legitimidade das operações e serviços, exceto as relacionadas a cartão de crédito, cartão de débito, internet banking, ATM, credenciadora e operação de crédito;14;
2026;2º;Demais Bancos, Financeiras e Instituições de Pagamento;Conglomerado; ;PEFISA S.A. (conglomerado);Irregularidades relativas a integridade, confiabilidade, segurança, sigilo ou legitimidade dos serviços relacionados a operações de crédito consignado;4;
2026;2º;Demais Bancos, Financeiras e Instituições de Pagamento;Conglomerado; ;PEFISA S.A. (conglomerado);Irregularidades relativas a operações de crédito de saldo devedor de fatura de cartão de crédito (rotativo e parcelamento) e respectiva cobrança de encargos;19;
2026;2º;Demais Bancos, Financeiras e Instituições de Pagamento;Conglomerado; ;PEFISA S.A. (conglomerado);Juros e preços;0;
2026;2º;Demais Bancos, Financeiras e Instituições de Pagamento;Conglomerado; ;PEFISA S.A. (conglomerado);Limites de transação;6;
2026;2º;Demais Bancos, Financeiras e Instituições de Pagamento;Conglomerado; ;PEFISA S.A. (conglomerado);Oferta ou prestação de informação sobre a conta ou serviços acessórios de forma inadequada ;6;
2026;2º;Demais Bancos, Financeiras e Instituições de Pagamento;Conglomerado; ;PEFISA S.A. (conglomerado);Oferta ou prestação de informação sobre o cartão de crédito de forma inadequada ;48;
2026;2º;Demais Bancos, Financeiras e Instituições de Pagamento;Conglomerado; ;PEFISA S.A. (conglomerado);Oferta ou prestação de informação sobre operação de crédito de forma inadequada, exceto crédito consignado;0;
2026;2º;Demais Bancos, Financeiras e Instituições de Pagamento;Conglomerado; ;PEFISA S.A. (conglomerado);Outros assuntos não regulados relacionados a cartão de crédito;0;
2026;2º;Demais Bancos, Financeiras e Instituições de Pagamento;Conglomerado; ;PEFISA S.A. (conglomerado);Pix  - chaves;14;
2026;2º;Demais Bancos, Financeiras e Instituições de Pagamento;Conglomerado; ;PEFISA S.A. (conglomerado);Pix - diversos;0;
2026;2º;Demais Bancos, Financeiras e Instituições de Pagamento;Conglomerado; ;PEFISA S.A. (conglomerado);Pix - Dificuldade para solicitar ou realizar devolução;0;
2026;2º;Demais Bancos, Financeiras e Instituições de Pagamento;Conglomerado; ;PEFISA S.A. (conglomerado);Pix - experiência do usuário;4;
2026;2º;Demais Bancos, Financeiras e Instituições de Pagamento;Conglomerado; ;PEFISA S.A. (conglomerado);Pix - iniciação;27;
2026;2º;Demais Bancos, Financeiras e Instituições de Pagamento;Conglomerado; ;PEFISA S.A. (conglomerado);Pix - liquidação;4;
2026;2º;Demais Bancos, Financeiras e Instituições de Pagamento;Conglomerado; ;PEFISA S.A. (conglomerado);Reclamações relacionadas a assuntos diversos;0;
2026;2º;Demais Bancos, Financeiras e Instituições de Pagamento;Conglomerado; ;PEFISA S.A. (conglomerado);Renegociação de dívida (exceto cartão de crédito);0;
2026;2º;Demais Bancos, Financeiras e Instituições de Pagamento;Conglomerado; ;PEFISA S.A. (conglomerado);Restrições cadastrais;0;
2026;2º;Demais Bancos, Financeiras e Instituições de Pagamento;Conglomerado; ;PEFISA S.A. (conglomerado);Terminais eletrônicos, internet e aplicativos;0;
2026;2º;Top 15 - Bancos, Financeiras e Instituições de Pagamento;Conglomerado; ;PICPAY (conglomerado);Abertura de conta de depósito com documentação ausente, insuficiente ou falsa;0;
2026;2º;Top 15 - Bancos, Financeiras e Instituições de Pagamento;Conglomerado; ;PICPAY (conglomerado);Abertura de conta de pagamento sem documentação necessária ou com documentação falsa;6;
2026;2º;Top 15 - Bancos, Financeiras e Instituições de Pagamento;Conglomerado; ;PICPAY (conglomerado);Abertura de conta de pagamento sem documentação necessária ou com documentação falsa - instituição de pagamento;12;
2026;2º;Top 15 - Bancos, Financeiras e Instituições de Pagamento;Conglomerado; ;PICPAY (conglomerado);Ausência de informações sobre as regras de funcionamento nos contratos de cartões de crédito ou seu descumprimento;0;
2026;2º;Top 15 - Bancos, Financeiras e Instituições de Pagamento;Conglomerado; ;PICPAY (conglomerado);Ausência de informações sobre as regras de funcionamento nos contratos de cartões de crédito ou seu descumprimento - instituição de pagamento;6;
2026;2º;Top 15 - Bancos, Financeiras e Instituições de Pagamento;Conglomerado; ;PICPAY (conglomerado);Bloqueio de valores ou de conta fora do âmbito do Pix;0;
2026;2º;Top 15 - Bancos, Financeiras e Instituições de Pagamento;Conglomerado; ;PICPAY (conglomerado);Bloqueio de valores ou de conta fora do âmbito do Pix - instituição de pagamento;12;
2026;2º;Top 15 - Bancos, Financeiras e Instituições de Pagamento;Conglomerado; ;PICPAY (conglomerado);Cancelamento de contrato a pedido do cliente de conta de pagamento pós-paga não atendido - instituição de pagamento;0;
2026;2º;Top 15 - Bancos, Financeiras e Instituições de Pagamento;Conglomerado; ;PICPAY (conglomerado);Cancelamento de contrato a pedido do cliente não atendido por instituição financeira;18;
2026;2º;Top 15 - Bancos, Financeiras e Instituições de Pagamento;Conglomerado; ;PICPAY (conglomerado);Cancelamento de contrato por iniciativa da instituição financeira;0;
2026;2º;Top 15 - Bancos, Financeiras e Instituições de Pagamento;Conglomerado; ;PICPAY (conglomerado);Cobrança irregular de tarifa em conta de pagamento pós-paga - instituição de pagamento;0;
2026;2º;Top 15 - Bancos, Financeiras e Instituições de Pagamento;Conglomerado; ;PICPAY (conglomerado);Cobrança irregular de tarifa em conta de pagamento pré-paga - instituição de pagamento;6;
2026;2º;Top 15 - Bancos, Financeiras e Instituições de Pagamento;Conglomerado; ;PICPAY (conglomerado);Cobranças diversas;0;
2026;2º;Top 15 - Bancos, Financeiras e Instituições de Pagamento;Conglomerado; ;PICPAY (conglomerado);Cobranças diversas de IPs;0;
2026;2º;Top 15 - Bancos, Financeiras e Instituições de Pagamento;Conglomerado; ;PICPAY (conglomerado);Concessão de crédito (exceto consignado) sem a formalização do título adequado;216;
2026;2º;Top 15 - Bancos, Financeiras e Instituições de Pagamento;Conglomerado; ;PICPAY (conglomerado);Concessão de crédito consignado sem a formalização do título adequado;0;
2026;2º;Top 15 - Bancos, Financeiras e Instituições de Pagamento;Conglomerado; ;PICPAY (conglomerado);Crédito consignado;0;
2026;2º;Top 15 - Bancos, Financeiras e Instituições de Pagamento;Conglomerado; ;PICPAY (conglomerado);Descumprimento de ordem judicial;0;
2026;2º;Top 15 - Bancos, Financeiras e Instituições de Pagamento;Conglomerado; ;PICPAY (conglomerado);Débito em conta de pagamento pré-paga não autorizado pelo cliente, ou não cumprimento das regras aplicáveis;48;
2026;2º;Top 15 - Bancos, Financeiras e Instituições de Pagamento;Conglomerado; ;PICPAY (conglomerado);Débito em conta de pagamento pré-paga não autorizado pelo cliente, ou não cumprimento das regras aplicáveis - instituição de pagamento;48;
2026;2º;Top 15 - Bancos, Financeiras e Instituições de Pagamento;Conglomerado; ;PICPAY (conglomerado);Débito em conta não autorizado pelo cliente, ou não cumprimento das regras aplicáveis;48;
2026;2º;Top 15 - Bancos, Financeiras e Instituições de Pagamento;Conglomerado; ;PICPAY (conglomerado);Dificuldade para efetuar resgate antecipado de aplicação;0;
2026;2º;Top 15 - Bancos, Financeiras e Instituições de Pagamento;Conglomerado; ;PICPAY (conglomerado);Falta de transparência na redação de documentos;12;
2026;2º;Top 15 - Bancos, Financeiras e Instituições de Pagamento;Conglomerado; ;PICPAY (conglomerado);Inclusão de dados incorretos no CCS (Cadastro de Clientes do Sistema Financeiro Nacional);0;
2026;2º;Top 15 - Bancos, Financeiras e Instituições de Pagamento;Conglomerado; ;PICPAY (conglomerado);Inclusão de dados incorretos no CCS (Cadastro de Clientes do Sistema Financeiro Nacional) - instituição de pagamento;0;
2026;2º;Top 15 - Bancos, Financeiras e Instituições de Pagamento;Conglomerado; ;PICPAY (conglomerado);Insatisfação com a resposta recebida da instituição financeira referente à reclamação registrada no BCB;30;
2026;2º;Top 15 - Bancos, Financeiras e Instituições de Pagamento;Conglomerado; ;PICPAY (conglomerado);Insatisfação com a resposta referente à reclamação registrada no BCB recebida - instituição de pagamento;12;
2026;2º;Top 15 - Bancos, Financeiras e Instituições de Pagamento;Conglomerado; ;PICPAY (conglomerado);Insatisfação com o atendimento prestado pelo SAC ou Central de Relacionamento;60;
2026;2º;Top 15 - Bancos, Financeiras e Instituições de Pagamento;Conglomerado; ;PICPAY (conglomerado);Insatisfação com o atendimento prestado pelo SAC ou Central de Relacionamento - instituição de pagamento;48;
2026;2º;Top 15 - Bancos, Financeiras e Instituições de Pagamento;Conglomerado; ;PICPAY (conglomerado);Integridade, confiabilidade, segurança, sigilo e legitimidade das operações e serviços  - conta de pagamento pré-paga;18;
2026;2º;Top 15 - Bancos, Financeiras e Instituições de Pagamento;Conglomerado; ;PICPAY (conglomerado);Irregularidades no processo de encerramento de conta de depósitos à vista;0;
2026;2º;Top 15 - Bancos, Financeiras e Instituições de Pagamento;Conglomerado; ;PICPAY (conglomerado);Irregularidades no processo de encerramento de conta de pagamento;0;
2026;2º;Top 15 - Bancos, Financeiras e Instituições de Pagamento;Conglomerado; ;PICPAY (conglomerado);Irregularidades no processo de encerramento de conta de pagamento - instituição de pagamento;12;
2026;2º;Top 15 - Bancos, Financeiras e Instituições de Pagamento;Conglomerado; ;PICPAY (conglomerado);Irregularidades relacionadas ao acompanhamento de conta;18;
2026;2º;Top 15 - Bancos, Financeiras e Instituições de Pagamento;Conglomerado; ;PICPAY (conglomerado);Irregularidades relacionadas ao acompanhamento de conta de pagamento;60;
2026;2º;Top 15 - Bancos, Financeiras e Instituições de Pagamento;Conglomerado; ;PICPAY (conglomerado);Irregularidades relacionadas ao acompanhamento de conta de pagamento - instituição de pagamento;192;
2026;2º;Top 15 - Bancos, Financeiras e Instituições de Pagamento;Conglomerado; ;PICPAY (conglomerado);Irregularidades relacionadas ao Custo Efetivo Total (CET) de operação de crédito;0;
2026;2º;Top 15 - Bancos, Financeiras e Instituições de Pagamento;Conglomerado; ;PICPAY (conglomerado);Irregularidades relacionadas ao fornecimento de documento para liquidação antecipada de operações de crédito;0;
2026;2º;Top 15 - Bancos, Financeiras e Instituições de Pagamento;Conglomerado; ;PICPAY (conglomerado);Irregularidades relacionadas ao fornecimento de documentos - instituição de pagamento;6;
2026;2º;Top 15 - Bancos, Financeiras e Instituições de Pagamento;Conglomerado; ;PICPAY (conglomerado);Irregularidades relacionadas ao fornecimento de documentos por conta de pagamentos pós-paga - instituição de pagamento;12;
2026;2º;Top 15 - Bancos, Financeiras e Instituições de Pagamento;Conglomerado; ;PICPAY (conglomerado);Irregularidades relacionadas ao fornecimento de documentos por conta de pagamentos pré-paga - instituição de pagamento;6;
2026;2º;Top 15 - Bancos, Financeiras e Instituições de Pagamento;Conglomerado; ;PICPAY (conglomerado);Irregularidades relacionadas ao fornecimento de documentos relativos a cartão de crédito;0;
2026;2º;Top 15 - Bancos, Financeiras e Instituições de Pagamento;Conglomerado; ;PICPAY (conglomerado);Irregularidades relacionadas ao fornecimento de documentos relativos a conta;0;
2026;2º;Top 15 - Bancos, Financeiras e Instituições de Pagamento;Conglomerado; ;PICPAY (conglomerado);Irregularidades relacionadas ao fornecimento de documentos relativos a operação de crédito, exceto para liquidação antecipada e descritivo do crédito.;0;
2026;2º;Top 15 - Bancos, Financeiras e Instituições de Pagamento;Conglomerado; ;PICPAY (conglomerado);Irregularidades relacionadas ao fornecimento de informações relativas a operação de crédito contratada (DDC);54;
2026;2º;Top 15 - Bancos, Financeiras e Instituições de Pagamento;Conglomerado; ;PICPAY (conglomerado);Irregularidades relacionadas ao fornecimento de outros documentos, exceto os relativos a cartão de crédito, conta e operação de crédito;0;
2026;2º;Top 15 - Bancos, Financeiras e Instituições de Pagamento;Conglomerado; ;PICPAY (conglomerado);Irregularidades relacionadas ao Sistema de Informações de Crédito do Banco Central (SCR);6;
2026;2º;Top 15 - Bancos, Financeiras e Instituições de Pagamento;Conglomerado; ;PICPAY (conglomerado);Irregularidades relacionadas ao Sistema de Informações de Crédito do Banco Central (SCR) - instituição de pagamento;0;
2026;2º;Top 15 - Bancos, Financeiras e Instituições de Pagamento;Conglomerado; ;PICPAY (conglomerado);Irregularidades relacionadas à liquidação de documentos (exceto cheques) - instituição de pagamento;0;
2026;2º;Top 15 - Bancos, Financeiras e Instituições de Pagamento;Conglomerado; ;PICPAY (conglomerado);Irregularidades relativas a integridade, confiabilidade, segurança, sigilo ou legitimidade das operações e serviços disponibilizados em internet banking;54;
2026;2º;Top 15 - Bancos, Financeiras e Instituições de Pagamento;Conglomerado; ;PICPAY (conglomerado);Irregularidades relativas a integridade, confiabilidade, segurança, sigilo ou legitimidade das operações e serviços prestados relacionados a conta de pagamento pós-paga - instituição de pagamento;114;
2026;2º;Top 15 - Bancos, Financeiras e Instituições de Pagamento;Conglomerado; ;PICPAY (conglomerado);Irregularidades relativas a integridade, confiabilidade, segurança, sigilo ou legitimidade das operações e serviços prestados relacionados a conta de pagamento pré-paga - instituição de pagamento;156;
2026;2º;Top 15 - Bancos, Financeiras e Instituições de Pagamento;Conglomerado; ;PICPAY (conglomerado);Irregularidades relativas a integridade, confiabilidade, segurança, sigilo ou legitimidade das operações e serviços relacionados a cartões de crédito;204;
2026;2º;Top 15 - Bancos, Financeiras e Instituições de Pagamento;Conglomerado; ;PICPAY (conglomerado);Irregularidades relativas a integridade, confiabilidade, segurança, sigilo ou legitimidade das operações e serviços, exceto as relacionadas a cartão de crédito, cartão de débito, internet banking, ATM, credenciadora e operação de crédito;54;
2026;2º;Top 15 - Bancos, Financeiras e Instituições de Pagamento;Conglomerado; ;PICPAY (conglomerado);Irregularidades relativas a integridade, confiabilidade, segurança, sigilo ou legitimidade dos serviços relacionados a operações de crédito consignado;180;
2026;2º;Top 15 - Bancos, Financeiras e Instituições de Pagamento;Conglomerado; ;PICPAY (conglomerado);Irregularidades relativas a integridade, confiabilidade, segurança, sigilo ou legitimidade dos serviços relacionados a operações de crédito, exceto consignado;30;
2026;2º;Top 15 - Bancos, Financeiras e Instituições de Pagamento;Conglomerado; ;PICPAY (conglomerado);Irregularidades relativas a operações de crédito de saldo devedor de fatura de cartão de crédito (rotativo e parcelamento) e respectiva cobrança de encargos;48;
2026;2º;Top 15 - Bancos, Financeiras e Instituições de Pagamento;Conglomerado; ;PICPAY (conglomerado);Irregularidades relativas a operações de crédito de saldo devedor de fatura de cartão de crédito (rotativo e parcelamento) e respectiva cobrança de encargos - instituições de pagamento;36;
2026;2º;Top 15 - Bancos, Financeiras e Instituições de Pagamento;Conglomerado; ;PICPAY (conglomerado);Irregularidades relativas à iniciação de transação de pagamento no Open Banking por instituições financeiras;0;
2026;2º;Top 15 - Bancos, Financeiras e Instituições de Pagamento;Conglomerado; ;PICPAY (conglomerado);Juros e preços;0;
2026;2º;Top 15 - Bancos, Financeiras e Instituições de Pagamento;Conglomerado; ;PICPAY (conglomerado);Limites de transação;12;
2026;2º;Top 15 - Bancos, Financeiras e Instituições de Pagamento;Conglomerado; ;PICPAY (conglomerado);Limites de transação - instituição de pagamento;12;
2026;2º;Top 15 - Bancos, Financeiras e Instituições de Pagamento;Conglomerado; ;PICPAY (conglomerado);Não acatamento de solicitação de cancelamento de débitos automáticos em conta de pagamento pré-paga ou não cumprimento das regras aplicáveis - instituição de pagamento;0;
2026;2º;Top 15 - Bancos, Financeiras e Instituições de Pagamento;Conglomerado; ;PICPAY (conglomerado);Não acatamento de solicitação de cancelamento de débitos automáticos em conta de pagamento pré-paga, ou não cumprimento das regras aplicáveis;12;
2026;2º;Top 15 - Bancos, Financeiras e Instituições de Pagamento;Conglomerado; ;PICPAY (conglomerado);Não acatamento de solicitação de cancelamento de débitos automáticos em conta ou não cumprimento das regras aplicáveis;6;
2026;2º;Top 15 - Bancos, Financeiras e Instituições de Pagamento;Conglomerado; ;PICPAY (conglomerado);Oferta ou prestação de informação a respeito de produtos e serviços de forma inadequada para conta de pagamento pós-paga - instituição de pagamento;120;
2026;2º;Top 15 - Bancos, Financeiras e Instituições de Pagamento;Conglomerado; ;PICPAY (conglomerado);Oferta ou prestação de informação a respeito de produtos e serviços de forma inadequada para conta de pagamento pré-paga - instituição de pagamento;18;
2026;2º;Top 15 - Bancos, Financeiras e Instituições de Pagamento;Conglomerado; ;PICPAY (conglomerado);Oferta ou prestação de informação sobre crédito consignado de forma inadequada;216;
2026;2º;Top 15 - Bancos, Financeiras e Instituições de Pagamento;Conglomerado; ;PICPAY (conglomerado);Oferta ou prestação de informação sobre o cartão de crédito de forma inadequada ;90;
2026;2º;Top 15 - Bancos, Financeiras e Instituições de Pagamento;Conglomerado; ;PICPAY (conglomerado);Oferta ou prestação de informação sobre operação de crédito de forma inadequada, exceto crédito consignado;42;
2026;2º;Top 15 - Bancos, Financeiras e Instituições de Pagamento;Conglomerado; ;PICPAY (conglomerado);Oferta ou prestação de informação sobre produtos e serviços de forma inadequada, exceto as relacionadas a cartão de crédito, conta e serviços acessórios, credenciadora de cartão e operação de crédito;72;
2026;2º;Top 15 - Bancos, Financeiras e Instituições de Pagamento;Conglomerado; ;PICPAY (conglomerado);Outras irregularidades ;0;
2026;2º;Top 15 - Bancos, Financeiras e Instituições de Pagamento;Conglomerado; ;PICPAY (conglomerado);Outras irregularidades - instituição de pagamento;12;
2026;2º;Top 15 - Bancos, Financeiras e Instituições de Pagamento;Conglomerado; ;PICPAY (conglomerado);Outras irregularidades relacionadas a cartões de crédito;0;
2026;2º;Top 15 - Bancos, Financeiras e Instituições de Pagamento;Conglomerado; ;PICPAY (conglomerado);Outras irregularidades relacionadas a cartões de crédito - instituição de pagamento;6;
2026;2º;Top 15 - Bancos, Financeiras e Instituições de Pagamento;Conglomerado; ;PICPAY (conglomerado);Outros assuntos não regulados relacionados a cartão de crédito;0;
2026;2º;Top 15 - Bancos, Financeiras e Instituições de Pagamento;Conglomerado; ;PICPAY (conglomerado);Outros assuntos não regulados relacionados a cartão de crédito - instituição de pagamento;0;
2026;2º;Top 15 - Bancos, Financeiras e Instituições de Pagamento;Conglomerado; ;PICPAY (conglomerado);Pix  - chaves;0;
2026;2º;Top 15 - Bancos, Financeiras e Instituições de Pagamento;Conglomerado; ;PICPAY (conglomerado);Pix - Bloqueio ou devolução de valores;0;
2026;2º;Top 15 - Bancos, Financeiras e Instituições de Pagamento;Conglomerado; ;PICPAY (conglomerado);Pix - Bloqueio ou devolução irregular de valores - instituição de pagamento;6;
2026;2º;Top 15 - Bancos, Financeiras e Instituições de Pagamento;Conglomerado; ;PICPAY (conglomerado);Pix - diversos;0;
2026;2º;Top 15 - Bancos, Financeiras e Instituições de Pagamento;Conglomerado; ;PICPAY (conglomerado);Pix - Dificuldade para solicitar ou realizar devolução;0;
2026;2º;Top 15 - Bancos, Financeiras e Instituições de Pagamento;Conglomerado; ;PICPAY (conglomerado);Pix - Dificuldade para solicitar ou realizar devolução - instituição de pagamento;12;
2026;2º;Top 15 - Bancos, Financeiras e Instituições de Pagamento;Conglomerado; ;PICPAY (conglomerado);Pix - experiência do usuário - instituição de pagamento;0;
2026;2º;Top 15 - Bancos, Financeiras e Instituições de Pagamento;Conglomerado; ;PICPAY (conglomerado);Pix - liquidação;6;
2026;2º;Top 15 - Bancos, Financeiras e Instituições de Pagamento;Conglomerado; ;PICPAY (conglomerado);Pix - liquidação - instituição de pagamento;0;
2026;2º;Top 15 - Bancos, Financeiras e Instituições de Pagamento;Conglomerado; ;PICPAY (conglomerado);Pix - outros - instituição de pagamento;0;
2026;2º;Top 15 - Bancos, Financeiras e Instituições de Pagamento;Conglomerado; ;PICPAY (conglomerado);PIX - Chaves - instituição de pagamento;6;
2026;2º;Top 15 - Bancos, Financeiras e Instituições de Pagamento;Conglomerado; ;PICPAY (conglomerado);PIX - Diversos - instituição de pagamento;0;
2026;2º;Top 15 - Bancos, Financeiras e Instituições de Pagamento;Conglomerado; ;PICPAY (conglomerado);Prestação de serviço de forma irregular em conta-salário;0;
2026;2º;Top 15 - Bancos, Financeiras e Instituições de Pagamento;Conglomerado; ;PICPAY (conglomerado);Reclamações relacionadas a assuntos diversos;0;
2026;2º;Top 15 - Bancos, Financeiras e Instituições de Pagamento;Conglomerado; ;PICPAY (conglomerado);Reclamações relacionadas a assuntos diversos envolvendo - instituição de pagamento;0;
2026;2º;Top 15 - Bancos, Financeiras e Instituições de Pagamento;Conglomerado; ;PICPAY (conglomerado);Recusa de produtos ou serviços;0;
2026;2º;Top 15 - Bancos, Financeiras e Instituições de Pagamento;Conglomerado; ;PICPAY (conglomerado);Recusa de produtos ou serviços - instituição de pagamento;0;
2026;2º;Top 15 - Bancos, Financeiras e Instituições de Pagamento;Conglomerado; ;PICPAY (conglomerado);Renegociação de dívida (exceto cartão de crédito);0;
2026;2º;Top 15 - Bancos, Financeiras e Instituições de Pagamento;Conglomerado; ;PICPAY (conglomerado);Renegociação de dívida em instituição de pagamento;0;
2026;2º;Top 15 - Bancos, Financeiras e Instituições de Pagamento;Conglomerado; ;PICPAY (conglomerado);Restrição à realização de portabilidade de operações de crédito consignado relativas a pessoas naturais;18;
2026;2º;Top 15 - Bancos, Financeiras e Instituições de Pagamento;Conglomerado; ;PICPAY (conglomerado);Restrições cadastrais;0;
2026;2º;Top 15 - Bancos, Financeiras e Instituições de Pagamento;Conglomerado; ;PICPAY (conglomerado);Restrições cadastrais por parte - instituição de pagamento;0;
2026;2º;Top 15 - Bancos, Financeiras e Instituições de Pagamento;Conglomerado; ;PICPAY (conglomerado);Terminais eletrônicos, internet e aplicativos;0;
2026;2º;Top 15 - Bancos, Financeiras e Instituições de Pagamento;Conglomerado; ;PICPAY (conglomerado);Terminais eletrônicos, internet e aplicativos - instituição de pagamento;0;
2026;2º;Top 15 - Bancos, Financeiras e Instituições de Pagamento;Conglomerado; ;PICPAY (conglomerado);Transações não reconhecidas pelo titular da conta, realizadas por terceiros (invasão de conta) - instituição de pagamento;6;
2026;2º;Top 15 - Bancos, Financeiras e Instituições de Pagamento;Conglomerado; ;PICPAY (conglomerado);Transações não reconhecidas pelo titular da conta, realizadas por terceiros (invasão de conta) em instituições financeiras;0;
2026;2º;Top 15 - Bancos, Financeiras e Instituições de Pagamento;Conglomerado; ;PICPAY (conglomerado);Utilização incorreta da taxa de desconto no cálculo do valor presente relacionadas às demais operações de crédito, exceto as de crédito consignado e de financiamento imobiliário;0;
2026;2º;Demais Bancos, Financeiras e Instituições de Pagamento;Conglomerado; ;PINBANK BRASIL IP (conglomerado);Abertura de conta de pagamento sem documentação necessária ou com documentação falsa - instituição de pagamento;0;
2026;2º;Demais Bancos, Financeiras e Instituições de Pagamento;Conglomerado; ;PINBANK BRASIL IP (conglomerado);Bloqueio de valores ou de conta fora do âmbito do Pix - instituição de pagamento;0;
2026;2º;Demais Bancos, Financeiras e Instituições de Pagamento;Conglomerado; ;PINBANK BRASIL IP (conglomerado);Irregularidades no processo de encerramento de conta de pagamento - instituição de pagamento;0;
2026;2º;Demais Bancos, Financeiras e Instituições de Pagamento;Conglomerado; ;PINBANK BRASIL IP (conglomerado);Irregularidades relacionadas a boletos de pagamento (exceto ausência de contrato com beneficiário) para IPs;6;
2026;2º;Demais Bancos, Financeiras e Instituições de Pagamento;Conglomerado; ;PINBANK BRASIL IP (conglomerado);Irregularidades relacionadas ao acompanhamento de conta de pagamento - instituição de pagamento;1;
2026;2º;Demais Bancos, Financeiras e Instituições de Pagamento;Conglomerado; ;PINBANK BRASIL IP (conglomerado);Irregularidades relativas a integridade, confiabilidade, segurança, sigilo ou legitimidade das operações e serviços prestados relacionados a conta de pagamento pós-paga - instituição de pagamento;0;
2026;2º;Demais Bancos, Financeiras e Instituições de Pagamento;Conglomerado; ;PINE (conglomerado);Ausência de título adequado relativo a cartão de crédito consignado;6;
2026;2º;Demais Bancos, Financeiras e Instituições de Pagamento;Conglomerado; ;PINE (conglomerado);Cancelamento de contrato a pedido do cliente não atendido por instituição financeira;6;
2026;2º;Demais Bancos, Financeiras e Instituições de Pagamento;Conglomerado; ;PINE (conglomerado);Concessão de crédito consignado sem a formalização do título adequado;0;
2026;2º;Demais Bancos, Financeiras e Instituições de Pagamento;Conglomerado; ;PINE (conglomerado);Descumprimento de ordem judicial;0;
2026;2º;Demais Bancos, Financeiras e Instituições de Pagamento;Conglomerado; ;PINE (conglomerado);Descumprimento de prazo de resposta da reclamação registrada no BCB;0;
2026;2º;Demais Bancos, Financeiras e Instituições de Pagamento;Conglomerado; ;PINE (conglomerado);Inclusão de dados incorretos no CCS (Cadastro de Clientes do Sistema Financeiro Nacional);0;
2026;2º;Demais Bancos, Financeiras e Instituições de Pagamento;Conglomerado; ;PINE (conglomerado);Insatisfação com a resposta recebida da instituição financeira referente à reclamação registrada no BCB;6;
2026;2º;Demais Bancos, Financeiras e Instituições de Pagamento;Conglomerado; ;PINE (conglomerado);Insatisfação com o atendimento prestado pelo SAC ou Central de Relacionamento;13;
2026;2º;Demais Bancos, Financeiras e Instituições de Pagamento;Conglomerado; ;PINE (conglomerado);Irregularidades relacionadas ao fornecimento de documento para liquidação antecipada de operações de crédito;6;
2026;2º;Demais Bancos, Financeiras e Instituições de Pagamento;Conglomerado; ;PINE (conglomerado);Irregularidades relacionadas ao fornecimento de documentos relativos a cartão de crédito;10;
2026;2º;Demais Bancos, Financeiras e Instituições de Pagamento;Conglomerado; ;PINE (conglomerado);Irregularidades relacionadas ao fornecimento de documentos relativos a operação de crédito, exceto para liquidação antecipada e descritivo do crédito.;3;
2026;2º;Demais Bancos, Financeiras e Instituições de Pagamento;Conglomerado; ;PINE (conglomerado);Irregularidades relacionadas ao fornecimento de informações relativas a operação de crédito contratada (DDC);10;
2026;2º;Demais Bancos, Financeiras e Instituições de Pagamento;Conglomerado; ;PINE (conglomerado);Irregularidades relacionadas ao fornecimento de outros documentos, exceto os relativos a cartão de crédito, conta e operação de crédito;3;
2026;2º;Demais Bancos, Financeiras e Instituições de Pagamento;Conglomerado; ;PINE (conglomerado);Irregularidades relacionadas ao Sistema de Informações de Crédito do Banco Central (SCR);0;
2026;2º;Demais Bancos, Financeiras e Instituições de Pagamento;Conglomerado; ;PINE (conglomerado);Irregularidades relativas a integridade, confiabilidade, segurança, sigilo ou legitimidade das operações e serviços disponibilizados em internet banking;3;
2026;2º;Demais Bancos, Financeiras e Instituições de Pagamento;Conglomerado; ;PINE (conglomerado);Irregularidades relativas a integridade, confiabilidade, segurança, sigilo ou legitimidade das operações e serviços relacionados a cartões de crédito;88;
2026;2º;Demais Bancos, Financeiras e Instituições de Pagamento;Conglomerado; ;PINE (conglomerado);Irregularidades relativas a integridade, confiabilidade, segurança, sigilo ou legitimidade das operações e serviços, exceto as relacionadas a cartão de crédito, cartão de débito, internet banking, ATM, credenciadora e operação de crédito;0;
2026;2º;Demais Bancos, Financeiras e Instituições de Pagamento;Conglomerado; ;PINE (conglomerado);Irregularidades relativas a integridade, confiabilidade, segurança, sigilo ou legitimidade dos serviços relacionados a operações de crédito consignado;250;
2026;2º;Demais Bancos, Financeiras e Instituições de Pagamento;Conglomerado; ;PINE (conglomerado);Irregularidades relativas a integridade, confiabilidade, segurança, sigilo ou legitimidade dos serviços relacionados a operações de crédito, exceto consignado;0;
2026;2º;Demais Bancos, Financeiras e Instituições de Pagamento;Conglomerado; ;PINE (conglomerado);Irregularidades relativas a operações de crédito de saldo devedor de fatura de cartão de crédito (rotativo e parcelamento) e respectiva cobrança de encargos;0;
2026;2º;Demais Bancos, Financeiras e Instituições de Pagamento;Conglomerado; ;PINE (conglomerado);Irregularidades relativas a telemarketing, SMS ou Whatsapp com oferta de produtos e serviços;0;
2026;2º;Demais Bancos, Financeiras e Instituições de Pagamento;Conglomerado; ;PINE (conglomerado);Juros e preços;0;
2026;2º;Demais Bancos, Financeiras e Instituições de Pagamento;Conglomerado; ;PINE (conglomerado);Não acatamento de solicitação de cancelamento de débitos automáticos em conta ou não cumprimento das regras aplicáveis;0;
2026;2º;Demais Bancos, Financeiras e Instituições de Pagamento;Conglomerado; ;PINE (conglomerado);Não acatamento de solicitação de cancelamento de débitos automáticos em conta-salário ou não cumprimento das regras aplicáveis;0;
2026;2º;Demais Bancos, Financeiras e Instituições de Pagamento;Conglomerado; ;PINE (conglomerado);Oferta ou prestação de informação sobre crédito consignado de forma inadequada;23;
2026;2º;Demais Bancos, Financeiras e Instituições de Pagamento;Conglomerado; ;PINE (conglomerado);Oferta ou prestação de informação sobre o cartão de crédito de forma inadequada ;55;
2026;2º;Demais Bancos, Financeiras e Instituições de Pagamento;Conglomerado; ;PINE (conglomerado);Oferta ou prestação de informação sobre operação de crédito de forma inadequada, exceto crédito consignado;3;
2026;2º;Demais Bancos, Financeiras e Instituições de Pagamento;Conglomerado; ;PINE (conglomerado);Oferta ou prestação de informação sobre produtos e serviços de forma inadequada, exceto as relacionadas a cartão de crédito, conta e serviços acessórios, credenciadora de cartão e operação de crédito;10;
2026;2º;Demais Bancos, Financeiras e Instituições de Pagamento;Conglomerado; ;PINE (conglomerado);Renegociação de dívida (exceto cartão de crédito);0;
2026;2º;Demais Bancos, Financeiras e Instituições de Pagamento;Conglomerado; ;PINE (conglomerado);Restrição à realização de portabilidade de operações de crédito consignado relativas a pessoas naturais;26;
2026;2º;Demais Bancos, Financeiras e Instituições de Pagamento;Conglomerado; ;PINE (conglomerado);Restrições cadastrais;0;
2026;2º;Demais Bancos, Financeiras e Instituições de Pagamento;Conglomerado; ;PINE (conglomerado);Utilização incorreta da taxa de desconto no cálculo do valor presente relacionadas às operações de crédito consignado;10;
2026;2º;Demais Bancos, Financeiras e Instituições de Pagamento;Conglomerado; ;PLUXEE IP (conglomerado);Abertura de conta de pagamento sem documentação necessária ou com documentação falsa - instituição de pagamento;2;
2026;2º;Demais Bancos, Financeiras e Instituições de Pagamento;Conglomerado; ;PLUXEE IP (conglomerado);Cartões de débito - instituição de pagamento;0;
2026;2º;Demais Bancos, Financeiras e Instituições de Pagamento;Conglomerado; ;PLUXEE IP (conglomerado);Descumprimento contratual - instituição de pagamento;0;
2026;2º;Demais Bancos, Financeiras e Instituições de Pagamento;Conglomerado; ;PLUXEE IP (conglomerado);Inclusão de dados incorretos no CCS (Cadastro de Clientes do Sistema Financeiro Nacional) - instituição de pagamento;0;
2026;2º;Demais Bancos, Financeiras e Instituições de Pagamento;Conglomerado; ;PLUXEE IP (conglomerado);Insatisfação com a resposta referente à reclamação registrada no BCB recebida - instituição de pagamento;0;
2026;2º;Demais Bancos, Financeiras e Instituições de Pagamento;Conglomerado; ;PLUXEE IP (conglomerado);Insatisfação com o atendimento prestado pelo SAC ou Central de Relacionamento - instituição de pagamento;0;
2026;2º;Demais Bancos, Financeiras e Instituições de Pagamento;Conglomerado; ;PLUXEE IP (conglomerado);Irregularidades no processo de encerramento de conta de pagamento - instituição de pagamento;3;
2026;2º;Demais Bancos, Financeiras e Instituições de Pagamento;Conglomerado; ;PLUXEE IP (conglomerado);Irregularidades relacionadas ao fornecimento de documentos por conta de pagamentos pré-paga - instituição de pagamento;0;
2026;2º;Demais Bancos, Financeiras e Instituições de Pagamento;Conglomerado; ;PLUXEE IP (conglomerado);Irregularidades relativas a integridade, confiabilidade, segurança, sigilo ou legitimidade das operações e serviços prestados relacionados a conta de pagamento pré-paga - instituição de pagamento;5;
2026;2º;Demais Bancos, Financeiras e Instituições de Pagamento;Conglomerado; ;PLUXEE IP (conglomerado);Reclamações relacionadas a assuntos diversos envolvendo - instituição de pagamento;0;
2026;2º;Demais Bancos, Financeiras e Instituições de Pagamento;Conglomerado; ;PLUXEE IP (conglomerado);Recusa de produtos ou serviços - instituição de pagamento;0;
2026;2º;Demais Bancos, Financeiras e Instituições de Pagamento;Conglomerado; ;PORTO SEGURO (conglomerado);Ausência de informações sobre as regras de funcionamento nos contratos de cartões de crédito ou seu descumprimento;0;
2026;2º;Demais Bancos, Financeiras e Instituições de Pagamento;Conglomerado; ;PORTO SEGURO (conglomerado);Ausência de título adequado relativo a cartão de crédito;3;
2026;2º;Demais Bancos, Financeiras e Instituições de Pagamento;Conglomerado; ;PORTO SEGURO (conglomerado);Bloqueio de valores ou de conta fora do âmbito do Pix;0;
2026;2º;Demais Bancos, Financeiras e Instituições de Pagamento;Conglomerado; ;PORTO SEGURO (conglomerado);Cancelamento de contrato a pedido do cliente não atendido por instituição financeira;17;
2026;2º;Demais Bancos, Financeiras e Instituições de Pagamento;Conglomerado; ;PORTO SEGURO (conglomerado);Cobrança irregular de tarifa em operação de crédito;3;
2026;2º;Demais Bancos, Financeiras e Instituições de Pagamento;Conglomerado; ;PORTO SEGURO (conglomerado);Cobrança irregular de tarifa relacionada a conta ou serviços acessórios à conta;3;
2026;2º;Demais Bancos, Financeiras e Instituições de Pagamento;Conglomerado; ;PORTO SEGURO (conglomerado);Cobrança irregular de tarifa relacionada ao cartão de crédito;17;
2026;2º;Demais Bancos, Financeiras e Instituições de Pagamento;Conglomerado; ;PORTO SEGURO (conglomerado);Cobranças diversas;0;
2026;2º;Demais Bancos, Financeiras e Instituições de Pagamento;Conglomerado; ;PORTO SEGURO (conglomerado);Concessão de crédito (exceto consignado) sem a formalização do título adequado;7;
2026;2º;Demais Bancos, Financeiras e Instituições de Pagamento;Conglomerado; ;PORTO SEGURO (conglomerado);Descumprimento de ordem judicial;0;
2026;2º;Demais Bancos, Financeiras e Instituições de Pagamento;Conglomerado; ;PORTO SEGURO (conglomerado);Descumprimento de prazo de resposta da reclamação registrada no BCB;0;
2026;2º;Demais Bancos, Financeiras e Instituições de Pagamento;Conglomerado; ;PORTO SEGURO (conglomerado);Débito em conta não autorizado pelo cliente, ou não cumprimento das regras aplicáveis;0;
2026;2º;Demais Bancos, Financeiras e Instituições de Pagamento;Conglomerado; ;PORTO SEGURO (conglomerado);Dificuldade na liberação ou substituição de bem;0;
2026;2º;Demais Bancos, Financeiras e Instituições de Pagamento;Conglomerado; ;PORTO SEGURO (conglomerado);Encaminhamento de instrumentos de pagamento não solicitados;7;
2026;2º;Demais Bancos, Financeiras e Instituições de Pagamento;Conglomerado; ;PORTO SEGURO (conglomerado);Falta de transparência na redação de documentos;7;
2026;2º;Demais Bancos, Financeiras e Instituições de Pagamento;Conglomerado; ;PORTO SEGURO (conglomerado);Golpe;0;
2026;2º;Demais Bancos, Financeiras e Instituições de Pagamento;Conglomerado; ;PORTO SEGURO (conglomerado);Insatisfação com a resposta recebida da instituição financeira referente à reclamação registrada no BCB;17;
2026;2º;Demais Bancos, Financeiras e Instituições de Pagamento;Conglomerado; ;PORTO SEGURO (conglomerado);Insatisfação com o atendimento prestado pelo SAC ou Central de Relacionamento;30;
2026;2º;Demais Bancos, Financeiras e Instituições de Pagamento;Conglomerado; ;PORTO SEGURO (conglomerado);Integridade, confiabilidade, segurança, sigilo e legitimidade das operações e serviços  - conta de pagamento pré-paga;10;
2026;2º;Demais Bancos, Financeiras e Instituições de Pagamento;Conglomerado; ;PORTO SEGURO (conglomerado);Irregularidades no processo de encerramento de conta de depósitos à vista;3;
2026;2º;Demais Bancos, Financeiras e Instituições de Pagamento;Conglomerado; ;PORTO SEGURO (conglomerado);Irregularidades relacionadas a informações e liquidação de valores a receber no sistema SVR do BCB por parte de instituições financeiras;0;
2026;2º;Demais Bancos, Financeiras e Instituições de Pagamento;Conglomerado; ;PORTO SEGURO (conglomerado);Irregularidades relacionadas ao fornecimento de documento para liquidação antecipada de operações de crédito;7;
2026;2º;Demais Bancos, Financeiras e Instituições de Pagamento;Conglomerado; ;PORTO SEGURO (conglomerado);Irregularidades relacionadas ao fornecimento de documentos relativos a cartão de crédito;7;
2026;2º;Demais Bancos, Financeiras e Instituições de Pagamento;Conglomerado; ;PORTO SEGURO (conglomerado);Irregularidades relacionadas ao fornecimento de documentos relativos a operação de crédito, exceto para liquidação antecipada e descritivo do crédito.;10;
2026;2º;Demais Bancos, Financeiras e Instituições de Pagamento;Conglomerado; ;PORTO SEGURO (conglomerado);Irregularidades relacionadas ao fornecimento de informações relativas a operação de crédito contratada (DDC);17;
2026;2º;Demais Bancos, Financeiras e Instituições de Pagamento;Conglomerado; ;PORTO SEGURO (conglomerado);Irregularidades relacionadas ao fornecimento de outros documentos, exceto os relativos a cartão de crédito, conta e operação de crédito;0;
2026;2º;Demais Bancos, Financeiras e Instituições de Pagamento;Conglomerado; ;PORTO SEGURO (conglomerado);Irregularidades relacionadas ao Sistema de Informações de Crédito do Banco Central (SCR);20;
2026;2º;Demais Bancos, Financeiras e Instituições de Pagamento;Conglomerado; ;PORTO SEGURO (conglomerado);Irregularidades relativas a integridade, confiabilidade, segurança, sigilo ou legitimidade das operações e serviços disponibilizados em internet banking;0;
2026;2º;Demais Bancos, Financeiras e Instituições de Pagamento;Conglomerado; ;PORTO SEGURO (conglomerado);Irregularidades relativas a integridade, confiabilidade, segurança, sigilo ou legitimidade das operações e serviços relacionados a cartões de crédito;186;
2026;2º;Demais Bancos, Financeiras e Instituições de Pagamento;Conglomerado; ;PORTO SEGURO (conglomerado);Irregularidades relativas a integridade, confiabilidade, segurança, sigilo ou legitimidade das operações e serviços relacionados a cartões de débito;0;
2026;2º;Demais Bancos, Financeiras e Instituições de Pagamento;Conglomerado; ;PORTO SEGURO (conglomerado);Irregularidades relativas a integridade, confiabilidade, segurança, sigilo ou legitimidade das operações e serviços, exceto as relacionadas a cartão de crédito, cartão de débito, internet banking, ATM, credenciadora e operação de crédito;20;
2026;2º;Demais Bancos, Financeiras e Instituições de Pagamento;Conglomerado; ;PORTO SEGURO (conglomerado);Irregularidades relativas a integridade, confiabilidade, segurança, sigilo ou legitimidade dos serviços relacionados a operações de crédito consignado;3;
2026;2º;Demais Bancos, Financeiras e Instituições de Pagamento;Conglomerado; ;PORTO SEGURO (conglomerado);Irregularidades relativas a integridade, confiabilidade, segurança, sigilo ou legitimidade dos serviços relacionados a operações de crédito, exceto consignado;7;
2026;2º;Demais Bancos, Financeiras e Instituições de Pagamento;Conglomerado; ;PORTO SEGURO (conglomerado);Irregularidades relativas a operações de crédito de saldo devedor de fatura de cartão de crédito (rotativo e parcelamento) e respectiva cobrança de encargos;17;
2026;2º;Demais Bancos, Financeiras e Instituições de Pagamento;Conglomerado; ;PORTO SEGURO (conglomerado);Juros e preços;0;
2026;2º;Demais Bancos, Financeiras e Instituições de Pagamento;Conglomerado; ;PORTO SEGURO (conglomerado);Limites de transação;7;
2026;2º;Demais Bancos, Financeiras e Instituições de Pagamento;Conglomerado; ;PORTO SEGURO (conglomerado);Não acatamento de solicitação de cancelamento de débitos automáticos em conta ou não cumprimento das regras aplicáveis;0;
2026;2º;Demais Bancos, Financeiras e Instituições de Pagamento;Conglomerado; ;PORTO SEGURO (conglomerado);Oferta ou prestação de informação sobre a conta ou serviços acessórios de forma inadequada ;7;
2026;2º;Demais Bancos, Financeiras e Instituições de Pagamento;Conglomerado; ;PORTO SEGURO (conglomerado);Oferta ou prestação de informação sobre o cartão de crédito de forma inadequada ;93;
2026;2º;Demais Bancos, Financeiras e Instituições de Pagamento;Conglomerado; ;PORTO SEGURO (conglomerado);Oferta ou prestação de informação sobre operação de crédito de forma inadequada, exceto crédito consignado;10;
2026;2º;Demais Bancos, Financeiras e Instituições de Pagamento;Conglomerado; ;PORTO SEGURO (conglomerado);Oferta ou prestação de informação sobre produtos e serviços de forma inadequada, exceto as relacionadas a cartão de crédito, conta e serviços acessórios, credenciadora de cartão e operação de crédito;10;
2026;2º;Demais Bancos, Financeiras e Instituições de Pagamento;Conglomerado; ;PORTO SEGURO (conglomerado);Outras irregularidades relacionadas a cartões de crédito;0;
2026;2º;Demais Bancos, Financeiras e Instituições de Pagamento;Conglomerado; ;PORTO SEGURO (conglomerado);Outros assuntos não regulados relacionados a cartão de crédito;0;
2026;2º;Demais Bancos, Financeiras e Instituições de Pagamento;Conglomerado; ;PORTO SEGURO (conglomerado);Pix - liquidação;0;
2026;2º;Demais Bancos, Financeiras e Instituições de Pagamento;Conglomerado; ;PORTO SEGURO (conglomerado);Reclamações relacionadas a assuntos diversos;0;
2026;2º;Demais Bancos, Financeiras e Instituições de Pagamento;Conglomerado; ;PORTO SEGURO (conglomerado);Recusa de produtos ou serviços;0;
2026;2º;Demais Bancos, Financeiras e Instituições de Pagamento;Conglomerado; ;PORTO SEGURO (conglomerado);Renegociação de dívida (exceto cartão de crédito);0;
2026;2º;Demais Bancos, Financeiras e Instituições de Pagamento;Conglomerado; ;PORTO SEGURO (conglomerado);Restrição à realização de portabilidade de operações de crédito (exceto crédito consignado e financiamento imobiliário) relativas a pessoas naturais;3;
2026;2º;Demais Bancos, Financeiras e Instituições de Pagamento;Conglomerado; ;PORTO SEGURO (conglomerado);Restrições cadastrais;0;
2026;2º;Demais Bancos, Financeiras e Instituições de Pagamento;Conglomerado; ;PORTO SEGURO (conglomerado);Utilização incorreta da taxa de desconto no cálculo do valor presente relacionadas às demais operações de crédito, exceto as de crédito consignado e de financiamento imobiliário;0;
2026;2º;Demais Bancos, Financeiras e Instituições de Pagamento;Conglomerado; ;PROTOTYPE IP (conglomerado);Insatisfação com a resposta referente à reclamação registrada no BCB recebida - instituição de pagamento;3;
2026;2º;Demais Bancos, Financeiras e Instituições de Pagamento;Conglomerado; ;PROTOTYPE IP (conglomerado);Irregularidades relacionadas ao acompanhamento de conta de pagamento - instituição de pagamento;26;
2026;2º;Demais Bancos, Financeiras e Instituições de Pagamento;Conglomerado; ;PROTOTYPE IP (conglomerado);Pix - Dificuldade para solicitar ou realizar devolução - instituição de pagamento;0;
2026;2º;Demais Bancos, Financeiras e Instituições de Pagamento;Conglomerado; ;QISTA S.A. CFI (conglomerado);Ausência de título adequado relativo a cartão de crédito consignado;0;
2026;2º;Demais Bancos, Financeiras e Instituições de Pagamento;Conglomerado; ;QISTA S.A. CFI (conglomerado);Concessão de crédito consignado sem a formalização do título adequado;2;
2026;2º;Demais Bancos, Financeiras e Instituições de Pagamento;Conglomerado; ;QISTA S.A. CFI (conglomerado);Crédito consignado;0;
2026;2º;Demais Bancos, Financeiras e Instituições de Pagamento;Conglomerado; ;QISTA S.A. CFI (conglomerado);Golpe;0;
2026;2º;Demais Bancos, Financeiras e Instituições de Pagamento;Conglomerado; ;QISTA S.A. CFI (conglomerado);Insatisfação com a resposta recebida da instituição financeira referente à reclamação registrada no BCB;0;
2026;2º;Demais Bancos, Financeiras e Instituições de Pagamento;Conglomerado; ;QISTA S.A. CFI (conglomerado);Insatisfação com o atendimento prestado pelo SAC ou Central de Relacionamento;0;
2026;2º;Demais Bancos, Financeiras e Instituições de Pagamento;Conglomerado; ;QISTA S.A. CFI (conglomerado);Irregularidades relacionadas ao fornecimento de documento para liquidação antecipada de operações de crédito;0;
2026;2º;Demais Bancos, Financeiras e Instituições de Pagamento;Conglomerado; ;QISTA S.A. CFI (conglomerado);Irregularidades relacionadas ao fornecimento de documentos relativos a cartão de crédito;0;
2026;2º;Demais Bancos, Financeiras e Instituições de Pagamento;Conglomerado; ;QISTA S.A. CFI (conglomerado);Irregularidades relacionadas ao fornecimento de documentos relativos a operação de crédito, exceto para liquidação antecipada e descritivo do crédito.;0;
2026;2º;Demais Bancos, Financeiras e Instituições de Pagamento;Conglomerado; ;QISTA S.A. CFI (conglomerado);Irregularidades relacionadas ao fornecimento de informações relativas a operação de crédito contratada (DDC);0;
2026;2º;Demais Bancos, Financeiras e Instituições de Pagamento;Conglomerado; ;QISTA S.A. CFI (conglomerado);Irregularidades relacionadas ao Sistema de Informações de Crédito do Banco Central (SCR);2;
2026;2º;Demais Bancos, Financeiras e Instituições de Pagamento;Conglomerado; ;QISTA S.A. CFI (conglomerado);Irregularidades relativas a integridade, confiabilidade, segurança, sigilo ou legitimidade das operações e serviços relacionados a cartões de crédito;2;
2026;2º;Demais Bancos, Financeiras e Instituições de Pagamento;Conglomerado; ;QISTA S.A. CFI (conglomerado);Irregularidades relativas a integridade, confiabilidade, segurança, sigilo ou legitimidade dos serviços relacionados a operações de crédito consignado;3;
2026;2º;Demais Bancos, Financeiras e Instituições de Pagamento;Conglomerado; ;QISTA S.A. CFI (conglomerado);Irregularidades relativas a integridade, confiabilidade, segurança, sigilo ou legitimidade dos serviços relacionados a operações de crédito, exceto consignado;0;
2026;2º;Demais Bancos, Financeiras e Instituições de Pagamento;Conglomerado; ;QISTA S.A. CFI (conglomerado);Renegociação de dívida (exceto cartão de crédito);0;
2026;2º;Demais Bancos, Financeiras e Instituições de Pagamento;Conglomerado; ;QISTA S.A. CFI (conglomerado);Restrições cadastrais;0;
2026;2º;Demais Bancos, Financeiras e Instituições de Pagamento;Conglomerado; ;QUERO-QUERO VERDECARD IP (conglomerado);Abertura de conta de pagamento sem documentação necessária ou com documentação falsa - instituição de pagamento;0;
2026;2º;Demais Bancos, Financeiras e Instituições de Pagamento;Conglomerado; ;QUERO-QUERO VERDECARD IP (conglomerado);Bloqueio de valores ou de conta fora do âmbito do Pix - instituição de pagamento;0;
2026;2º;Demais Bancos, Financeiras e Instituições de Pagamento;Conglomerado; ;QUERO-QUERO VERDECARD IP (conglomerado);Cadastro positivo envolvendo instituição de pagamento;0;
2026;2º;Demais Bancos, Financeiras e Instituições de Pagamento;Conglomerado; ;QUERO-QUERO VERDECARD IP (conglomerado);Cobranças diversas de IPs;0;
2026;2º;Demais Bancos, Financeiras e Instituições de Pagamento;Conglomerado; ;QUERO-QUERO VERDECARD IP (conglomerado);Insatisfação com o atendimento prestado pelo SAC ou Central de Relacionamento - instituição de pagamento;1;
2026;2º;Demais Bancos, Financeiras e Instituições de Pagamento;Conglomerado; ;QUERO-QUERO VERDECARD IP (conglomerado);Irregularidades no processo de encerramento de conta de pagamento - instituição de pagamento;0;
2026;2º;Demais Bancos, Financeiras e Instituições de Pagamento;Conglomerado; ;QUERO-QUERO VERDECARD IP (conglomerado);Irregularidades relacionadas a operações no mercado de câmbio para IPs;0;
2026;2º;Demais Bancos, Financeiras e Instituições de Pagamento;Conglomerado; ;QUERO-QUERO VERDECARD IP (conglomerado);Irregularidades relacionadas ao acompanhamento de conta de pagamento - instituição de pagamento;1;
2026;2º;Demais Bancos, Financeiras e Instituições de Pagamento;Conglomerado; ;QUERO-QUERO VERDECARD IP (conglomerado);Irregularidades relacionadas ao fornecimento de documentos por conta de pagamentos pós-paga - instituição de pagamento;1;
2026;2º;Demais Bancos, Financeiras e Instituições de Pagamento;Conglomerado; ;QUERO-QUERO VERDECARD IP (conglomerado);Irregularidades relacionadas ao fornecimento de documentos por conta de pagamentos pré-paga - instituição de pagamento;0;
2026;2º;Demais Bancos, Financeiras e Instituições de Pagamento;Conglomerado; ;QUERO-QUERO VERDECARD IP (conglomerado);Irregularidades relacionadas ao Sistema de Informações de Crédito do Banco Central (SCR) - instituição de pagamento;0;
2026;2º;Demais Bancos, Financeiras e Instituições de Pagamento;Conglomerado; ;QUERO-QUERO VERDECARD IP (conglomerado);Irregularidades relativas a integridade, confiabilidade, segurança, sigilo ou legitimidade das operações e serviços prestados relacionados a conta de pagamento pós-paga - instituição de pagamento;3;
2026;2º;Demais Bancos, Financeiras e Instituições de Pagamento;Conglomerado; ;QUERO-QUERO VERDECARD IP (conglomerado);Irregularidades relativas a integridade, confiabilidade, segurança, sigilo ou legitimidade das operações e serviços prestados relacionados a conta de pagamento pré-paga - instituição de pagamento;1;
2026;2º;Demais Bancos, Financeiras e Instituições de Pagamento;Conglomerado; ;QUERO-QUERO VERDECARD IP (conglomerado);Irregularidades relativas a operações de crédito de saldo devedor de fatura de cartão de crédito (rotativo e parcelamento) e respectiva cobrança de encargos - instituições de pagamento;1;
2026;2º;Demais Bancos, Financeiras e Instituições de Pagamento;Conglomerado; ;QUERO-QUERO VERDECARD IP (conglomerado);Limites de transação - instituição de pagamento;0;
2026;2º;Demais Bancos, Financeiras e Instituições de Pagamento;Conglomerado; ;QUERO-QUERO VERDECARD IP (conglomerado);Oferta ou prestação de informação a respeito de produtos e serviços de forma inadequada para conta de pagamento pré-paga - instituição de pagamento;1;
2026;2º;Demais Bancos, Financeiras e Instituições de Pagamento;Conglomerado; ;QUERO-QUERO VERDECARD IP (conglomerado);Outras irregularidades - instituição de pagamento;0;
2026;2º;Demais Bancos, Financeiras e Instituições de Pagamento;Conglomerado; ;QUERO-QUERO VERDECARD IP (conglomerado);Pix - Bloqueio ou devolução irregular de valores - instituição de pagamento;0;
2026;2º;Demais Bancos, Financeiras e Instituições de Pagamento;Conglomerado; ;QUERO-QUERO VERDECARD IP (conglomerado);Pix - Dificuldade para solicitar ou realizar devolução - instituição de pagamento;0;
2026;2º;Demais Bancos, Financeiras e Instituições de Pagamento;Conglomerado; ;QUERO-QUERO VERDECARD IP (conglomerado);Pix - outros - instituição de pagamento;0;
2026;2º;Demais Bancos, Financeiras e Instituições de Pagamento;Conglomerado; ;QUERO-QUERO VERDECARD IP (conglomerado);Reclamações relacionadas a assuntos diversos envolvendo - instituição de pagamento;0;
2026;2º;Demais Bancos, Financeiras e Instituições de Pagamento;Conglomerado; ;QUERO-QUERO VERDECARD IP (conglomerado);Renegociação de dívida em instituição de pagamento;0;
2026;2º;Demais Bancos, Financeiras e Instituições de Pagamento;Conglomerado; ;QUERO-QUERO VERDECARD IP (conglomerado);Restrições cadastrais por parte - instituição de pagamento;0;
2026;2º;Demais Bancos, Financeiras e Instituições de Pagamento;Conglomerado; ;QUERO-QUERO VERDECARD IP (conglomerado);Transações não reconhecidas pelo titular da conta, realizadas por terceiros (invasão de conta) - instituição de pagamento;0;
2026;2º;Demais Bancos, Financeiras e Instituições de Pagamento;Conglomerado; ;REALIZE SCFI (conglomerado);Ausência de título adequado relativo a cartão de crédito;0;
2026;2º;Demais Bancos, Financeiras e Instituições de Pagamento;Conglomerado; ;REALIZE SCFI (conglomerado);Bloqueio de valores ou de conta fora do âmbito do Pix;0;
2026;2º;Demais Bancos, Financeiras e Instituições de Pagamento;Conglomerado; ;REALIZE SCFI (conglomerado);Cancelamento de contrato a pedido do cliente não atendido por instituição financeira;0;
2026;2º;Demais Bancos, Financeiras e Instituições de Pagamento;Conglomerado; ;REALIZE SCFI (conglomerado);Cancelamento de contrato por iniciativa da instituição financeira;0;
2026;2º;Demais Bancos, Financeiras e Instituições de Pagamento;Conglomerado; ;REALIZE SCFI (conglomerado);Cobrança irregular de tarifa relacionada ao cartão de crédito;0;
2026;2º;Demais Bancos, Financeiras e Instituições de Pagamento;Conglomerado; ;REALIZE SCFI (conglomerado);Cobranças diversas;0;
2026;2º;Demais Bancos, Financeiras e Instituições de Pagamento;Conglomerado; ;REALIZE SCFI (conglomerado);Inclusão de dados incorretos no CCS (Cadastro de Clientes do Sistema Financeiro Nacional);2;
2026;2º;Demais Bancos, Financeiras e Instituições de Pagamento;Conglomerado; ;REALIZE SCFI (conglomerado);Insatisfação com a resposta recebida da instituição financeira referente à reclamação registrada no BCB;0;
2026;2º;Demais Bancos, Financeiras e Instituições de Pagamento;Conglomerado; ;REALIZE SCFI (conglomerado);Insatisfação com o atendimento prestado pelo SAC ou Central de Relacionamento;6;
2026;2º;Demais Bancos, Financeiras e Instituições de Pagamento;Conglomerado; ;REALIZE SCFI (conglomerado);Irregularidades relacionadas ao fornecimento de documento para liquidação antecipada de operações de crédito;0;
2026;2º;Demais Bancos, Financeiras e Instituições de Pagamento;Conglomerado; ;REALIZE SCFI (conglomerado);Irregularidades relacionadas ao fornecimento de documentos relativos a cartão de crédito;0;
2026;2º;Demais Bancos, Financeiras e Instituições de Pagamento;Conglomerado; ;REALIZE SCFI (conglomerado);Irregularidades relacionadas ao fornecimento de documentos relativos a operação de crédito, exceto para liquidação antecipada e descritivo do crédito.;2;
2026;2º;Demais Bancos, Financeiras e Instituições de Pagamento;Conglomerado; ;REALIZE SCFI (conglomerado);Irregularidades relacionadas ao fornecimento de informações relativas a operação de crédito contratada (DDC);6;
2026;2º;Demais Bancos, Financeiras e Instituições de Pagamento;Conglomerado; ;REALIZE SCFI (conglomerado);Irregularidades relacionadas ao Sistema de Informações de Crédito do Banco Central (SCR);0;
2026;2º;Demais Bancos, Financeiras e Instituições de Pagamento;Conglomerado; ;REALIZE SCFI (conglomerado);Irregularidades relativas a integridade, confiabilidade, segurança, sigilo ou legitimidade das operações e serviços disponibilizados em internet banking;0;
2026;2º;Demais Bancos, Financeiras e Instituições de Pagamento;Conglomerado; ;REALIZE SCFI (conglomerado);Irregularidades relativas a integridade, confiabilidade, segurança, sigilo ou legitimidade das operações e serviços relacionados a cartões de crédito;42;
2026;2º;Demais Bancos, Financeiras e Instituições de Pagamento;Conglomerado; ;REALIZE SCFI (conglomerado);Irregularidades relativas a integridade, confiabilidade, segurança, sigilo ou legitimidade das operações e serviços, exceto as relacionadas a cartão de crédito, cartão de débito, internet banking, ATM, credenciadora e operação de crédito;0;
2026;2º;Demais Bancos, Financeiras e Instituições de Pagamento;Conglomerado; ;REALIZE SCFI (conglomerado);Irregularidades relativas a operações de crédito de saldo devedor de fatura de cartão de crédito (rotativo e parcelamento) e respectiva cobrança de encargos;21;
2026;2º;Demais Bancos, Financeiras e Instituições de Pagamento;Conglomerado; ;REALIZE SCFI (conglomerado);Não acatamento de solicitação de cancelamento de débitos automáticos em conta ou não cumprimento das regras aplicáveis;0;
2026;2º;Demais Bancos, Financeiras e Instituições de Pagamento;Conglomerado; ;REALIZE SCFI (conglomerado);Oferta ou prestação de informação sobre o cartão de crédito de forma inadequada ;8;
2026;2º;Demais Bancos, Financeiras e Instituições de Pagamento;Conglomerado; ;REALIZE SCFI (conglomerado);Oferta ou prestação de informação sobre operação de crédito de forma inadequada, exceto crédito consignado;2;
2026;2º;Demais Bancos, Financeiras e Instituições de Pagamento;Conglomerado; ;REALIZE SCFI (conglomerado);Oferta ou prestação de informação sobre produtos e serviços de forma inadequada, exceto as relacionadas a cartão de crédito, conta e serviços acessórios, credenciadora de cartão e operação de crédito;2;
2026;2º;Demais Bancos, Financeiras e Instituições de Pagamento;Conglomerado; ;REALIZE SCFI (conglomerado);Outras irregularidades relacionadas a cartões de crédito;0;
2026;2º;Demais Bancos, Financeiras e Instituições de Pagamento;Conglomerado; ;REALIZE SCFI (conglomerado);Outros assuntos não regulados relacionados a cartão de crédito;0;
2026;2º;Demais Bancos, Financeiras e Instituições de Pagamento;Conglomerado; ;REALIZE SCFI (conglomerado);Reclamações relacionadas a assuntos diversos;0;
2026;2º;Demais Bancos, Financeiras e Instituições de Pagamento;Conglomerado; ;REALIZE SCFI (conglomerado);Recusa de produtos ou serviços;0;
2026;2º;Demais Bancos, Financeiras e Instituições de Pagamento;Conglomerado; ;REALIZE SCFI (conglomerado);Renegociação de dívida (exceto cartão de crédito);0;
2026;2º;Demais Bancos, Financeiras e Instituições de Pagamento;Conglomerado; ;REALIZE SCFI (conglomerado);Restrições cadastrais;0;
2026;2º;Demais Bancos, Financeiras e Instituições de Pagamento;Conglomerado; ;RECARGAPAY IP (conglomerado);Abertura de conta de pagamento sem documentação necessária ou com documentação falsa;2;
2026;2º;Demais Bancos, Financeiras e Instituições de Pagamento;Conglomerado; ;RECARGAPAY IP (conglomerado);Abertura de conta de pagamento sem documentação necessária ou com documentação falsa - instituição de pagamento;26;
2026;2º;Demais Bancos, Financeiras e Instituições de Pagamento;Conglomerado; ;RECARGAPAY IP (conglomerado);Bloqueio de valores ou de conta fora do âmbito do Pix - instituição de pagamento;7;
2026;2º;Demais Bancos, Financeiras e Instituições de Pagamento;Conglomerado; ;RECARGAPAY IP (conglomerado);Cancelamento de contrato a pedido do cliente de conta de pagamento pós-paga não atendido - instituição de pagamento;2;
2026;2º;Demais Bancos, Financeiras e Instituições de Pagamento;Conglomerado; ;RECARGAPAY IP (conglomerado);Cancelamento de contrato a pedido do cliente de conta de pagamento pré-paga não atendido - instituição de pagamento;0;
2026;2º;Demais Bancos, Financeiras e Instituições de Pagamento;Conglomerado; ;RECARGAPAY IP (conglomerado);Cobrança irregular de tarifa em conta de pagamento pós-paga - instituição de pagamento;2;
2026;2º;Demais Bancos, Financeiras e Instituições de Pagamento;Conglomerado; ;RECARGAPAY IP (conglomerado);Cobranças diversas de IPs;0;
2026;2º;Demais Bancos, Financeiras e Instituições de Pagamento;Conglomerado; ;RECARGAPAY IP (conglomerado);Concessão de crédito (exceto consignado) sem a formalização do título adequado;0;
2026;2º;Demais Bancos, Financeiras e Instituições de Pagamento;Conglomerado; ;RECARGAPAY IP (conglomerado);Descumprimento contratual - instituição de pagamento;0;
2026;2º;Demais Bancos, Financeiras e Instituições de Pagamento;Conglomerado; ;RECARGAPAY IP (conglomerado);Descumprimento de prazo de resposta da reclamação registrada no BCB - instituição de pagamento;2;
2026;2º;Demais Bancos, Financeiras e Instituições de Pagamento;Conglomerado; ;RECARGAPAY IP (conglomerado);Débito em conta de pagamento pré-paga não autorizado pelo cliente, ou não cumprimento das regras aplicáveis - instituição de pagamento;2;
2026;2º;Demais Bancos, Financeiras e Instituições de Pagamento;Conglomerado; ;RECARGAPAY IP (conglomerado);Golpe;0;
2026;2º;Demais Bancos, Financeiras e Instituições de Pagamento;Conglomerado; ;RECARGAPAY IP (conglomerado);Inclusão de dados incorretos no CCS (Cadastro de Clientes do Sistema Financeiro Nacional) - instituição de pagamento;5;
2026;2º;Demais Bancos, Financeiras e Instituições de Pagamento;Conglomerado; ;RECARGAPAY IP (conglomerado);Insatisfação com a resposta recebida da instituição financeira referente à reclamação registrada no BCB;2;
2026;2º;Demais Bancos, Financeiras e Instituições de Pagamento;Conglomerado; ;RECARGAPAY IP (conglomerado);Insatisfação com a resposta referente à reclamação registrada no BCB recebida - instituição de pagamento;19;
2026;2º;Demais Bancos, Financeiras e Instituições de Pagamento;Conglomerado; ;RECARGAPAY IP (conglomerado);Insatisfação com o atendimento prestado pelo SAC ou Central de Relacionamento - instituição de pagamento;14;
2026;2º;Demais Bancos, Financeiras e Instituições de Pagamento;Conglomerado; ;RECARGAPAY IP (conglomerado);Irregularidades no processo de encerramento de conta de pagamento - instituição de pagamento;7;
2026;2º;Demais Bancos, Financeiras e Instituições de Pagamento;Conglomerado; ;RECARGAPAY IP (conglomerado);Irregularidades relacionadas ao acompanhamento de conta de pagamento - instituição de pagamento;54;
2026;2º;Demais Bancos, Financeiras e Instituições de Pagamento;Conglomerado; ;RECARGAPAY IP (conglomerado);Irregularidades relacionadas ao fornecimento de documentos por conta de pagamentos pós-paga - instituição de pagamento;2;
2026;2º;Demais Bancos, Financeiras e Instituições de Pagamento;Conglomerado; ;RECARGAPAY IP (conglomerado);Irregularidades relacionadas ao fornecimento de documentos por conta de pagamentos pré-paga - instituição de pagamento;5;
2026;2º;Demais Bancos, Financeiras e Instituições de Pagamento;Conglomerado; ;RECARGAPAY IP (conglomerado);Irregularidades relacionadas ao fornecimento de documentos relativos a conta;0;
2026;2º;Demais Bancos, Financeiras e Instituições de Pagamento;Conglomerado; ;RECARGAPAY IP (conglomerado);Irregularidades relacionadas ao fornecimento de documentos relativos a operação de crédito, exceto para liquidação antecipada e descritivo do crédito.;0;
2026;2º;Demais Bancos, Financeiras e Instituições de Pagamento;Conglomerado; ;RECARGAPAY IP (conglomerado);Irregularidades relacionadas ao fornecimento de informações relativas a operação de crédito contratada (DDC);0;
2026;2º;Demais Bancos, Financeiras e Instituições de Pagamento;Conglomerado; ;RECARGAPAY IP (conglomerado);Irregularidades relacionadas ao Sistema de Informações de Crédito do Banco Central (SCR);2;
2026;2º;Demais Bancos, Financeiras e Instituições de Pagamento;Conglomerado; ;RECARGAPAY IP (conglomerado);Irregularidades relacionadas ao Sistema de Informações de Crédito do Banco Central (SCR) - instituição de pagamento;0;
2026;2º;Demais Bancos, Financeiras e Instituições de Pagamento;Conglomerado; ;RECARGAPAY IP (conglomerado);Irregularidades relacionadas à liquidação de documentos (exceto cheques) - instituição de pagamento;0;
2026;2º;Demais Bancos, Financeiras e Instituições de Pagamento;Conglomerado; ;RECARGAPAY IP (conglomerado);Irregularidades relativas a integridade, confiabilidade, segurança, sigilo ou legitimidade das operações e serviços prestados relacionados a conta de pagamento pós-paga - instituição de pagamento;59;
2026;2º;Demais Bancos, Financeiras e Instituições de Pagamento;Conglomerado; ;RECARGAPAY IP (conglomerado);Irregularidades relativas a integridade, confiabilidade, segurança, sigilo ou legitimidade das operações e serviços prestados relacionados a conta de pagamento pré-paga - instituição de pagamento;38;
2026;2º;Demais Bancos, Financeiras e Instituições de Pagamento;Conglomerado; ;RECARGAPAY IP (conglomerado);Irregularidades relativas a operações de crédito de saldo devedor de fatura de cartão de crédito (rotativo e parcelamento) e respectiva cobrança de encargos - instituições de pagamento;2;
2026;2º;Demais Bancos, Financeiras e Instituições de Pagamento;Conglomerado; ;RECARGAPAY IP (conglomerado);Juros e preços;0;
2026;2º;Demais Bancos, Financeiras e Instituições de Pagamento;Conglomerado; ;RECARGAPAY IP (conglomerado);Limites de transação - instituição de pagamento;7;
2026;2º;Demais Bancos, Financeiras e Instituições de Pagamento;Conglomerado; ;RECARGAPAY IP (conglomerado);Não acatamento de solicitação de cancelamento de débitos automáticos em conta de pagamento pré-paga ou não cumprimento das regras aplicáveis - instituição de pagamento;0;
2026;2º;Demais Bancos, Financeiras e Instituições de Pagamento;Conglomerado; ;RECARGAPAY IP (conglomerado);Oferta ou prestação de informação a respeito de produtos e serviços de forma inadequada para conta de pagamento pós-paga - instituição de pagamento;14;
2026;2º;Demais Bancos, Financeiras e Instituições de Pagamento;Conglomerado; ;RECARGAPAY IP (conglomerado);Oferta ou prestação de informação a respeito de produtos e serviços de forma inadequada para conta de pagamento pré-paga - instituição de pagamento;14;
2026;2º;Demais Bancos, Financeiras e Instituições de Pagamento;Conglomerado; ;RECARGAPAY IP (conglomerado);Oferta ou prestação de informação sobre a conta ou serviços acessórios de forma inadequada ;0;
2026;2º;Demais Bancos, Financeiras e Instituições de Pagamento;Conglomerado; ;RECARGAPAY IP (conglomerado);Oferta ou prestação de informação sobre crédito consignado de forma inadequada;2;
2026;2º;Demais Bancos, Financeiras e Instituições de Pagamento;Conglomerado; ;RECARGAPAY IP (conglomerado);Outras irregularidades - instituição de pagamento;0;
2026;2º;Demais Bancos, Financeiras e Instituições de Pagamento;Conglomerado; ;RECARGAPAY IP (conglomerado);Outras irregularidades relacionadas a cartões de crédito - instituição de pagamento;0;
2026;2º;Demais Bancos, Financeiras e Instituições de Pagamento;Conglomerado; ;RECARGAPAY IP (conglomerado);Outros assuntos não regulados relacionados a cartão de crédito - instituição de pagamento;0;
2026;2º;Demais Bancos, Financeiras e Instituições de Pagamento;Conglomerado; ;RECARGAPAY IP (conglomerado);Pix - Bloqueio ou devolução irregular de valores - instituição de pagamento;0;
2026;2º;Demais Bancos, Financeiras e Instituições de Pagamento;Conglomerado; ;RECARGAPAY IP (conglomerado);Pix - Dificuldade para solicitar ou realizar devolução - instituição de pagamento;16;
2026;2º;Demais Bancos, Financeiras e Instituições de Pagamento;Conglomerado; ;RECARGAPAY IP (conglomerado);Pix - experiência do usuário - instituição de pagamento;2;
2026;2º;Demais Bancos, Financeiras e Instituições de Pagamento;Conglomerado; ;RECARGAPAY IP (conglomerado);PIX - Chaves - instituição de pagamento;0;
2026;2º;Demais Bancos, Financeiras e Instituições de Pagamento;Conglomerado; ;RECARGAPAY IP (conglomerado);PIX - Diversos - instituição de pagamento;0;
2026;2º;Demais Bancos, Financeiras e Instituições de Pagamento;Conglomerado; ;RECARGAPAY IP (conglomerado);PIX - Iniciação - instituição de pagamento;5;
2026;2º;Demais Bancos, Financeiras e Instituições de Pagamento;Conglomerado; ;RECARGAPAY IP (conglomerado);Reclamações relacionadas a assuntos diversos envolvendo - instituição de pagamento;0;
2026;2º;Demais Bancos, Financeiras e Instituições de Pagamento;Conglomerado; ;RECARGAPAY IP (conglomerado);Recusa de produtos ou serviços - instituição de pagamento;0;
2026;2º;Demais Bancos, Financeiras e Instituições de Pagamento;Conglomerado; ;RECARGAPAY IP (conglomerado);Renegociação de dívida (exceto cartão de crédito);0;
2026;2º;Demais Bancos, Financeiras e Instituições de Pagamento;Conglomerado; ;RECARGAPAY IP (conglomerado);Renegociação de dívida em instituição de pagamento;0;
2026;2º;Demais Bancos, Financeiras e Instituições de Pagamento;Conglomerado; ;RECARGAPAY IP (conglomerado);Restrições cadastrais;0;
2026;2º;Demais Bancos, Financeiras e Instituições de Pagamento;Conglomerado; ;RECARGAPAY IP (conglomerado);Restrições cadastrais por parte - instituição de pagamento;0;
2026;2º;Demais Bancos, Financeiras e Instituições de Pagamento;Conglomerado; ;RECARGAPAY IP (conglomerado);Transações não reconhecidas pelo titular da conta, realizadas por terceiros (invasão de conta) - instituição de pagamento;5;
2026;2º;Demais Bancos, Financeiras e Instituições de Pagamento;Conglomerado; ;RENDIMENTO (conglomerado);Abertura de conta de depósito com documentação ausente, insuficiente ou falsa;3;
2026;2º;Demais Bancos, Financeiras e Instituições de Pagamento;Conglomerado; ;RENDIMENTO (conglomerado);Bloqueio de valores ou de conta fora do âmbito do Pix;0;
2026;2º;Demais Bancos, Financeiras e Instituições de Pagamento;Conglomerado; ;RENDIMENTO (conglomerado);Cobrança irregular de tarifa relacionada a conta ou serviços acessórios à conta;3;
2026;2º;Demais Bancos, Financeiras e Instituições de Pagamento;Conglomerado; ;RENDIMENTO (conglomerado);Golpe;0;
2026;2º;Demais Bancos, Financeiras e Instituições de Pagamento;Conglomerado; ;RENDIMENTO (conglomerado);Inclusão de dados incorretos no CCS (Cadastro de Clientes do Sistema Financeiro Nacional) - instituição de pagamento;0;
2026;2º;Demais Bancos, Financeiras e Instituições de Pagamento;Conglomerado; ;RENDIMENTO (conglomerado);Insatisfação com o atendimento prestado pelo SAC ou Central de Relacionamento;3;
2026;2º;Demais Bancos, Financeiras e Instituições de Pagamento;Conglomerado; ;RENDIMENTO (conglomerado);Irregularidades no processo de encerramento de conta de depósitos à vista;0;
2026;2º;Demais Bancos, Financeiras e Instituições de Pagamento;Conglomerado; ;RENDIMENTO (conglomerado);Irregularidades relacionadas a operações no mercado de câmbio;0;
2026;2º;Demais Bancos, Financeiras e Instituições de Pagamento;Conglomerado; ;RENDIMENTO (conglomerado);Irregularidades relacionadas ao acompanhamento de conta;0;
2026;2º;Demais Bancos, Financeiras e Instituições de Pagamento;Conglomerado; ;RENDIMENTO (conglomerado);Irregularidades relacionadas ao fornecimento de documentos por conta de pagamentos pré-paga - instituição de pagamento;3;
2026;2º;Demais Bancos, Financeiras e Instituições de Pagamento;Conglomerado; ;RENDIMENTO (conglomerado);Irregularidades relativas a integridade, confiabilidade, segurança, sigilo ou legitimidade das operações e serviços disponibilizados em internet banking;3;
2026;2º;Demais Bancos, Financeiras e Instituições de Pagamento;Conglomerado; ;RENDIMENTO (conglomerado);Pix - Dificuldade para solicitar ou realizar devolução;0;
2026;2º;Demais Bancos, Financeiras e Instituições de Pagamento;Conglomerado; ;RENDIMENTO (conglomerado);Renegociação de dívida (exceto cartão de crédito);0;
2026;2º;Demais Bancos, Financeiras e Instituições de Pagamento;Conglomerado; ;RODOBENS (conglomerado);Irregularidades relacionadas ao fornecimento de documentos relativos a operação de crédito, exceto para liquidação antecipada e descritivo do crédito.;0;
2026;2º;Demais Bancos, Financeiras e Instituições de Pagamento;Conglomerado; ;RPW S/A SCFI (conglomerado);Ausência de título adequado relativo a cartão de crédito consignado;0;
2026;2º;Demais Bancos, Financeiras e Instituições de Pagamento;Conglomerado; ;RPW S/A SCFI (conglomerado);Cobrança irregular de tarifa em operação de crédito;1;
2026;2º;Demais Bancos, Financeiras e Instituições de Pagamento;Conglomerado; ;RPW S/A SCFI (conglomerado);Concessão de crédito consignado sem a formalização do título adequado;0;
2026;2º;Demais Bancos, Financeiras e Instituições de Pagamento;Conglomerado; ;RPW S/A SCFI (conglomerado);Insatisfação com a resposta recebida da instituição financeira referente à reclamação registrada no BCB;0;
2026;2º;Demais Bancos, Financeiras e Instituições de Pagamento;Conglomerado; ;RPW S/A SCFI (conglomerado);Irregularidades relacionadas ao Custo Efetivo Total (CET) de operação de crédito;1;
2026;2º;Demais Bancos, Financeiras e Instituições de Pagamento;Conglomerado; ;RPW S/A SCFI (conglomerado);Irregularidades relacionadas ao fornecimento de documento para liquidação antecipada de operações de crédito;0;
2026;2º;Demais Bancos, Financeiras e Instituições de Pagamento;Conglomerado; ;RPW S/A SCFI (conglomerado);Irregularidades relacionadas ao fornecimento de documentos relativos a operação de crédito, exceto para liquidação antecipada e descritivo do crédito.;1;
2026;2º;Demais Bancos, Financeiras e Instituições de Pagamento;Conglomerado; ;RPW S/A SCFI (conglomerado);Irregularidades relacionadas ao Sistema de Informações de Crédito do Banco Central (SCR);1;
2026;2º;Demais Bancos, Financeiras e Instituições de Pagamento;Conglomerado; ;RPW S/A SCFI (conglomerado);Irregularidades relativas a integridade, confiabilidade, segurança, sigilo ou legitimidade dos serviços relacionados a operações de crédito consignado;10;
2026;2º;Demais Bancos, Financeiras e Instituições de Pagamento;Conglomerado; ;RPW S/A SCFI (conglomerado);Juros e preços;0;
2026;2º;Demais Bancos, Financeiras e Instituições de Pagamento;Conglomerado; ;RPW S/A SCFI (conglomerado);Não acatamento de solicitação de cancelamento de débitos automáticos em conta ou não cumprimento das regras aplicáveis;0;
2026;2º;Demais Bancos, Financeiras e Instituições de Pagamento;Conglomerado; ;RPW S/A SCFI (conglomerado);Oferta ou prestação de informação sobre crédito consignado de forma inadequada;1;
2026;2º;Demais Bancos, Financeiras e Instituições de Pagamento;Conglomerado; ;RPW S/A SCFI (conglomerado);Reclamações relacionadas a assuntos diversos;0;
2026;2º;Demais Bancos, Financeiras e Instituições de Pagamento;Conglomerado; ;RPW S/A SCFI (conglomerado);Renegociação de dívida (exceto cartão de crédito);0;
2026;2º;Demais Bancos, Financeiras e Instituições de Pagamento;Conglomerado; ;SAFRA (conglomerado);Abertura de conta de depósito com documentação ausente, insuficiente ou falsa;0;
2026;2º;Demais Bancos, Financeiras e Instituições de Pagamento;Conglomerado; ;SAFRA (conglomerado);Ausência de título adequado relativo a cartão de crédito;3;
2026;2º;Demais Bancos, Financeiras e Instituições de Pagamento;Conglomerado; ;SAFRA (conglomerado);Bloqueio de valores ou de conta fora do âmbito do Pix;6;
2026;2º;Demais Bancos, Financeiras e Instituições de Pagamento;Conglomerado; ;SAFRA (conglomerado);Cancelamento de contrato a pedido do cliente não atendido por instituição financeira;8;
2026;2º;Demais Bancos, Financeiras e Instituições de Pagamento;Conglomerado; ;SAFRA (conglomerado);Cobrança irregular de tarifa em operação de crédito;0;
2026;2º;Demais Bancos, Financeiras e Instituições de Pagamento;Conglomerado; ;SAFRA (conglomerado);Cobrança irregular de tarifa relacionada a conta ou serviços acessórios à conta;22;
2026;2º;Demais Bancos, Financeiras e Instituições de Pagamento;Conglomerado; ;SAFRA (conglomerado);Cobranças diversas;0;
2026;2º;Demais Bancos, Financeiras e Instituições de Pagamento;Conglomerado; ;SAFRA (conglomerado);Concessão de crédito (exceto consignado) sem a formalização do título adequado;6;
2026;2º;Demais Bancos, Financeiras e Instituições de Pagamento;Conglomerado; ;SAFRA (conglomerado);Concessão de crédito consignado sem a formalização do título adequado;14;
2026;2º;Demais Bancos, Financeiras e Instituições de Pagamento;Conglomerado; ;SAFRA (conglomerado);Crédito consignado;0;
2026;2º;Demais Bancos, Financeiras e Instituições de Pagamento;Conglomerado; ;SAFRA (conglomerado);Descumprimento de ordem judicial;0;
2026;2º;Demais Bancos, Financeiras e Instituições de Pagamento;Conglomerado; ;SAFRA (conglomerado);Débito em conta não autorizado pelo cliente, ou não cumprimento das regras aplicáveis;8;
2026;2º;Demais Bancos, Financeiras e Instituições de Pagamento;Conglomerado; ;SAFRA (conglomerado);Dificuldade na liberação ou substituição de bem;0;
2026;2º;Demais Bancos, Financeiras e Instituições de Pagamento;Conglomerado; ;SAFRA (conglomerado);Falta de transparência na redação de documentos;3;
2026;2º;Demais Bancos, Financeiras e Instituições de Pagamento;Conglomerado; ;SAFRA (conglomerado);Golpe;0;
2026;2º;Demais Bancos, Financeiras e Instituições de Pagamento;Conglomerado; ;SAFRA (conglomerado);Inclusão de dados incorretos no CCS (Cadastro de Clientes do Sistema Financeiro Nacional);25;
2026;2º;Demais Bancos, Financeiras e Instituições de Pagamento;Conglomerado; ;SAFRA (conglomerado);Insatisfação com a resposta recebida da instituição financeira referente à reclamação registrada no BCB;17;
2026;2º;Demais Bancos, Financeiras e Instituições de Pagamento;Conglomerado; ;SAFRA (conglomerado);Insatisfação com o atendimento prestado pelo SAC ou Central de Relacionamento;42;
2026;2º;Demais Bancos, Financeiras e Instituições de Pagamento;Conglomerado; ;SAFRA (conglomerado);Irregularidades no processo de encerramento de conta de depósitos à vista;19;
2026;2º;Demais Bancos, Financeiras e Instituições de Pagamento;Conglomerado; ;SAFRA (conglomerado);Irregularidades relacionadas a boletos de pagamento (exceto ausência de contrato com beneficiário);3;
2026;2º;Demais Bancos, Financeiras e Instituições de Pagamento;Conglomerado; ;SAFRA (conglomerado);Irregularidades relacionadas a informações e liquidação de valores a receber no sistema SVR do BCB por parte de instituições financeiras;0;
2026;2º;Demais Bancos, Financeiras e Instituições de Pagamento;Conglomerado; ;SAFRA (conglomerado);Irregularidades relacionadas ao acompanhamento de conta;3;
2026;2º;Demais Bancos, Financeiras e Instituições de Pagamento;Conglomerado; ;SAFRA (conglomerado);Irregularidades relacionadas ao atendimento da Ouvidoria;0;
2026;2º;Demais Bancos, Financeiras e Instituições de Pagamento;Conglomerado; ;SAFRA (conglomerado);Irregularidades relacionadas ao Custo Efetivo Total (CET) de operação de crédito;0;
2026;2º;Demais Bancos, Financeiras e Instituições de Pagamento;Conglomerado; ;SAFRA (conglomerado);Irregularidades relacionadas ao fornecimento de documento para liquidação antecipada de operações de crédito;30;
2026;2º;Demais Bancos, Financeiras e Instituições de Pagamento;Conglomerado; ;SAFRA (conglomerado);Irregularidades relacionadas ao fornecimento de documentos relativos a conta;3;
2026;2º;Demais Bancos, Financeiras e Instituições de Pagamento;Conglomerado; ;SAFRA (conglomerado);Irregularidades relacionadas ao fornecimento de documentos relativos a operação de crédito, exceto para liquidação antecipada e descritivo do crédito.;44;
2026;2º;Demais Bancos, Financeiras e Instituições de Pagamento;Conglomerado; ;SAFRA (conglomerado);Irregularidades relacionadas ao fornecimento de informações relativas a operação de crédito contratada (DDC);30;
2026;2º;Demais Bancos, Financeiras e Instituições de Pagamento;Conglomerado; ;SAFRA (conglomerado);Irregularidades relacionadas ao fornecimento de outros documentos, exceto os relativos a cartão de crédito, conta e operação de crédito;11;
2026;2º;Demais Bancos, Financeiras e Instituições de Pagamento;Conglomerado; ;SAFRA (conglomerado);Irregularidades relacionadas ao Sistema de Informações de Crédito do Banco Central (SCR);30;
2026;2º;Demais Bancos, Financeiras e Instituições de Pagamento;Conglomerado; ;SAFRA (conglomerado);Irregularidades relacionadas à liquidação de documentos (exceto cheques);3;
2026;2º;Demais Bancos, Financeiras e Instituições de Pagamento;Conglomerado; ;SAFRA (conglomerado);Irregularidades relativas a integridade, confiabilidade, segurança, sigilo ou legitimidade das operações e serviços disponibilizados em internet banking;3;
2026;2º;Demais Bancos, Financeiras e Instituições de Pagamento;Conglomerado; ;SAFRA (conglomerado);Irregularidades relativas a integridade, confiabilidade, segurança, sigilo ou legitimidade das operações e serviços relacionados a cartões de crédito;14;
2026;2º;Demais Bancos, Financeiras e Instituições de Pagamento;Conglomerado; ;SAFRA (conglomerado);Irregularidades relativas a integridade, confiabilidade, segurança, sigilo ou legitimidade das operações e serviços relacionados a cartões de débito;3;
2026;2º;Demais Bancos, Financeiras e Instituições de Pagamento;Conglomerado; ;SAFRA (conglomerado);Irregularidades relativas a integridade, confiabilidade, segurança, sigilo ou legitimidade das operações e serviços, exceto as relacionadas a cartão de crédito, cartão de débito, internet banking, ATM, credenciadora e operação de crédito;11;
2026;2º;Demais Bancos, Financeiras e Instituições de Pagamento;Conglomerado; ;SAFRA (conglomerado);Irregularidades relativas a integridade, confiabilidade, segurança, sigilo ou legitimidade dos serviços relacionados a operações de crédito consignado;144;
2026;2º;Demais Bancos, Financeiras e Instituições de Pagamento;Conglomerado; ;SAFRA (conglomerado);Irregularidades relativas a integridade, confiabilidade, segurança, sigilo ou legitimidade dos serviços relacionados a operações de crédito, exceto consignado;61;
2026;2º;Demais Bancos, Financeiras e Instituições de Pagamento;Conglomerado; ;SAFRA (conglomerado);Irregularidades relativas a operações de crédito de saldo devedor de fatura de cartão de crédito (rotativo e parcelamento) e respectiva cobrança de encargos;8;
2026;2º;Demais Bancos, Financeiras e Instituições de Pagamento;Conglomerado; ;SAFRA (conglomerado);Irregularidades relativas a telemarketing, SMS ou Whatsapp com oferta de produtos e serviços;0;
2026;2º;Demais Bancos, Financeiras e Instituições de Pagamento;Conglomerado; ;SAFRA (conglomerado);Juros e preços;0;
2026;2º;Demais Bancos, Financeiras e Instituições de Pagamento;Conglomerado; ;SAFRA (conglomerado);Não acatamento de solicitação de cancelamento de débitos automáticos em conta ou não cumprimento das regras aplicáveis;0;
2026;2º;Demais Bancos, Financeiras e Instituições de Pagamento;Conglomerado; ;SAFRA (conglomerado);Oferta ou prestação de informação sobre a conta ou serviços acessórios de forma inadequada ;25;
2026;2º;Demais Bancos, Financeiras e Instituições de Pagamento;Conglomerado; ;SAFRA (conglomerado);Oferta ou prestação de informação sobre crédito consignado de forma inadequada;47;
2026;2º;Demais Bancos, Financeiras e Instituições de Pagamento;Conglomerado; ;SAFRA (conglomerado);Oferta ou prestação de informação sobre o cartão de crédito de forma inadequada ;11;
2026;2º;Demais Bancos, Financeiras e Instituições de Pagamento;Conglomerado; ;SAFRA (conglomerado);Oferta ou prestação de informação sobre operação de crédito de forma inadequada, exceto crédito consignado;36;
2026;2º;Demais Bancos, Financeiras e Instituições de Pagamento;Conglomerado; ;SAFRA (conglomerado);Oferta ou prestação de informação sobre produtos e serviços de forma inadequada, exceto as relacionadas a cartão de crédito, conta e serviços acessórios, credenciadora de cartão e operação de crédito;8;
2026;2º;Demais Bancos, Financeiras e Instituições de Pagamento;Conglomerado; ;SAFRA (conglomerado);Outros assuntos não regulados relacionados a cartão de crédito;0;
2026;2º;Demais Bancos, Financeiras e Instituições de Pagamento;Conglomerado; ;SAFRA (conglomerado);Pix  - chaves;0;
2026;2º;Demais Bancos, Financeiras e Instituições de Pagamento;Conglomerado; ;SAFRA (conglomerado);Pix - Bloqueio ou devolução de valores;3;
2026;2º;Demais Bancos, Financeiras e Instituições de Pagamento;Conglomerado; ;SAFRA (conglomerado);Pix - diversos;0;
2026;2º;Demais Bancos, Financeiras e Instituições de Pagamento;Conglomerado; ;SAFRA (conglomerado);Pix - Dificuldade para solicitar ou realizar devolução;0;
2026;2º;Demais Bancos, Financeiras e Instituições de Pagamento;Conglomerado; ;SAFRA (conglomerado);Reclamações relacionadas a assuntos diversos;0;
2026;2º;Demais Bancos, Financeiras e Instituições de Pagamento;Conglomerado; ;SAFRA (conglomerado);Recusa de produtos ou serviços;0;
2026;2º;Demais Bancos, Financeiras e Instituições de Pagamento;Conglomerado; ;SAFRA (conglomerado);Renegociação de dívida (exceto cartão de crédito);0;
2026;2º;Demais Bancos, Financeiras e Instituições de Pagamento;Conglomerado; ;SAFRA (conglomerado);Restrição à realização de portabilidade de operações de crédito (exceto crédito consignado e financiamento imobiliário) relativas a pessoas naturais;0;
2026;2º;Demais Bancos, Financeiras e Instituições de Pagamento;Conglomerado; ;SAFRA (conglomerado);Restrição à realização de portabilidade de operações de crédito consignado relativas a pessoas naturais;22;
2026;2º;Demais Bancos, Financeiras e Instituições de Pagamento;Conglomerado; ;SAFRA (conglomerado);Restrições cadastrais;0;
2026;2º;Demais Bancos, Financeiras e Instituições de Pagamento;Conglomerado; ;SAFRA (conglomerado);Transações não reconhecidas pelo titular da conta, realizadas por terceiros (invasão de conta) em instituições financeiras;3;
2026;2º;Demais Bancos, Financeiras e Instituições de Pagamento;Conglomerado; ;SAFRA (conglomerado);Utilização incorreta da taxa de desconto no cálculo do valor presente relacionadas às demais operações de crédito, exceto as de crédito consignado e de financiamento imobiliário;3;
2026;2º;Demais Bancos, Financeiras e Instituições de Pagamento;Conglomerado; ;SAFRA (conglomerado);Utilização incorreta da taxa de desconto no cálculo do valor presente relacionadas às operações de crédito consignado;3;
2026;2º;Top 15 - Bancos, Financeiras e Instituições de Pagamento;Conglomerado; ;SANTANDER (conglomerado);Abertura de conta de depósito com documentação ausente, insuficiente ou falsa;14;
2026;2º;Top 15 - Bancos, Financeiras e Instituições de Pagamento;Conglomerado; ;SANTANDER (conglomerado);Abertura de conta de pagamento sem documentação necessária ou com documentação falsa;0;
2026;2º;Top 15 - Bancos, Financeiras e Instituições de Pagamento;Conglomerado; ;SANTANDER (conglomerado);Ausência de informações sobre as regras de funcionamento nos contratos de cartões de crédito ou seu descumprimento;0;
2026;2º;Top 15 - Bancos, Financeiras e Instituições de Pagamento;Conglomerado; ;SANTANDER (conglomerado);Ausência de título adequado relativo a cartão de crédito;0;
2026;2º;Top 15 - Bancos, Financeiras e Instituições de Pagamento;Conglomerado; ;SANTANDER (conglomerado);Ausência de título adequado relativo a cartão de crédito consignado;0;
2026;2º;Top 15 - Bancos, Financeiras e Instituições de Pagamento;Conglomerado; ;SANTANDER (conglomerado);Bloqueio de valores ou de conta fora do âmbito do Pix;0;
2026;2º;Top 15 - Bancos, Financeiras e Instituições de Pagamento;Conglomerado; ;SANTANDER (conglomerado);Bloqueio de valores ou de conta fora do âmbito do Pix - instituição de pagamento;0;
2026;2º;Top 15 - Bancos, Financeiras e Instituições de Pagamento;Conglomerado; ;SANTANDER (conglomerado);Cancelamento de contrato a pedido do cliente não atendido por instituição financeira;28;
2026;2º;Top 15 - Bancos, Financeiras e Instituições de Pagamento;Conglomerado; ;SANTANDER (conglomerado);Cobrança irregular de tarifa em operação de crédito;14;
2026;2º;Top 15 - Bancos, Financeiras e Instituições de Pagamento;Conglomerado; ;SANTANDER (conglomerado);Cobrança irregular de tarifa relacionada a conta ou serviços acessórios à conta;42;
2026;2º;Top 15 - Bancos, Financeiras e Instituições de Pagamento;Conglomerado; ;SANTANDER (conglomerado);Cobrança irregular de tarifa relacionada ao cartão de crédito;0;
2026;2º;Top 15 - Bancos, Financeiras e Instituições de Pagamento;Conglomerado; ;SANTANDER (conglomerado);Cobranças diversas;0;
2026;2º;Top 15 - Bancos, Financeiras e Instituições de Pagamento;Conglomerado; ;SANTANDER (conglomerado);Cobranças diversas de IPs;0;
2026;2º;Top 15 - Bancos, Financeiras e Instituições de Pagamento;Conglomerado; ;SANTANDER (conglomerado);Concessão de crédito (exceto consignado) sem a formalização do título adequado;56;
2026;2º;Top 15 - Bancos, Financeiras e Instituições de Pagamento;Conglomerado; ;SANTANDER (conglomerado);Concessão de crédito consignado sem a formalização do título adequado;14;
2026;2º;Top 15 - Bancos, Financeiras e Instituições de Pagamento;Conglomerado; ;SANTANDER (conglomerado);Descumprimento contratual;0;
2026;2º;Top 15 - Bancos, Financeiras e Instituições de Pagamento;Conglomerado; ;SANTANDER (conglomerado);Descumprimento de ordem judicial;0;
2026;2º;Top 15 - Bancos, Financeiras e Instituições de Pagamento;Conglomerado; ;SANTANDER (conglomerado);Descumprimento de prazo de resposta da reclamação registrada no BCB;0;
2026;2º;Top 15 - Bancos, Financeiras e Instituições de Pagamento;Conglomerado; ;SANTANDER (conglomerado);Débito em conta não autorizado pelo cliente, ou não cumprimento das regras aplicáveis;42;
2026;2º;Top 15 - Bancos, Financeiras e Instituições de Pagamento;Conglomerado; ;SANTANDER (conglomerado);Débito em conta-salário não autorizado pelo cliente, ou não cumprimento das regras aplicáveis;0;
2026;2º;Top 15 - Bancos, Financeiras e Instituições de Pagamento;Conglomerado; ;SANTANDER (conglomerado);Dificuldade na liberação ou substituição de bem;0;
2026;2º;Top 15 - Bancos, Financeiras e Instituições de Pagamento;Conglomerado; ;SANTANDER (conglomerado);Dificuldade para efetuar resgate antecipado de aplicação;0;
2026;2º;Top 15 - Bancos, Financeiras e Instituições de Pagamento;Conglomerado; ;SANTANDER (conglomerado);Encaminhamento de instrumentos de pagamento não solicitados;14;
2026;2º;Top 15 - Bancos, Financeiras e Instituições de Pagamento;Conglomerado; ;SANTANDER (conglomerado);Falta de transparência na redação de documentos;42;
2026;2º;Top 15 - Bancos, Financeiras e Instituições de Pagamento;Conglomerado; ;SANTANDER (conglomerado);Golpe;0;
2026;2º;Top 15 - Bancos, Financeiras e Instituições de Pagamento;Conglomerado; ;SANTANDER (conglomerado);Inclusão de dados incorretos no CCS (Cadastro de Clientes do Sistema Financeiro Nacional);14;
2026;2º;Top 15 - Bancos, Financeiras e Instituições de Pagamento;Conglomerado; ;SANTANDER (conglomerado);Insatisfação com a resposta recebida da instituição financeira referente à reclamação registrada no BCB;42;
2026;2º;Top 15 - Bancos, Financeiras e Instituições de Pagamento;Conglomerado; ;SANTANDER (conglomerado);Insatisfação com a resposta referente à reclamação registrada no BCB recebida - instituição de pagamento;0;
2026;2º;Top 15 - Bancos, Financeiras e Instituições de Pagamento;Conglomerado; ;SANTANDER (conglomerado);Insatisfação com o atendimento prestado pelo SAC ou Central de Relacionamento;154;
2026;2º;Top 15 - Bancos, Financeiras e Instituições de Pagamento;Conglomerado; ;SANTANDER (conglomerado);Insatisfação com o atendimento prestado pelo SAC ou Central de Relacionamento - instituição de pagamento;0;
2026;2º;Top 15 - Bancos, Financeiras e Instituições de Pagamento;Conglomerado; ;SANTANDER (conglomerado);Integridade, confiabilidade, segurança, sigilo e legitimidade das operações e serviços  - conta de pagamento pré-paga;0;
2026;2º;Top 15 - Bancos, Financeiras e Instituições de Pagamento;Conglomerado; ;SANTANDER (conglomerado);Irregularidades envolvendo a abertura de conta-salário;14;
2026;2º;Top 15 - Bancos, Financeiras e Instituições de Pagamento;Conglomerado; ;SANTANDER (conglomerado);Irregularidades no processo de encerramento de conta de depósitos à vista;28;
2026;2º;Top 15 - Bancos, Financeiras e Instituições de Pagamento;Conglomerado; ;SANTANDER (conglomerado);Irregularidades relacionadas a informações e liquidação de valores a receber no sistema SVR do BCB - instituições de pagamento;14;
2026;2º;Top 15 - Bancos, Financeiras e Instituições de Pagamento;Conglomerado; ;SANTANDER (conglomerado);Irregularidades relacionadas a informações e liquidação de valores a receber no sistema SVR do BCB por parte de instituições financeiras;0;
2026;2º;Top 15 - Bancos, Financeiras e Instituições de Pagamento;Conglomerado; ;SANTANDER (conglomerado);Irregularidades relacionadas a operações no mercado de câmbio;0;
2026;2º;Top 15 - Bancos, Financeiras e Instituições de Pagamento;Conglomerado; ;SANTANDER (conglomerado);Irregularidades relacionadas a registros no Cadastro de Emitentes de Cheques sem Fundos (CCF);0;
2026;2º;Top 15 - Bancos, Financeiras e Instituições de Pagamento;Conglomerado; ;SANTANDER (conglomerado);Irregularidades relacionadas ao acompanhamento de conta;14;
2026;2º;Top 15 - Bancos, Financeiras e Instituições de Pagamento;Conglomerado; ;SANTANDER (conglomerado);Irregularidades relacionadas ao acompanhamento de conta de pagamento;14;
2026;2º;Top 15 - Bancos, Financeiras e Instituições de Pagamento;Conglomerado; ;SANTANDER (conglomerado);Irregularidades relacionadas ao acompanhamento de conta de pagamento - instituição de pagamento;0;
2026;2º;Top 15 - Bancos, Financeiras e Instituições de Pagamento;Conglomerado; ;SANTANDER (conglomerado);Irregularidades relacionadas ao atendimento da Ouvidoria;0;
2026;2º;Top 15 - Bancos, Financeiras e Instituições de Pagamento;Conglomerado; ;SANTANDER (conglomerado);Irregularidades relacionadas ao fornecimento de documento para liquidação antecipada de operações de crédito;14;
2026;2º;Top 15 - Bancos, Financeiras e Instituições de Pagamento;Conglomerado; ;SANTANDER (conglomerado);Irregularidades relacionadas ao fornecimento de documentos relativos a cartão de crédito;0;
2026;2º;Top 15 - Bancos, Financeiras e Instituições de Pagamento;Conglomerado; ;SANTANDER (conglomerado);Irregularidades relacionadas ao fornecimento de documentos relativos a conta;0;
2026;2º;Top 15 - Bancos, Financeiras e Instituições de Pagamento;Conglomerado; ;SANTANDER (conglomerado);Irregularidades relacionadas ao fornecimento de documentos relativos a operação de crédito, exceto para liquidação antecipada e descritivo do crédito.;28;
2026;2º;Top 15 - Bancos, Financeiras e Instituições de Pagamento;Conglomerado; ;SANTANDER (conglomerado);Irregularidades relacionadas ao fornecimento de informações relativas a operação de crédito contratada (DDC);14;
2026;2º;Top 15 - Bancos, Financeiras e Instituições de Pagamento;Conglomerado; ;SANTANDER (conglomerado);Irregularidades relacionadas ao fornecimento de outros documentos, exceto os relativos a cartão de crédito, conta e operação de crédito;14;
2026;2º;Top 15 - Bancos, Financeiras e Instituições de Pagamento;Conglomerado; ;SANTANDER (conglomerado);Irregularidades relacionadas ao Sistema de Informações de Crédito do Banco Central (SCR);0;
2026;2º;Top 15 - Bancos, Financeiras e Instituições de Pagamento;Conglomerado; ;SANTANDER (conglomerado);Irregularidades relacionadas ao Sistema de Informações de Crédito do Banco Central (SCR) - instituição de pagamento;0;
2026;2º;Top 15 - Bancos, Financeiras e Instituições de Pagamento;Conglomerado; ;SANTANDER (conglomerado);Irregularidades relacionadas à liquidação de documentos (exceto cheques);14;
2026;2º;Top 15 - Bancos, Financeiras e Instituições de Pagamento;Conglomerado; ;SANTANDER (conglomerado);Irregularidades relativas a integridade, confiabilidade, segurança, sigilo ou legitimidade das operações e serviços disponibilizados em ATM;0;
2026;2º;Top 15 - Bancos, Financeiras e Instituições de Pagamento;Conglomerado; ;SANTANDER (conglomerado);Irregularidades relativas a integridade, confiabilidade, segurança, sigilo ou legitimidade das operações e serviços disponibilizados em internet banking;42;
2026;2º;Top 15 - Bancos, Financeiras e Instituições de Pagamento;Conglomerado; ;SANTANDER (conglomerado);Irregularidades relativas a integridade, confiabilidade, segurança, sigilo ou legitimidade das operações e serviços relacionados a cartões de crédito;140;
2026;2º;Top 15 - Bancos, Financeiras e Instituições de Pagamento;Conglomerado; ;SANTANDER (conglomerado);Irregularidades relativas a integridade, confiabilidade, segurança, sigilo ou legitimidade das operações e serviços relacionados a cartões de débito;28;
2026;2º;Top 15 - Bancos, Financeiras e Instituições de Pagamento;Conglomerado; ;SANTANDER (conglomerado);Irregularidades relativas a integridade, confiabilidade, segurança, sigilo ou legitimidade das operações e serviços, exceto as relacionadas a cartão de crédito, cartão de débito, internet banking, ATM, credenciadora e operação de crédito;42;
2026;2º;Top 15 - Bancos, Financeiras e Instituições de Pagamento;Conglomerado; ;SANTANDER (conglomerado);Irregularidades relativas a integridade, confiabilidade, segurança, sigilo ou legitimidade dos serviços relacionados a operações de crédito consignado;126;
2026;2º;Top 15 - Bancos, Financeiras e Instituições de Pagamento;Conglomerado; ;SANTANDER (conglomerado);Irregularidades relativas a integridade, confiabilidade, segurança, sigilo ou legitimidade dos serviços relacionados a operações de crédito, exceto consignado;363;
2026;2º;Top 15 - Bancos, Financeiras e Instituições de Pagamento;Conglomerado; ;SANTANDER (conglomerado);Irregularidades relativas a operações de crédito de saldo devedor de fatura de cartão de crédito (rotativo e parcelamento) e respectiva cobrança de encargos;0;
2026;2º;Top 15 - Bancos, Financeiras e Instituições de Pagamento;Conglomerado; ;SANTANDER (conglomerado);Juros e preços;0;
2026;2º;Top 15 - Bancos, Financeiras e Instituições de Pagamento;Conglomerado; ;SANTANDER (conglomerado);Liberação de recursos em financiamento imobiliário;0;
2026;2º;Top 15 - Bancos, Financeiras e Instituições de Pagamento;Conglomerado; ;SANTANDER (conglomerado);Limites de transação;0;
2026;2º;Top 15 - Bancos, Financeiras e Instituições de Pagamento;Conglomerado; ;SANTANDER (conglomerado);Não acatamento de solicitação de cancelamento de débitos automáticos em conta ou não cumprimento das regras aplicáveis;14;
2026;2º;Top 15 - Bancos, Financeiras e Instituições de Pagamento;Conglomerado; ;SANTANDER (conglomerado);Oferta ou prestação de informação sobre a conta ou serviços acessórios de forma inadequada ;98;
2026;2º;Top 15 - Bancos, Financeiras e Instituições de Pagamento;Conglomerado; ;SANTANDER (conglomerado);Oferta ou prestação de informação sobre crédito consignado de forma inadequada;0;
2026;2º;Top 15 - Bancos, Financeiras e Instituições de Pagamento;Conglomerado; ;SANTANDER (conglomerado);Oferta ou prestação de informação sobre o cartão de crédito de forma inadequada ;42;
2026;2º;Top 15 - Bancos, Financeiras e Instituições de Pagamento;Conglomerado; ;SANTANDER (conglomerado);Oferta ou prestação de informação sobre operação de crédito de forma inadequada, exceto crédito consignado;489;
2026;2º;Top 15 - Bancos, Financeiras e Instituições de Pagamento;Conglomerado; ;SANTANDER (conglomerado);Oferta ou prestação de informação sobre produtos e serviços de forma inadequada, exceto as relacionadas a cartão de crédito, conta e serviços acessórios, credenciadora de cartão e operação de crédito;377;
2026;2º;Top 15 - Bancos, Financeiras e Instituições de Pagamento;Conglomerado; ;SANTANDER (conglomerado);Outros assuntos não regulados relacionados a cartão de crédito;0;
2026;2º;Top 15 - Bancos, Financeiras e Instituições de Pagamento;Conglomerado; ;SANTANDER (conglomerado);Pix  - chaves;0;
2026;2º;Top 15 - Bancos, Financeiras e Instituições de Pagamento;Conglomerado; ;SANTANDER (conglomerado);Pix - Bloqueio ou devolução de valores;0;
2026;2º;Top 15 - Bancos, Financeiras e Instituições de Pagamento;Conglomerado; ;SANTANDER (conglomerado);Pix - diversos;0;
2026;2º;Top 15 - Bancos, Financeiras e Instituições de Pagamento;Conglomerado; ;SANTANDER (conglomerado);Pix - Dificuldade para solicitar ou realizar devolução;14;
2026;2º;Top 15 - Bancos, Financeiras e Instituições de Pagamento;Conglomerado; ;SANTANDER (conglomerado);Pix - Dificuldade para solicitar ou realizar devolução - instituição de pagamento;0;
2026;2º;Top 15 - Bancos, Financeiras e Instituições de Pagamento;Conglomerado; ;SANTANDER (conglomerado);Pix - experiência do usuário;0;
2026;2º;Top 15 - Bancos, Financeiras e Instituições de Pagamento;Conglomerado; ;SANTANDER (conglomerado);Pix - iniciação;14;
2026;2º;Top 15 - Bancos, Financeiras e Instituições de Pagamento;Conglomerado; ;SANTANDER (conglomerado);Pix - liquidação;0;
2026;2º;Top 15 - Bancos, Financeiras e Instituições de Pagamento;Conglomerado; ;SANTANDER (conglomerado);Prestação de serviço de forma irregular em conta-salário;28;
2026;2º;Top 15 - Bancos, Financeiras e Instituições de Pagamento;Conglomerado; ;SANTANDER (conglomerado);Reclamações relacionadas a assuntos diversos;0;
2026;2º;Top 15 - Bancos, Financeiras e Instituições de Pagamento;Conglomerado; ;SANTANDER (conglomerado);Reclamações relacionadas a assuntos diversos envolvendo - instituição de pagamento;0;
2026;2º;Top 15 - Bancos, Financeiras e Instituições de Pagamento;Conglomerado; ;SANTANDER (conglomerado);Recusa de produtos ou serviços;0;
2026;2º;Top 15 - Bancos, Financeiras e Instituições de Pagamento;Conglomerado; ;SANTANDER (conglomerado);Renegociação de dívida (exceto cartão de crédito);0;
2026;2º;Top 15 - Bancos, Financeiras e Instituições de Pagamento;Conglomerado; ;SANTANDER (conglomerado);Renegociação de dívida em instituição de pagamento;0;
2026;2º;Top 15 - Bancos, Financeiras e Instituições de Pagamento;Conglomerado; ;SANTANDER (conglomerado);Restrição à realização de portabilidade de operações de crédito (exceto crédito consignado e financiamento imobiliário) relativas a pessoas naturais;0;
2026;2º;Top 15 - Bancos, Financeiras e Instituições de Pagamento;Conglomerado; ;SANTANDER (conglomerado);Restrição à realização de portabilidade de operações de crédito consignado relativas a pessoas naturais;0;
2026;2º;Top 15 - Bancos, Financeiras e Instituições de Pagamento;Conglomerado; ;SANTANDER (conglomerado);Restrição à realização de portabilidade de operações de financiamento imobiliário relativas a pessoas naturais;0;
2026;2º;Top 15 - Bancos, Financeiras e Instituições de Pagamento;Conglomerado; ;SANTANDER (conglomerado);Restrições cadastrais;0;
2026;2º;Top 15 - Bancos, Financeiras e Instituições de Pagamento;Conglomerado; ;SANTANDER (conglomerado);Restrições cadastrais por parte - instituição de pagamento;0;
2026;2º;Top 15 - Bancos, Financeiras e Instituições de Pagamento;Conglomerado; ;SANTANDER (conglomerado);Tempo de espera em fila;0;
2026;2º;Top 15 - Bancos, Financeiras e Instituições de Pagamento;Conglomerado; ;SANTANDER (conglomerado);Terminais eletrônicos, internet e aplicativos;0;
2026;2º;Top 15 - Bancos, Financeiras e Instituições de Pagamento;Conglomerado; ;SANTANDER (conglomerado);Terminais eletrônicos, internet e aplicativos - instituição de pagamento;0;
2026;2º;Top 15 - Bancos, Financeiras e Instituições de Pagamento;Conglomerado; ;SANTANDER (conglomerado);Transações não reconhecidas pelo titular da conta, realizadas por terceiros (invasão de conta) em instituições financeiras;14;
2026;2º;Top 15 - Bancos, Financeiras e Instituições de Pagamento;Conglomerado; ;SANTANDER (conglomerado);Utilização incorreta da taxa de desconto no cálculo do valor presente relacionadas às demais operações de crédito, exceto as de crédito consignado e de financiamento imobiliário;0;
2026;2º;Top 15 - Bancos, Financeiras e Instituições de Pagamento;Conglomerado; ;SANTANDER (conglomerado);Utilização incorreta da taxa de desconto no cálculo do valor presente relacionadas às operações de crédito consignado;0;
2026;2º;Demais Bancos, Financeiras e Instituições de Pagamento;Conglomerado; ;SANTINVEST (conglomerado);Renegociação de dívida (exceto cartão de crédito);0;
2026;2º;Demais Bancos, Financeiras e Instituições de Pagamento;Conglomerado; ;SANTINVEST (conglomerado);Restrição à realização de portabilidade de operações de crédito consignado relativas a pessoas naturais;0;
2026;2º;Demais Bancos, Financeiras e Instituições de Pagamento;Conglomerado; ;SBXPAY IP (conglomerado);Inclusão de dados incorretos no CCS (Cadastro de Clientes do Sistema Financeiro Nacional) - instituição de pagamento;3;
2026;2º;Demais Bancos, Financeiras e Instituições de Pagamento;Conglomerado; ;SBXPAY IP (conglomerado);Irregularidades no processo de encerramento de conta de pagamento - instituição de pagamento;7;
2026;2º;Demais Bancos, Financeiras e Instituições de Pagamento;Conglomerado; ;SBXPAY IP (conglomerado);Irregularidades relacionadas ao fornecimento de documentos por conta de pagamentos pré-paga - instituição de pagamento;0;
2026;2º;Demais Bancos, Financeiras e Instituições de Pagamento;Conglomerado; ;SEM PARAR IP (conglomerado);Abertura de conta de pagamento sem documentação necessária ou com documentação falsa - instituição de pagamento;3;
2026;2º;Demais Bancos, Financeiras e Instituições de Pagamento;Conglomerado; ;SEM PARAR IP (conglomerado);Cancelamento de contrato a pedido do cliente de conta de pagamento pós-paga não atendido - instituição de pagamento;0;
2026;2º;Demais Bancos, Financeiras e Instituições de Pagamento;Conglomerado; ;SEM PARAR IP (conglomerado);Cancelamento de contrato a pedido do cliente de conta de pagamento pré-paga não atendido - instituição de pagamento;0;
2026;2º;Demais Bancos, Financeiras e Instituições de Pagamento;Conglomerado; ;SEM PARAR IP (conglomerado);Cobrança irregular de tarifa em conta de pagamento pós-paga - instituição de pagamento;0;
2026;2º;Demais Bancos, Financeiras e Instituições de Pagamento;Conglomerado; ;SEM PARAR IP (conglomerado);Cobranças diversas de IPs;0;
2026;2º;Demais Bancos, Financeiras e Instituições de Pagamento;Conglomerado; ;SEM PARAR IP (conglomerado);Inclusão de dados incorretos no CCS (Cadastro de Clientes do Sistema Financeiro Nacional) - instituição de pagamento;8;
2026;2º;Demais Bancos, Financeiras e Instituições de Pagamento;Conglomerado; ;SEM PARAR IP (conglomerado);Insatisfação com a resposta referente à reclamação registrada no BCB recebida - instituição de pagamento;2;
2026;2º;Demais Bancos, Financeiras e Instituições de Pagamento;Conglomerado; ;SEM PARAR IP (conglomerado);Insatisfação com o atendimento prestado pelo SAC ou Central de Relacionamento - instituição de pagamento;2;
2026;2º;Demais Bancos, Financeiras e Instituições de Pagamento;Conglomerado; ;SEM PARAR IP (conglomerado);Irregularidades no processo de encerramento de conta de pagamento - instituição de pagamento;0;
2026;2º;Demais Bancos, Financeiras e Instituições de Pagamento;Conglomerado; ;SEM PARAR IP (conglomerado);Irregularidades relacionadas ao fornecimento de documentos por conta de pagamentos pós-paga - instituição de pagamento;0;
2026;2º;Demais Bancos, Financeiras e Instituições de Pagamento;Conglomerado; ;SEM PARAR IP (conglomerado);Irregularidades relacionadas ao Sistema de Informações de Crédito do Banco Central (SCR) - instituição de pagamento;0;
2026;2º;Demais Bancos, Financeiras e Instituições de Pagamento;Conglomerado; ;SEM PARAR IP (conglomerado);Irregularidades relativas a integridade, confiabilidade, segurança, sigilo ou legitimidade das operações e serviços prestados relacionados a conta de pagamento pós-paga - instituição de pagamento;7;
2026;2º;Demais Bancos, Financeiras e Instituições de Pagamento;Conglomerado; ;SEM PARAR IP (conglomerado);Irregularidades relativas a integridade, confiabilidade, segurança, sigilo ou legitimidade das operações e serviços prestados relacionados a conta de pagamento pré-paga - instituição de pagamento;2;
2026;2º;Demais Bancos, Financeiras e Instituições de Pagamento;Conglomerado; ;SEM PARAR IP (conglomerado);Irregularidades relativas a operações de crédito de saldo devedor de fatura de cartão de crédito (rotativo e parcelamento) e respectiva cobrança de encargos - instituições de pagamento;2;
2026;2º;Demais Bancos, Financeiras e Instituições de Pagamento;Conglomerado; ;SEM PARAR IP (conglomerado);Não acatamento de solicitação de cancelamento de débitos automáticos em conta de pagamento pré-paga ou não cumprimento das regras aplicáveis - instituição de pagamento;0;
2026;2º;Demais Bancos, Financeiras e Instituições de Pagamento;Conglomerado; ;SEM PARAR IP (conglomerado);Oferta ou prestação de informação a respeito de produtos e serviços de forma inadequada para conta de pagamento pós-paga - instituição de pagamento;8;
2026;2º;Demais Bancos, Financeiras e Instituições de Pagamento;Conglomerado; ;SEM PARAR IP (conglomerado);Oferta ou prestação de informação a respeito de produtos e serviços de forma inadequada para conta de pagamento pré-paga - instituição de pagamento;0;
2026;2º;Demais Bancos, Financeiras e Instituições de Pagamento;Conglomerado; ;SEM PARAR IP (conglomerado);Outras irregularidades - instituição de pagamento;0;
2026;2º;Demais Bancos, Financeiras e Instituições de Pagamento;Conglomerado; ;SEM PARAR IP (conglomerado);Outras irregularidades relacionadas a cartões de crédito - instituição de pagamento;2;
2026;2º;Demais Bancos, Financeiras e Instituições de Pagamento;Conglomerado; ;SEM PARAR IP (conglomerado);Pix - Bloqueio ou devolução irregular de valores - instituição de pagamento;0;
2026;2º;Demais Bancos, Financeiras e Instituições de Pagamento;Conglomerado; ;SEM PARAR IP (conglomerado);Reclamações relacionadas a assuntos diversos envolvendo - instituição de pagamento;0;
2026;2º;Demais Bancos, Financeiras e Instituições de Pagamento;Conglomerado; ;SEM PARAR IP (conglomerado);Renegociação de dívida em instituição de pagamento;0;
2026;2º;Demais Bancos, Financeiras e Instituições de Pagamento;Conglomerado; ;SEM PARAR IP (conglomerado);Restrições cadastrais por parte - instituição de pagamento;0;
2026;2º;Demais Bancos, Financeiras e Instituições de Pagamento;Conglomerado; ;SENFFNET IP (conglomerado);Abertura de conta de depósito com documentação ausente, insuficiente ou falsa;2;
2026;2º;Demais Bancos, Financeiras e Instituições de Pagamento;Conglomerado; ;SENFFNET IP (conglomerado);Ausência de título adequado relativo a cartão de crédito;6;
2026;2º;Demais Bancos, Financeiras e Instituições de Pagamento;Conglomerado; ;SENFFNET IP (conglomerado);Ausência de título adequado relativo a cartão de crédito consignado;20;
2026;2º;Demais Bancos, Financeiras e Instituições de Pagamento;Conglomerado; ;SENFFNET IP (conglomerado);Bloqueio de valores ou de conta fora do âmbito do Pix;2;
2026;2º;Demais Bancos, Financeiras e Instituições de Pagamento;Conglomerado; ;SENFFNET IP (conglomerado);Cancelamento de contrato a pedido do cliente não atendido por instituição financeira;8;
2026;2º;Demais Bancos, Financeiras e Instituições de Pagamento;Conglomerado; ;SENFFNET IP (conglomerado);Cancelamento de contrato por iniciativa da instituição financeira;0;
2026;2º;Demais Bancos, Financeiras e Instituições de Pagamento;Conglomerado; ;SENFFNET IP (conglomerado);Cobranças diversas;0;
2026;2º;Demais Bancos, Financeiras e Instituições de Pagamento;Conglomerado; ;SENFFNET IP (conglomerado);Concessão de crédito consignado sem a formalização do título adequado;2;
2026;2º;Demais Bancos, Financeiras e Instituições de Pagamento;Conglomerado; ;SENFFNET IP (conglomerado);Descumprimento de ordem judicial;0;
2026;2º;Demais Bancos, Financeiras e Instituições de Pagamento;Conglomerado; ;SENFFNET IP (conglomerado);Descumprimento de prazo de resposta da reclamação registrada no BCB;0;
2026;2º;Demais Bancos, Financeiras e Instituições de Pagamento;Conglomerado; ;SENFFNET IP (conglomerado);Insatisfação com a resposta recebida da instituição financeira referente à reclamação registrada no BCB;6;
2026;2º;Demais Bancos, Financeiras e Instituições de Pagamento;Conglomerado; ;SENFFNET IP (conglomerado);Insatisfação com o atendimento prestado pelo SAC ou Central de Relacionamento;16;
2026;2º;Demais Bancos, Financeiras e Instituições de Pagamento;Conglomerado; ;SENFFNET IP (conglomerado);Insatisfação com o atendimento prestado pelo SAC ou Central de Relacionamento - instituição de pagamento;2;
2026;2º;Demais Bancos, Financeiras e Instituições de Pagamento;Conglomerado; ;SENFFNET IP (conglomerado);Irregularidades no processo de encerramento de conta de depósitos à vista;2;
2026;2º;Demais Bancos, Financeiras e Instituições de Pagamento;Conglomerado; ;SENFFNET IP (conglomerado);Irregularidades relacionadas ao atendimento da Ouvidoria - instituição de pagamento;2;
2026;2º;Demais Bancos, Financeiras e Instituições de Pagamento;Conglomerado; ;SENFFNET IP (conglomerado);Irregularidades relacionadas ao fornecimento de documento para liquidação antecipada de operações de crédito;18;
2026;2º;Demais Bancos, Financeiras e Instituições de Pagamento;Conglomerado; ;SENFFNET IP (conglomerado);Irregularidades relacionadas ao fornecimento de documentos - instituição de pagamento;2;
2026;2º;Demais Bancos, Financeiras e Instituições de Pagamento;Conglomerado; ;SENFFNET IP (conglomerado);Irregularidades relacionadas ao fornecimento de documentos relativos a cartão de crédito;6;
2026;2º;Demais Bancos, Financeiras e Instituições de Pagamento;Conglomerado; ;SENFFNET IP (conglomerado);Irregularidades relacionadas ao fornecimento de documentos relativos a conta;4;
2026;2º;Demais Bancos, Financeiras e Instituições de Pagamento;Conglomerado; ;SENFFNET IP (conglomerado);Irregularidades relacionadas ao fornecimento de documentos relativos a operação de crédito, exceto para liquidação antecipada e descritivo do crédito.;4;
2026;2º;Demais Bancos, Financeiras e Instituições de Pagamento;Conglomerado; ;SENFFNET IP (conglomerado);Irregularidades relacionadas ao fornecimento de informações relativas a operação de crédito contratada (DDC);6;
2026;2º;Demais Bancos, Financeiras e Instituições de Pagamento;Conglomerado; ;SENFFNET IP (conglomerado);Irregularidades relacionadas ao Sistema de Informações de Crédito do Banco Central (SCR);6;
2026;2º;Demais Bancos, Financeiras e Instituições de Pagamento;Conglomerado; ;SENFFNET IP (conglomerado);Irregularidades relacionadas ao Sistema de Informações de Crédito do Banco Central (SCR) - instituição de pagamento;0;
2026;2º;Demais Bancos, Financeiras e Instituições de Pagamento;Conglomerado; ;SENFFNET IP (conglomerado);Irregularidades relativas a integridade, confiabilidade, segurança, sigilo ou legitimidade das operações e serviços disponibilizados em internet banking;2;
2026;2º;Demais Bancos, Financeiras e Instituições de Pagamento;Conglomerado; ;SENFFNET IP (conglomerado);Irregularidades relativas a integridade, confiabilidade, segurança, sigilo ou legitimidade das operações e serviços prestados relacionados a conta de pagamento pós-paga - instituição de pagamento;6;
2026;2º;Demais Bancos, Financeiras e Instituições de Pagamento;Conglomerado; ;SENFFNET IP (conglomerado);Irregularidades relativas a integridade, confiabilidade, segurança, sigilo ou legitimidade das operações e serviços relacionados a cartões de crédito;22;
2026;2º;Demais Bancos, Financeiras e Instituições de Pagamento;Conglomerado; ;SENFFNET IP (conglomerado);Irregularidades relativas a integridade, confiabilidade, segurança, sigilo ou legitimidade das operações e serviços, exceto as relacionadas a cartão de crédito, cartão de débito, internet banking, ATM, credenciadora e operação de crédito;2;
2026;2º;Demais Bancos, Financeiras e Instituições de Pagamento;Conglomerado; ;SENFFNET IP (conglomerado);Irregularidades relativas a integridade, confiabilidade, segurança, sigilo ou legitimidade dos serviços relacionados a operações de crédito consignado;24;
2026;2º;Demais Bancos, Financeiras e Instituições de Pagamento;Conglomerado; ;SENFFNET IP (conglomerado);Irregularidades relativas a integridade, confiabilidade, segurança, sigilo ou legitimidade dos serviços relacionados a operações de crédito, exceto consignado;2;
2026;2º;Demais Bancos, Financeiras e Instituições de Pagamento;Conglomerado; ;SENFFNET IP (conglomerado);Irregularidades relativas a operações de crédito de saldo devedor de fatura de cartão de crédito (rotativo e parcelamento) e respectiva cobrança de encargos;20;
2026;2º;Demais Bancos, Financeiras e Instituições de Pagamento;Conglomerado; ;SENFFNET IP (conglomerado);Irregularidades relativas a operações de crédito de saldo devedor de fatura de cartão de crédito (rotativo e parcelamento) e respectiva cobrança de encargos - instituições de pagamento;2;
2026;2º;Demais Bancos, Financeiras e Instituições de Pagamento;Conglomerado; ;SENFFNET IP (conglomerado);Oferta ou prestação de informação a respeito de produtos e serviços de forma inadequada para conta de pagamento pós-paga - instituição de pagamento;6;
2026;2º;Demais Bancos, Financeiras e Instituições de Pagamento;Conglomerado; ;SENFFNET IP (conglomerado);Oferta ou prestação de informação a respeito de produtos e serviços de forma inadequada para conta de pagamento pré-paga - instituição de pagamento;2;
2026;2º;Demais Bancos, Financeiras e Instituições de Pagamento;Conglomerado; ;SENFFNET IP (conglomerado);Oferta ou prestação de informação sobre crédito consignado de forma inadequada;26;
2026;2º;Demais Bancos, Financeiras e Instituições de Pagamento;Conglomerado; ;SENFFNET IP (conglomerado);Oferta ou prestação de informação sobre o cartão de crédito de forma inadequada ;58;
2026;2º;Demais Bancos, Financeiras e Instituições de Pagamento;Conglomerado; ;SENFFNET IP (conglomerado);Oferta ou prestação de informação sobre operação de crédito de forma inadequada, exceto crédito consignado;2;
2026;2º;Demais Bancos, Financeiras e Instituições de Pagamento;Conglomerado; ;SENFFNET IP (conglomerado);Oferta ou prestação de informação sobre produtos e serviços de forma inadequada, exceto as relacionadas a cartão de crédito, conta e serviços acessórios, credenciadora de cartão e operação de crédito;6;
2026;2º;Demais Bancos, Financeiras e Instituições de Pagamento;Conglomerado; ;SENFFNET IP (conglomerado);Reclamações relacionadas a assuntos diversos;0;
2026;2º;Demais Bancos, Financeiras e Instituições de Pagamento;Conglomerado; ;SENFFNET IP (conglomerado);Renegociação de dívida (exceto cartão de crédito);0;
2026;2º;Demais Bancos, Financeiras e Instituições de Pagamento;Conglomerado; ;SENFFNET IP (conglomerado);Restrição à realização de portabilidade de operações de crédito (exceto crédito consignado e financiamento imobiliário) relativas a pessoas naturais;2;
2026;2º;Demais Bancos, Financeiras e Instituições de Pagamento;Conglomerado; ;SENFFNET IP (conglomerado);Restrições cadastrais;0;
2026;2º;Demais Bancos, Financeiras e Instituições de Pagamento;Conglomerado; ;SENFFNET IP (conglomerado);Restrições cadastrais por parte - instituição de pagamento;0;
2026;2º;Demais Bancos, Financeiras e Instituições de Pagamento;Conglomerado; ;SENFFNET IP (conglomerado);Utilização incorreta da taxa de desconto no cálculo do valor presente relacionadas às operações de crédito consignado;2;
2026;2º;Demais Bancos, Financeiras e Instituições de Pagamento;Conglomerado; ;SIMPALA CFI (conglomerado);Cobrança irregular de tarifa em operação de crédito;0;
2026;2º;Demais Bancos, Financeiras e Instituições de Pagamento;Conglomerado; ;SIMPALA CFI (conglomerado);Insatisfação com o atendimento prestado pelo SAC ou Central de Relacionamento;2;
2026;2º;Demais Bancos, Financeiras e Instituições de Pagamento;Conglomerado; ;SIMPALA CFI (conglomerado);Irregularidades relacionadas ao acompanhamento de conta;0;
2026;2º;Demais Bancos, Financeiras e Instituições de Pagamento;Conglomerado; ;SIMPALA CFI (conglomerado);Irregularidades relacionadas ao fornecimento de documento para liquidação antecipada de operações de crédito;3;
2026;2º;Demais Bancos, Financeiras e Instituições de Pagamento;Conglomerado; ;SIMPALA CFI (conglomerado);Irregularidades relacionadas ao fornecimento de documentos relativos a operação de crédito, exceto para liquidação antecipada e descritivo do crédito.;2;
2026;2º;Demais Bancos, Financeiras e Instituições de Pagamento;Conglomerado; ;SIMPALA CFI (conglomerado);Irregularidades relacionadas ao Sistema de Informações de Crédito do Banco Central (SCR);0;
2026;2º;Demais Bancos, Financeiras e Instituições de Pagamento;Conglomerado; ;SIMPALA CFI (conglomerado);Irregularidades relativas a integridade, confiabilidade, segurança, sigilo ou legitimidade dos serviços relacionados a operações de crédito consignado;2;
2026;2º;Demais Bancos, Financeiras e Instituições de Pagamento;Conglomerado; ;SIMPALA CFI (conglomerado);Oferta ou prestação de informação sobre crédito consignado de forma inadequada;2;
2026;2º;Demais Bancos, Financeiras e Instituições de Pagamento;Conglomerado; ;SIMPALA CFI (conglomerado);Oferta ou prestação de informação sobre o cartão de crédito de forma inadequada ;2;
2026;2º;Demais Bancos, Financeiras e Instituições de Pagamento;Conglomerado; ;SIMPALA CFI (conglomerado);Outras irregularidades ;0;
2026;2º;Demais Bancos, Financeiras e Instituições de Pagamento;Conglomerado; ;SIMPALA CFI (conglomerado);Renegociação de dívida (exceto cartão de crédito);0;
2026;2º;Demais Bancos, Financeiras e Instituições de Pagamento;Conglomerado; ;SIMPALA CFI (conglomerado);Restrições cadastrais;0;
2026;2º;Demais Bancos, Financeiras e Instituições de Pagamento;Conglomerado; ;SIMPALA CFI (conglomerado);Utilização incorreta da taxa de desconto no cálculo do valor presente relacionadas às operações de crédito consignado;2;
2026;2º;Demais Bancos, Financeiras e Instituições de Pagamento;Conglomerado; ;SOCINAL S.A. CFI (conglomerado);Abertura de conta de depósito com documentação ausente, insuficiente ou falsa;0;
2026;2º;Demais Bancos, Financeiras e Instituições de Pagamento;Conglomerado; ;SOCINAL S.A. CFI (conglomerado);Cancelamento de contrato a pedido do cliente não atendido por instituição financeira;0;
2026;2º;Demais Bancos, Financeiras e Instituições de Pagamento;Conglomerado; ;SOCINAL S.A. CFI (conglomerado);Cobrança irregular de tarifa em operação de crédito;0;
2026;2º;Demais Bancos, Financeiras e Instituições de Pagamento;Conglomerado; ;SOCINAL S.A. CFI (conglomerado);Cobranças diversas;0;
2026;2º;Demais Bancos, Financeiras e Instituições de Pagamento;Conglomerado; ;SOCINAL S.A. CFI (conglomerado);Concessão de crédito (exceto consignado) sem a formalização do título adequado;0;
2026;2º;Demais Bancos, Financeiras e Instituições de Pagamento;Conglomerado; ;SOCINAL S.A. CFI (conglomerado);Golpe;0;
2026;2º;Demais Bancos, Financeiras e Instituições de Pagamento;Conglomerado; ;SOCINAL S.A. CFI (conglomerado);Insatisfação com a resposta recebida da instituição financeira referente à reclamação registrada no BCB;0;
2026;2º;Demais Bancos, Financeiras e Instituições de Pagamento;Conglomerado; ;SOCINAL S.A. CFI (conglomerado);Insatisfação com o atendimento prestado pelo SAC ou Central de Relacionamento;0;
2026;2º;Demais Bancos, Financeiras e Instituições de Pagamento;Conglomerado; ;SOCINAL S.A. CFI (conglomerado);Irregularidades no processo de encerramento de conta de depósitos à vista;0;
2026;2º;Demais Bancos, Financeiras e Instituições de Pagamento;Conglomerado; ;SOCINAL S.A. CFI (conglomerado);Irregularidades relacionadas ao fornecimento de documentos relativos a conta;0;
2026;2º;Demais Bancos, Financeiras e Instituições de Pagamento;Conglomerado; ;SOCINAL S.A. CFI (conglomerado);Irregularidades relacionadas ao fornecimento de documentos relativos a operação de crédito, exceto para liquidação antecipada e descritivo do crédito.;0;
2026;2º;Demais Bancos, Financeiras e Instituições de Pagamento;Conglomerado; ;SOCINAL S.A. CFI (conglomerado);Irregularidades relacionadas ao fornecimento de informações relativas a operação de crédito contratada (DDC);2;
2026;2º;Demais Bancos, Financeiras e Instituições de Pagamento;Conglomerado; ;SOCINAL S.A. CFI (conglomerado);Irregularidades relacionadas ao Sistema de Informações de Crédito do Banco Central (SCR);0;
2026;2º;Demais Bancos, Financeiras e Instituições de Pagamento;Conglomerado; ;SOCINAL S.A. CFI (conglomerado);Irregularidades relativas a integridade, confiabilidade, segurança, sigilo ou legitimidade das operações e serviços disponibilizados em internet banking;0;
2026;2º;Demais Bancos, Financeiras e Instituições de Pagamento;Conglomerado; ;SOCINAL S.A. CFI (conglomerado);Irregularidades relativas a integridade, confiabilidade, segurança, sigilo ou legitimidade das operações e serviços relacionados a cartões de crédito;0;
2026;2º;Demais Bancos, Financeiras e Instituições de Pagamento;Conglomerado; ;SOCINAL S.A. CFI (conglomerado);Irregularidades relativas a integridade, confiabilidade, segurança, sigilo ou legitimidade das operações e serviços, exceto as relacionadas a cartão de crédito, cartão de débito, internet banking, ATM, credenciadora e operação de crédito;1;
2026;2º;Demais Bancos, Financeiras e Instituições de Pagamento;Conglomerado; ;SOCINAL S.A. CFI (conglomerado);Irregularidades relativas a integridade, confiabilidade, segurança, sigilo ou legitimidade dos serviços relacionados a operações de crédito consignado;0;
2026;2º;Demais Bancos, Financeiras e Instituições de Pagamento;Conglomerado; ;SOCINAL S.A. CFI (conglomerado);Irregularidades relativas a integridade, confiabilidade, segurança, sigilo ou legitimidade dos serviços relacionados a operações de crédito, exceto consignado;6;
2026;2º;Demais Bancos, Financeiras e Instituições de Pagamento;Conglomerado; ;SOCINAL S.A. CFI (conglomerado);Irregularidades relativas a operações de crédito de saldo devedor de fatura de cartão de crédito (rotativo e parcelamento) e respectiva cobrança de encargos;0;
2026;2º;Demais Bancos, Financeiras e Instituições de Pagamento;Conglomerado; ;SOCINAL S.A. CFI (conglomerado);Juros e preços;0;
2026;2º;Demais Bancos, Financeiras e Instituições de Pagamento;Conglomerado; ;SOCINAL S.A. CFI (conglomerado);Não acatamento de solicitação de cancelamento de débitos automáticos em conta ou não cumprimento das regras aplicáveis;0;
2026;2º;Demais Bancos, Financeiras e Instituições de Pagamento;Conglomerado; ;SOCINAL S.A. CFI (conglomerado);Oferta ou prestação de informação sobre crédito consignado de forma inadequada;4;
2026;2º;Demais Bancos, Financeiras e Instituições de Pagamento;Conglomerado; ;SOCINAL S.A. CFI (conglomerado);Oferta ou prestação de informação sobre operação de crédito de forma inadequada, exceto crédito consignado;10;
2026;2º;Demais Bancos, Financeiras e Instituições de Pagamento;Conglomerado; ;SOCINAL S.A. CFI (conglomerado);Oferta ou prestação de informação sobre produtos e serviços de forma inadequada, exceto as relacionadas a cartão de crédito, conta e serviços acessórios, credenciadora de cartão e operação de crédito;1;
2026;2º;Demais Bancos, Financeiras e Instituições de Pagamento;Conglomerado; ;SOCINAL S.A. CFI (conglomerado);Pix - Dificuldade para solicitar ou realizar devolução;0;
2026;2º;Demais Bancos, Financeiras e Instituições de Pagamento;Conglomerado; ;SOCINAL S.A. CFI (conglomerado);Pix - iniciação;0;
2026;2º;Demais Bancos, Financeiras e Instituições de Pagamento;Conglomerado; ;SOCINAL S.A. CFI (conglomerado);Reclamações relacionadas a assuntos diversos;0;
2026;2º;Demais Bancos, Financeiras e Instituições de Pagamento;Conglomerado; ;SOCINAL S.A. CFI (conglomerado);Recusa de produtos ou serviços;0;
2026;2º;Demais Bancos, Financeiras e Instituições de Pagamento;Conglomerado; ;SOCINAL S.A. CFI (conglomerado);Renegociação de dívida (exceto cartão de crédito);0;
2026;2º;Demais Bancos, Financeiras e Instituições de Pagamento;Conglomerado; ;SOCINAL S.A. CFI (conglomerado);Restrições cadastrais;0;
2026;2º;Demais Bancos, Financeiras e Instituições de Pagamento;Conglomerado; ;SOCINAL S.A. CFI (conglomerado);Utilização incorreta da taxa de desconto no cálculo do valor presente relacionadas às demais operações de crédito, exceto as de crédito consignado e de financiamento imobiliário;0;
2026;2º;Demais Bancos, Financeiras e Instituições de Pagamento;Conglomerado; ;SOFISA (conglomerado);Abertura de conta de depósito com documentação ausente, insuficiente ou falsa;2;
2026;2º;Demais Bancos, Financeiras e Instituições de Pagamento;Conglomerado; ;SOFISA (conglomerado);Bloqueio de valores ou de conta fora do âmbito do Pix;16;
2026;2º;Demais Bancos, Financeiras e Instituições de Pagamento;Conglomerado; ;SOFISA (conglomerado);Cadastro positivo envolvendo instituição financeira;0;
2026;2º;Demais Bancos, Financeiras e Instituições de Pagamento;Conglomerado; ;SOFISA (conglomerado);Cancelamento de contrato a pedido do cliente não atendido por instituição financeira;3;
2026;2º;Demais Bancos, Financeiras e Instituições de Pagamento;Conglomerado; ;SOFISA (conglomerado);Cobrança irregular para fins de remuneração de correspondentes no País;0;
2026;2º;Demais Bancos, Financeiras e Instituições de Pagamento;Conglomerado; ;SOFISA (conglomerado);Concessão de crédito (exceto consignado) sem a formalização do título adequado;3;
2026;2º;Demais Bancos, Financeiras e Instituições de Pagamento;Conglomerado; ;SOFISA (conglomerado);Descumprimento de prazo de resposta da reclamação registrada no BCB;0;
2026;2º;Demais Bancos, Financeiras e Instituições de Pagamento;Conglomerado; ;SOFISA (conglomerado);Débito em conta de pagamento pré-paga não autorizado pelo cliente, ou não cumprimento das regras aplicáveis;2;
2026;2º;Demais Bancos, Financeiras e Instituições de Pagamento;Conglomerado; ;SOFISA (conglomerado);Débito em conta não autorizado pelo cliente, ou não cumprimento das regras aplicáveis;5;
2026;2º;Demais Bancos, Financeiras e Instituições de Pagamento;Conglomerado; ;SOFISA (conglomerado);Inclusão de dados incorretos no CCS (Cadastro de Clientes do Sistema Financeiro Nacional);0;
2026;2º;Demais Bancos, Financeiras e Instituições de Pagamento;Conglomerado; ;SOFISA (conglomerado);Insatisfação com a resposta recebida da instituição financeira referente à reclamação registrada no BCB;8;
2026;2º;Demais Bancos, Financeiras e Instituições de Pagamento;Conglomerado; ;SOFISA (conglomerado);Insatisfação com o atendimento prestado pelo SAC ou Central de Relacionamento;34;
2026;2º;Demais Bancos, Financeiras e Instituições de Pagamento;Conglomerado; ;SOFISA (conglomerado);Irregularidades no processo de encerramento de conta de depósitos à vista;3;
2026;2º;Demais Bancos, Financeiras e Instituições de Pagamento;Conglomerado; ;SOFISA (conglomerado);Irregularidades no processo de encerramento de conta de pagamento;0;
2026;2º;Demais Bancos, Financeiras e Instituições de Pagamento;Conglomerado; ;SOFISA (conglomerado);Irregularidades relacionadas ao acompanhamento de conta;12;
2026;2º;Demais Bancos, Financeiras e Instituições de Pagamento;Conglomerado; ;SOFISA (conglomerado);Irregularidades relacionadas ao atendimento da Ouvidoria;2;
2026;2º;Demais Bancos, Financeiras e Instituições de Pagamento;Conglomerado; ;SOFISA (conglomerado);Irregularidades relacionadas ao fornecimento de documentos relativos a conta;0;
2026;2º;Demais Bancos, Financeiras e Instituições de Pagamento;Conglomerado; ;SOFISA (conglomerado);Irregularidades relacionadas ao fornecimento de documentos relativos a operação de crédito, exceto para liquidação antecipada e descritivo do crédito.;2;
2026;2º;Demais Bancos, Financeiras e Instituições de Pagamento;Conglomerado; ;SOFISA (conglomerado);Irregularidades relacionadas ao fornecimento de informações relativas a operação de crédito contratada (DDC);6;
2026;2º;Demais Bancos, Financeiras e Instituições de Pagamento;Conglomerado; ;SOFISA (conglomerado);Irregularidades relacionadas ao fornecimento de outros documentos, exceto os relativos a cartão de crédito, conta e operação de crédito;3;
2026;2º;Demais Bancos, Financeiras e Instituições de Pagamento;Conglomerado; ;SOFISA (conglomerado);Irregularidades relacionadas ao Sistema de Informações de Crédito do Banco Central (SCR);3;
2026;2º;Demais Bancos, Financeiras e Instituições de Pagamento;Conglomerado; ;SOFISA (conglomerado);Irregularidades relacionadas à liquidação de documentos (exceto cheques);0;
2026;2º;Demais Bancos, Financeiras e Instituições de Pagamento;Conglomerado; ;SOFISA (conglomerado);Irregularidades relativas a integridade, confiabilidade, segurança, sigilo ou legitimidade das operações e serviços disponibilizados em internet banking;0;
2026;2º;Demais Bancos, Financeiras e Instituições de Pagamento;Conglomerado; ;SOFISA (conglomerado);Irregularidades relativas a integridade, confiabilidade, segurança, sigilo ou legitimidade das operações e serviços relacionados a cartões de crédito;54;
2026;2º;Demais Bancos, Financeiras e Instituições de Pagamento;Conglomerado; ;SOFISA (conglomerado);Irregularidades relativas a integridade, confiabilidade, segurança, sigilo ou legitimidade das operações e serviços relacionados a cartões de débito;2;
2026;2º;Demais Bancos, Financeiras e Instituições de Pagamento;Conglomerado; ;SOFISA (conglomerado);Irregularidades relativas a integridade, confiabilidade, segurança, sigilo ou legitimidade das operações e serviços, exceto as relacionadas a cartão de crédito, cartão de débito, internet banking, ATM, credenciadora e operação de crédito;6;
2026;2º;Demais Bancos, Financeiras e Instituições de Pagamento;Conglomerado; ;SOFISA (conglomerado);Irregularidades relativas a integridade, confiabilidade, segurança, sigilo ou legitimidade dos serviços relacionados a operações de crédito, exceto consignado;0;
2026;2º;Demais Bancos, Financeiras e Instituições de Pagamento;Conglomerado; ;SOFISA (conglomerado);Irregularidades relativas a operações de crédito de saldo devedor de fatura de cartão de crédito (rotativo e parcelamento) e respectiva cobrança de encargos;8;
2026;2º;Demais Bancos, Financeiras e Instituições de Pagamento;Conglomerado; ;SOFISA (conglomerado);Limites de transação;2;
2026;2º;Demais Bancos, Financeiras e Instituições de Pagamento;Conglomerado; ;SOFISA (conglomerado);Oferta ou prestação de informação sobre a conta ou serviços acessórios de forma inadequada ;0;
2026;2º;Demais Bancos, Financeiras e Instituições de Pagamento;Conglomerado; ;SOFISA (conglomerado);Oferta ou prestação de informação sobre o cartão de crédito de forma inadequada ;6;
2026;2º;Demais Bancos, Financeiras e Instituições de Pagamento;Conglomerado; ;SOFISA (conglomerado);Oferta ou prestação de informação sobre operação de crédito de forma inadequada, exceto crédito consignado;0;
2026;2º;Demais Bancos, Financeiras e Instituições de Pagamento;Conglomerado; ;SOFISA (conglomerado);Oferta ou prestação de informação sobre produtos e serviços de forma inadequada, exceto as relacionadas a cartão de crédito, conta e serviços acessórios, credenciadora de cartão e operação de crédito;2;
2026;2º;Demais Bancos, Financeiras e Instituições de Pagamento;Conglomerado; ;SOFISA (conglomerado);Outras irregularidades relacionadas a cartões de crédito;2;
2026;2º;Demais Bancos, Financeiras e Instituições de Pagamento;Conglomerado; ;SOFISA (conglomerado);Pix  - chaves;3;
2026;2º;Demais Bancos, Financeiras e Instituições de Pagamento;Conglomerado; ;SOFISA (conglomerado);Pix - Bloqueio ou devolução de valores;0;
2026;2º;Demais Bancos, Financeiras e Instituições de Pagamento;Conglomerado; ;SOFISA (conglomerado);Pix - diversos;0;
2026;2º;Demais Bancos, Financeiras e Instituições de Pagamento;Conglomerado; ;SOFISA (conglomerado);Pix - Dificuldade para solicitar ou realizar devolução;5;
2026;2º;Demais Bancos, Financeiras e Instituições de Pagamento;Conglomerado; ;SOFISA (conglomerado);Pix - iniciação;2;
2026;2º;Demais Bancos, Financeiras e Instituições de Pagamento;Conglomerado; ;SOFISA (conglomerado);Reclamações relacionadas a assuntos diversos;0;
2026;2º;Demais Bancos, Financeiras e Instituições de Pagamento;Conglomerado; ;SOFISA (conglomerado);Recusa de produtos ou serviços;0;
2026;2º;Demais Bancos, Financeiras e Instituições de Pagamento;Conglomerado; ;SOFISA (conglomerado);Terminais eletrônicos, internet e aplicativos;0;
2026;2º;Demais Bancos, Financeiras e Instituições de Pagamento;Conglomerado; ;SOFISA (conglomerado);Transações não reconhecidas pelo titular da conta, realizadas por terceiros (invasão de conta) em instituições financeiras;2;
2026;2º;Demais Bancos, Financeiras e Instituições de Pagamento;Conglomerado; ;SOFISA (conglomerado);Utilização incorreta da taxa de desconto no cálculo do valor presente relacionadas às demais operações de crédito, exceto as de crédito consignado e de financiamento imobiliário;2;
2026;2º;Demais Bancos, Financeiras e Instituições de Pagamento;Banco/financeira;48755901;SOLFÁCIL SOCIEDADE DE CRÉDITO, FINANCIAMENTO E INVESTIMENTO S.A.;Bloqueio de valores ou de conta fora do âmbito do Pix;0;
2026;2º;Demais Bancos, Financeiras e Instituições de Pagamento;Banco/financeira;48755901;SOLFÁCIL SOCIEDADE DE CRÉDITO, FINANCIAMENTO E INVESTIMENTO S.A.;Irregularidades relativas a integridade, confiabilidade, segurança, sigilo ou legitimidade dos serviços relacionados a operações de crédito, exceto consignado;0;
2026;2º;Demais Bancos, Financeiras e Instituições de Pagamento;Banco/financeira;48755901;SOLFÁCIL SOCIEDADE DE CRÉDITO, FINANCIAMENTO E INVESTIMENTO S.A.;Reclamações relacionadas a assuntos diversos;0;
2026;2º;Demais Bancos, Financeiras e Instituições de Pagamento;Banco/financeira;48755901;SOLFÁCIL SOCIEDADE DE CRÉDITO, FINANCIAMENTO E INVESTIMENTO S.A.;Renegociação de dívida (exceto cartão de crédito);0;
2026;2º;Demais Bancos, Financeiras e Instituições de Pagamento;Banco/financeira;48755901;SOLFÁCIL SOCIEDADE DE CRÉDITO, FINANCIAMENTO E INVESTIMENTO S.A.;Terminais eletrônicos, internet e aplicativos;0;
2026;2º;Demais Bancos, Financeiras e Instituições de Pagamento;Conglomerado; ;STARK SCD (conglomerado);Insatisfação com a resposta referente à reclamação registrada no BCB recebida - instituição de pagamento;0;
2026;2º;Demais Bancos, Financeiras e Instituições de Pagamento;Conglomerado; ;STARK SCD (conglomerado);Insatisfação com o atendimento prestado pelo SAC ou Central de Relacionamento - instituição de pagamento;0;
2026;2º;Demais Bancos, Financeiras e Instituições de Pagamento;Conglomerado; ;STARK SCD (conglomerado);Irregularidades no processo de encerramento de conta de pagamento - instituição de pagamento;0;
2026;2º;Demais Bancos, Financeiras e Instituições de Pagamento;Conglomerado; ;STARK SCD (conglomerado);Irregularidades relacionadas ao acompanhamento de conta de pagamento - instituição de pagamento;15;
2026;2º;Demais Bancos, Financeiras e Instituições de Pagamento;Conglomerado; ;STARK SCD (conglomerado);Irregularidades relacionadas ao fornecimento de documentos por conta de pagamentos pós-paga - instituição de pagamento;0;
2026;2º;Demais Bancos, Financeiras e Instituições de Pagamento;Conglomerado; ;STARK SCD (conglomerado);Irregularidades relacionadas à liquidação de documentos (exceto cheques) - instituição de pagamento;0;
2026;2º;Demais Bancos, Financeiras e Instituições de Pagamento;Conglomerado; ;STARK SCD (conglomerado);Irregularidades relativas a integridade, confiabilidade, segurança, sigilo ou legitimidade das operações e serviços prestados relacionados a conta de pagamento pós-paga - instituição de pagamento;0;
2026;2º;Demais Bancos, Financeiras e Instituições de Pagamento;Conglomerado; ;STARK SCD (conglomerado);Irregularidades relativas a integridade, confiabilidade, segurança, sigilo ou legitimidade das operações e serviços prestados relacionados a conta de pagamento pré-paga - instituição de pagamento;0;
2026;2º;Demais Bancos, Financeiras e Instituições de Pagamento;Conglomerado; ;STARK SCD (conglomerado);Pix - Bloqueio ou devolução irregular de valores - instituição de pagamento;0;
2026;2º;Demais Bancos, Financeiras e Instituições de Pagamento;Conglomerado; ;STARK SCD (conglomerado);Pix - Dificuldade para solicitar ou realizar devolução - instituição de pagamento;0;
2026;2º;Demais Bancos, Financeiras e Instituições de Pagamento;Conglomerado; ;STARK SCD (conglomerado);Pix - liquidação - instituição de pagamento;1;
2026;2º;Demais Bancos, Financeiras e Instituições de Pagamento;Conglomerado; ;STARK SCD (conglomerado);PIX - Diversos - instituição de pagamento;0;
2026;2º;Demais Bancos, Financeiras e Instituições de Pagamento;Conglomerado; ;STARK SCD (conglomerado);PIX - Iniciação - instituição de pagamento;1;
2026;2º;Demais Bancos, Financeiras e Instituições de Pagamento;Conglomerado; ;STARK SCD (conglomerado);Restrições cadastrais por parte - instituição de pagamento;0;
2026;2º;Demais Bancos, Financeiras e Instituições de Pagamento;Conglomerado; ;STELLANTIS (conglomerado);Cancelamento de contrato a pedido do cliente não atendido por instituição financeira;0;
2026;2º;Demais Bancos, Financeiras e Instituições de Pagamento;Conglomerado; ;STELLANTIS (conglomerado);Cobrança irregular de tarifa em operação de crédito;0;
2026;2º;Demais Bancos, Financeiras e Instituições de Pagamento;Conglomerado; ;STELLANTIS (conglomerado);Cobranças diversas;0;
2026;2º;Demais Bancos, Financeiras e Instituições de Pagamento;Conglomerado; ;STELLANTIS (conglomerado);Dificuldade na liberação ou substituição de bem;0;
2026;2º;Demais Bancos, Financeiras e Instituições de Pagamento;Conglomerado; ;STELLANTIS (conglomerado);Golpe;0;
2026;2º;Demais Bancos, Financeiras e Instituições de Pagamento;Conglomerado; ;STELLANTIS (conglomerado);Insatisfação com a resposta recebida da instituição financeira referente à reclamação registrada no BCB;0;
2026;2º;Demais Bancos, Financeiras e Instituições de Pagamento;Conglomerado; ;STELLANTIS (conglomerado);Insatisfação com o atendimento prestado pelo SAC ou Central de Relacionamento;1;
2026;2º;Demais Bancos, Financeiras e Instituições de Pagamento;Conglomerado; ;STELLANTIS (conglomerado);Irregularidades relacionadas ao fornecimento de documento para liquidação antecipada de operações de crédito;0;
2026;2º;Demais Bancos, Financeiras e Instituições de Pagamento;Conglomerado; ;STELLANTIS (conglomerado);Irregularidades relacionadas ao fornecimento de documentos relativos a operação de crédito, exceto para liquidação antecipada e descritivo do crédito.;3;
2026;2º;Demais Bancos, Financeiras e Instituições de Pagamento;Conglomerado; ;STELLANTIS (conglomerado);Irregularidades relacionadas ao fornecimento de informações relativas a operação de crédito contratada (DDC);1;
2026;2º;Demais Bancos, Financeiras e Instituições de Pagamento;Conglomerado; ;STELLANTIS (conglomerado);Irregularidades relacionadas ao fornecimento de outros documentos, exceto os relativos a cartão de crédito, conta e operação de crédito;0;
2026;2º;Demais Bancos, Financeiras e Instituições de Pagamento;Conglomerado; ;STELLANTIS (conglomerado);Irregularidades relacionadas ao Sistema de Informações de Crédito do Banco Central (SCR);0;
2026;2º;Demais Bancos, Financeiras e Instituições de Pagamento;Conglomerado; ;STELLANTIS (conglomerado);Irregularidades relativas a integridade, confiabilidade, segurança, sigilo ou legitimidade das operações e serviços disponibilizados em internet banking;0;
2026;2º;Demais Bancos, Financeiras e Instituições de Pagamento;Conglomerado; ;STELLANTIS (conglomerado);Irregularidades relativas a integridade, confiabilidade, segurança, sigilo ou legitimidade das operações e serviços, exceto as relacionadas a cartão de crédito, cartão de débito, internet banking, ATM, credenciadora e operação de crédito;0;
2026;2º;Demais Bancos, Financeiras e Instituições de Pagamento;Conglomerado; ;STELLANTIS (conglomerado);Irregularidades relativas a integridade, confiabilidade, segurança, sigilo ou legitimidade dos serviços relacionados a operações de crédito consignado;1;
2026;2º;Demais Bancos, Financeiras e Instituições de Pagamento;Conglomerado; ;STELLANTIS (conglomerado);Irregularidades relativas a integridade, confiabilidade, segurança, sigilo ou legitimidade dos serviços relacionados a operações de crédito, exceto consignado;10;
2026;2º;Demais Bancos, Financeiras e Instituições de Pagamento;Conglomerado; ;STELLANTIS (conglomerado);Juros e preços;0;
2026;2º;Demais Bancos, Financeiras e Instituições de Pagamento;Conglomerado; ;STELLANTIS (conglomerado);Oferta ou prestação de informação sobre operação de crédito de forma inadequada, exceto crédito consignado;16;
2026;2º;Demais Bancos, Financeiras e Instituições de Pagamento;Conglomerado; ;STELLANTIS (conglomerado);Reclamações relacionadas a assuntos diversos;0;
2026;2º;Demais Bancos, Financeiras e Instituições de Pagamento;Conglomerado; ;STELLANTIS (conglomerado);Recusa de produtos ou serviços;0;
2026;2º;Demais Bancos, Financeiras e Instituições de Pagamento;Conglomerado; ;STELLANTIS (conglomerado);Renegociação de dívida (exceto cartão de crédito);0;
2026;2º;Demais Bancos, Financeiras e Instituições de Pagamento;Conglomerado; ;STONE IP (conglomerado);Abertura de conta de pagamento sem documentação necessária ou com documentação falsa - instituição de pagamento;30;
2026;2º;Demais Bancos, Financeiras e Instituições de Pagamento;Conglomerado; ;STONE IP (conglomerado);Bloqueio de valores ou de conta fora do âmbito do Pix - instituição de pagamento;25;
2026;2º;Demais Bancos, Financeiras e Instituições de Pagamento;Conglomerado; ;STONE IP (conglomerado);Cancelamento de contrato por iniciativa - instituição de pagamento;0;
2026;2º;Demais Bancos, Financeiras e Instituições de Pagamento;Conglomerado; ;STONE IP (conglomerado);Cobranças diversas de IPs;0;
2026;2º;Demais Bancos, Financeiras e Instituições de Pagamento;Conglomerado; ;STONE IP (conglomerado);Descumprimento de prazo de resposta da reclamação registrada no BCB;0;
2026;2º;Demais Bancos, Financeiras e Instituições de Pagamento;Conglomerado; ;STONE IP (conglomerado);Débito em conta de pagamento pré-paga não autorizado pelo cliente, ou não cumprimento das regras aplicáveis - instituição de pagamento;5;
2026;2º;Demais Bancos, Financeiras e Instituições de Pagamento;Conglomerado; ;STONE IP (conglomerado);Inclusão de dados incorretos no CCS (Cadastro de Clientes do Sistema Financeiro Nacional) - instituição de pagamento;0;
2026;2º;Demais Bancos, Financeiras e Instituições de Pagamento;Conglomerado; ;STONE IP (conglomerado);Insatisfação com a resposta recebida da instituição financeira referente à reclamação registrada no BCB;0;
2026;2º;Demais Bancos, Financeiras e Instituições de Pagamento;Conglomerado; ;STONE IP (conglomerado);Insatisfação com a resposta referente à reclamação registrada no BCB recebida - instituição de pagamento;0;
2026;2º;Demais Bancos, Financeiras e Instituições de Pagamento;Conglomerado; ;STONE IP (conglomerado);Insatisfação com o atendimento prestado pelo SAC ou Central de Relacionamento - instituição de pagamento;25;
2026;2º;Demais Bancos, Financeiras e Instituições de Pagamento;Conglomerado; ;STONE IP (conglomerado);Irregularidades no processo de encerramento de conta de pagamento;5;
2026;2º;Demais Bancos, Financeiras e Instituições de Pagamento;Conglomerado; ;STONE IP (conglomerado);Irregularidades no processo de encerramento de conta de pagamento - instituição de pagamento;5;
2026;2º;Demais Bancos, Financeiras e Instituições de Pagamento;Conglomerado; ;STONE IP (conglomerado);Irregularidades relacionadas a informações e liquidação de valores a receber no sistema SVR do BCB - instituições de pagamento;0;
2026;2º;Demais Bancos, Financeiras e Instituições de Pagamento;Conglomerado; ;STONE IP (conglomerado);Irregularidades relacionadas ao acompanhamento de conta de pagamento - instituição de pagamento;409;
2026;2º;Demais Bancos, Financeiras e Instituições de Pagamento;Conglomerado; ;STONE IP (conglomerado);Irregularidades relacionadas ao fornecimento de documentos por conta de pagamentos pré-paga - instituição de pagamento;0;
2026;2º;Demais Bancos, Financeiras e Instituições de Pagamento;Conglomerado; ;STONE IP (conglomerado);Irregularidades relacionadas ao Sistema de Informações de Crédito do Banco Central (SCR);5;
2026;2º;Demais Bancos, Financeiras e Instituições de Pagamento;Conglomerado; ;STONE IP (conglomerado);Irregularidades relacionadas ao Sistema de Informações de Crédito do Banco Central (SCR) - instituição de pagamento;10;
2026;2º;Demais Bancos, Financeiras e Instituições de Pagamento;Conglomerado; ;STONE IP (conglomerado);Irregularidades relacionadas à liquidação de documentos (exceto cheques) - instituição de pagamento;0;
2026;2º;Demais Bancos, Financeiras e Instituições de Pagamento;Conglomerado; ;STONE IP (conglomerado);Irregularidades relativas a integridade, confiabilidade, segurança, sigilo ou legitimidade das operações e serviços prestados relacionados a conta de pagamento pós-paga - instituição de pagamento;10;
2026;2º;Demais Bancos, Financeiras e Instituições de Pagamento;Conglomerado; ;STONE IP (conglomerado);Irregularidades relativas a integridade, confiabilidade, segurança, sigilo ou legitimidade das operações e serviços prestados relacionados a conta de pagamento pré-paga - instituição de pagamento;50;
2026;2º;Demais Bancos, Financeiras e Instituições de Pagamento;Conglomerado; ;STONE IP (conglomerado);Irregularidades relativas a integridade, confiabilidade, segurança, sigilo ou legitimidade das operações e serviços relacionados a cartões de crédito;0;
2026;2º;Demais Bancos, Financeiras e Instituições de Pagamento;Conglomerado; ;STONE IP (conglomerado);Irregularidades relativas a integridade, confiabilidade, segurança, sigilo ou legitimidade dos serviços relacionados a operações de crédito, exceto consignado;5;
2026;2º;Demais Bancos, Financeiras e Instituições de Pagamento;Conglomerado; ;STONE IP (conglomerado);Oferta ou prestação de informação a respeito de produtos e serviços de forma inadequada para conta de pagamento pós-paga - instituição de pagamento;5;
2026;2º;Demais Bancos, Financeiras e Instituições de Pagamento;Conglomerado; ;STONE IP (conglomerado);Oferta ou prestação de informação a respeito de produtos e serviços de forma inadequada para conta de pagamento pré-paga - instituição de pagamento;5;
2026;2º;Demais Bancos, Financeiras e Instituições de Pagamento;Conglomerado; ;STONE IP (conglomerado);Outras irregularidades - instituição de pagamento;0;
2026;2º;Demais Bancos, Financeiras e Instituições de Pagamento;Conglomerado; ;STONE IP (conglomerado);Outras irregularidades relacionadas a cartões de crédito - instituição de pagamento;0;
2026;2º;Demais Bancos, Financeiras e Instituições de Pagamento;Conglomerado; ;STONE IP (conglomerado);Pix  - chaves;0;
2026;2º;Demais Bancos, Financeiras e Instituições de Pagamento;Conglomerado; ;STONE IP (conglomerado);Pix - Bloqueio ou devolução de valores;5;
2026;2º;Demais Bancos, Financeiras e Instituições de Pagamento;Conglomerado; ;STONE IP (conglomerado);Pix - Bloqueio ou devolução irregular de valores - instituição de pagamento;10;
2026;2º;Demais Bancos, Financeiras e Instituições de Pagamento;Conglomerado; ;STONE IP (conglomerado);Pix - Dificuldade para solicitar ou realizar devolução;5;
2026;2º;Demais Bancos, Financeiras e Instituições de Pagamento;Conglomerado; ;STONE IP (conglomerado);Pix - Dificuldade para solicitar ou realizar devolução - instituição de pagamento;5;
2026;2º;Demais Bancos, Financeiras e Instituições de Pagamento;Conglomerado; ;STONE IP (conglomerado);Pix - liquidação - instituição de pagamento;0;
2026;2º;Demais Bancos, Financeiras e Instituições de Pagamento;Conglomerado; ;STONE IP (conglomerado);Pix - outros - instituição de pagamento;0;
2026;2º;Demais Bancos, Financeiras e Instituições de Pagamento;Conglomerado; ;STONE IP (conglomerado);PIX - Chaves - instituição de pagamento;0;
2026;2º;Demais Bancos, Financeiras e Instituições de Pagamento;Conglomerado; ;STONE IP (conglomerado);PIX - Diversos - instituição de pagamento;0;
2026;2º;Demais Bancos, Financeiras e Instituições de Pagamento;Conglomerado; ;STONE IP (conglomerado);PIX - Iniciação - instituição de pagamento;5;
2026;2º;Demais Bancos, Financeiras e Instituições de Pagamento;Conglomerado; ;STONE IP (conglomerado);Reclamações relacionadas a assuntos diversos envolvendo - instituição de pagamento;0;
2026;2º;Demais Bancos, Financeiras e Instituições de Pagamento;Conglomerado; ;STONE IP (conglomerado);Recusa de produtos ou serviços - instituição de pagamento;0;
2026;2º;Demais Bancos, Financeiras e Instituições de Pagamento;Conglomerado; ;STONE IP (conglomerado);Renegociação de dívida em instituição de pagamento;0;
2026;2º;Demais Bancos, Financeiras e Instituições de Pagamento;Conglomerado; ;STONE IP (conglomerado);Terminais eletrônicos, internet e aplicativos - instituição de pagamento;0;
2026;2º;Demais Bancos, Financeiras e Instituições de Pagamento;Conglomerado; ;STONE IP (conglomerado);Transações não reconhecidas pelo titular da conta, realizadas por terceiros (invasão de conta) - instituição de pagamento;5;
2026;2º;Demais Bancos, Financeiras e Instituições de Pagamento;Conglomerado; ;STRIPE BRASIL IP PRUDENCIAL (conglomerado);Bloqueio de valores ou de conta fora do âmbito do Pix - instituição de pagamento;0;
2026;2º;Demais Bancos, Financeiras e Instituições de Pagamento;Conglomerado; ;STRIPE BRASIL IP PRUDENCIAL (conglomerado);Insatisfação com a resposta referente à reclamação registrada no BCB recebida - instituição de pagamento;0;
2026;2º;Demais Bancos, Financeiras e Instituições de Pagamento;Conglomerado; ;STRIPE BRASIL IP PRUDENCIAL (conglomerado);Irregularidades relacionadas ao acompanhamento de conta de pagamento - instituição de pagamento;0;
2026;2º;Demais Bancos, Financeiras e Instituições de Pagamento;Conglomerado; ;STRIPE BRASIL IP PRUDENCIAL (conglomerado);Irregularidades relativas a integridade, confiabilidade, segurança, sigilo ou legitimidade das operações e serviços prestados relacionados a conta de pagamento pré-paga - instituição de pagamento;0;
2026;2º;Demais Bancos, Financeiras e Instituições de Pagamento;Conglomerado; ;STRIPE BRASIL IP PRUDENCIAL (conglomerado);Pix - Dificuldade para solicitar ou realizar devolução - instituição de pagamento;0;
2026;2º;Demais Bancos, Financeiras e Instituições de Pagamento;Conglomerado; ;SUMUP IP (conglomerado);Abertura de conta de pagamento sem documentação necessária ou com documentação falsa - instituição de pagamento;0;
2026;2º;Demais Bancos, Financeiras e Instituições de Pagamento;Conglomerado; ;SUMUP IP (conglomerado);Bloqueio de valores ou de conta fora do âmbito do Pix - instituição de pagamento;3;
2026;2º;Demais Bancos, Financeiras e Instituições de Pagamento;Conglomerado; ;SUMUP IP (conglomerado);Cancelamento de contrato por iniciativa - instituição de pagamento;0;
2026;2º;Demais Bancos, Financeiras e Instituições de Pagamento;Conglomerado; ;SUMUP IP (conglomerado);Insatisfação com a resposta referente à reclamação registrada no BCB recebida - instituição de pagamento;0;
2026;2º;Demais Bancos, Financeiras e Instituições de Pagamento;Conglomerado; ;SUMUP IP (conglomerado);Irregularidades no processo de encerramento de conta de pagamento - instituição de pagamento;0;
2026;2º;Demais Bancos, Financeiras e Instituições de Pagamento;Conglomerado; ;SUMUP IP (conglomerado);Irregularidades relacionadas ao acompanhamento de conta de pagamento - instituição de pagamento;3;
2026;2º;Demais Bancos, Financeiras e Instituições de Pagamento;Conglomerado; ;SUMUP IP (conglomerado);Irregularidades relativas a integridade, confiabilidade, segurança, sigilo ou legitimidade das operações e serviços prestados relacionados a conta de pagamento pós-paga - instituição de pagamento;8;
2026;2º;Demais Bancos, Financeiras e Instituições de Pagamento;Conglomerado; ;SUMUP IP (conglomerado);Irregularidades relativas a integridade, confiabilidade, segurança, sigilo ou legitimidade das operações e serviços prestados relacionados a conta de pagamento pré-paga - instituição de pagamento;3;
2026;2º;Demais Bancos, Financeiras e Instituições de Pagamento;Conglomerado; ;SUMUP IP (conglomerado);Pix - Dificuldade para solicitar ou realizar devolução - instituição de pagamento;0;
2026;2º;Demais Bancos, Financeiras e Instituições de Pagamento;Conglomerado; ;SUMUP IP (conglomerado);Pix - liquidação - instituição de pagamento;0;
2026;2º;Demais Bancos, Financeiras e Instituições de Pagamento;Conglomerado; ;SUMUP IP (conglomerado);PIX - Chaves - instituição de pagamento;0;
2026;2º;Demais Bancos, Financeiras e Instituições de Pagamento;Conglomerado; ;SWAP IP (conglomerado);Abertura de conta de pagamento sem documentação necessária ou com documentação falsa - instituição de pagamento;15;
2026;2º;Demais Bancos, Financeiras e Instituições de Pagamento;Conglomerado; ;SWAP IP (conglomerado);Bloqueio de valores ou de conta fora do âmbito do Pix - instituição de pagamento;2;
2026;2º;Demais Bancos, Financeiras e Instituições de Pagamento;Conglomerado; ;SWAP IP (conglomerado);Cobranças diversas de IPs;0;
2026;2º;Demais Bancos, Financeiras e Instituições de Pagamento;Conglomerado; ;SWAP IP (conglomerado);Encaminhamento de instrumentos de pagamento não solicitados - instituição de pagamento;2;
2026;2º;Demais Bancos, Financeiras e Instituições de Pagamento;Conglomerado; ;SWAP IP (conglomerado);Inclusão de dados incorretos no CCS (Cadastro de Clientes do Sistema Financeiro Nacional) - instituição de pagamento;0;
2026;2º;Demais Bancos, Financeiras e Instituições de Pagamento;Conglomerado; ;SWAP IP (conglomerado);Insatisfação com a resposta referente à reclamação registrada no BCB recebida - instituição de pagamento;0;
2026;2º;Demais Bancos, Financeiras e Instituições de Pagamento;Conglomerado; ;SWAP IP (conglomerado);Irregularidades no processo de encerramento de conta de pagamento - instituição de pagamento;0;
2026;2º;Demais Bancos, Financeiras e Instituições de Pagamento;Conglomerado; ;SWAP IP (conglomerado);Irregularidades relacionadas ao acompanhamento de conta de pagamento - instituição de pagamento;12;
2026;2º;Demais Bancos, Financeiras e Instituições de Pagamento;Conglomerado; ;SWAP IP (conglomerado);Irregularidades relacionadas ao fornecimento de documentos por conta de pagamentos pós-paga - instituição de pagamento;0;
2026;2º;Demais Bancos, Financeiras e Instituições de Pagamento;Conglomerado; ;SWAP IP (conglomerado);Irregularidades relacionadas ao fornecimento de documentos por conta de pagamentos pré-paga - instituição de pagamento;0;
2026;2º;Demais Bancos, Financeiras e Instituições de Pagamento;Conglomerado; ;SWAP IP (conglomerado);Irregularidades relacionadas ao Sistema de Informações de Crédito do Banco Central (SCR) - instituição de pagamento;0;
2026;2º;Demais Bancos, Financeiras e Instituições de Pagamento;Conglomerado; ;SWAP IP (conglomerado);Irregularidades relativas a integridade, confiabilidade, segurança, sigilo ou legitimidade das operações e serviços prestados relacionados a conta de pagamento pós-paga - instituição de pagamento;0;
2026;2º;Demais Bancos, Financeiras e Instituições de Pagamento;Conglomerado; ;SWAP IP (conglomerado);Oferta ou prestação de informação a respeito de produtos e serviços de forma inadequada para conta de pagamento pós-paga - instituição de pagamento;0;
2026;2º;Demais Bancos, Financeiras e Instituições de Pagamento;Conglomerado; ;SWAP IP (conglomerado);Pix - Dificuldade para solicitar ou realizar devolução - instituição de pagamento;0;
2026;2º;Demais Bancos, Financeiras e Instituições de Pagamento;Conglomerado; ;SWAP IP (conglomerado);PIX - Chaves - instituição de pagamento;2;
2026;2º;Demais Bancos, Financeiras e Instituições de Pagamento;Conglomerado; ;SWILE IP (conglomerado);Bloqueio de valores ou de conta fora do âmbito do Pix - instituição de pagamento;0;
2026;2º;Demais Bancos, Financeiras e Instituições de Pagamento;Conglomerado; ;SWILE IP (conglomerado);Encaminhamento de instrumentos de pagamento não solicitados - instituição de pagamento;2;
2026;2º;Demais Bancos, Financeiras e Instituições de Pagamento;Conglomerado; ;SWILE IP (conglomerado);Inclusão de dados incorretos no CCS (Cadastro de Clientes do Sistema Financeiro Nacional) - instituição de pagamento;2;
2026;2º;Demais Bancos, Financeiras e Instituições de Pagamento;Conglomerado; ;SWILE IP (conglomerado);Irregularidades no processo de encerramento de conta de pagamento - instituição de pagamento;0;
2026;2º;Demais Bancos, Financeiras e Instituições de Pagamento;Conglomerado; ;SWILE IP (conglomerado);Irregularidades relativas a integridade, confiabilidade, segurança, sigilo ou legitimidade das operações e serviços prestados relacionados a conta de pagamento pós-paga - instituição de pagamento;0;
2026;2º;Demais Bancos, Financeiras e Instituições de Pagamento;Conglomerado; ;SWILE IP (conglomerado);Irregularidades relativas a integridade, confiabilidade, segurança, sigilo ou legitimidade das operações e serviços prestados relacionados a conta de pagamento pré-paga - instituição de pagamento;2;
2026;2º;Demais Bancos, Financeiras e Instituições de Pagamento;Conglomerado; ;TBANKS IP (conglomerado);Insatisfação com a resposta referente à reclamação registrada no BCB recebida - instituição de pagamento;0;
2026;2º;Demais Bancos, Financeiras e Instituições de Pagamento;Conglomerado; ;TBANKS IP (conglomerado);Irregularidades relacionadas ao acompanhamento de conta de pagamento - instituição de pagamento;0;
2026;2º;Demais Bancos, Financeiras e Instituições de Pagamento;Conglomerado; ;TBANKS IP (conglomerado);Pix - Dificuldade para solicitar ou realizar devolução - instituição de pagamento;0;
2026;2º;Demais Bancos, Financeiras e Instituições de Pagamento;Conglomerado; ;TODESCREDI S/A - CFI (conglomerado);Irregularidades relacionadas ao Sistema de Informações de Crédito do Banco Central (SCR);0;
2026;2º;Demais Bancos, Financeiras e Instituições de Pagamento;Conglomerado; ;TODESCREDI S/A - CFI (conglomerado);Renegociação de dívida (exceto cartão de crédito);0;
2026;2º;Demais Bancos, Financeiras e Instituições de Pagamento;Conglomerado; ;TRANSFEERA IP (conglomerado);Irregularidades no processo de encerramento de conta de pagamento - instituição de pagamento;3;
2026;2º;Demais Bancos, Financeiras e Instituições de Pagamento;Conglomerado; ;TRANSFEERA IP (conglomerado);Irregularidades relacionadas ao acompanhamento de conta de pagamento - instituição de pagamento;6;
2026;2º;Demais Bancos, Financeiras e Instituições de Pagamento;Conglomerado; ;TRANSFEERA IP (conglomerado);Oferta ou prestação de informação a respeito de produtos e serviços de forma inadequada para conta de pagamento pré-paga - instituição de pagamento;0;
2026;2º;Demais Bancos, Financeiras e Instituições de Pagamento;Conglomerado; ;TRANSFERO IP (conglomerado);Irregularidades relacionadas ao acompanhamento de conta de pagamento - instituição de pagamento;4;
2026;2º;Demais Bancos, Financeiras e Instituições de Pagamento;Conglomerado; ;TRIO IP (conglomerado);Bloqueio de valores ou de conta fora do âmbito do Pix - instituição de pagamento;0;
2026;2º;Demais Bancos, Financeiras e Instituições de Pagamento;Conglomerado; ;TRIO IP (conglomerado);Irregularidades relacionadas ao acompanhamento de conta de pagamento - instituição de pagamento;4;
2026;2º;Demais Bancos, Financeiras e Instituições de Pagamento;Conglomerado; ;TRIO IP (conglomerado);Irregularidades relativas a integridade, confiabilidade, segurança, sigilo ou legitimidade das operações e serviços prestados relacionados a conta de pagamento pré-paga - instituição de pagamento;0;
2026;2º;Demais Bancos, Financeiras e Instituições de Pagamento;Conglomerado; ;TRIO IP (conglomerado);Outras irregularidades - instituição de pagamento;0;
2026;2º;Demais Bancos, Financeiras e Instituições de Pagamento;Conglomerado; ;TRIO IP (conglomerado);Pix - Dificuldade para solicitar ou realizar devolução - instituição de pagamento;0;
2026;2º;Demais Bancos, Financeiras e Instituições de Pagamento;Conglomerado; ;TRIO IP (conglomerado);Pix - liquidação - instituição de pagamento;0;
2026;2º;Demais Bancos, Financeiras e Instituições de Pagamento;Conglomerado; ;TRIO IP (conglomerado);Pix - outros - instituição de pagamento;0;
2026;2º;Demais Bancos, Financeiras e Instituições de Pagamento;Conglomerado; ;TRIO IP (conglomerado);PIX - Diversos - instituição de pagamento;0;
2026;2º;Demais Bancos, Financeiras e Instituições de Pagamento;Conglomerado; ;TYCOON TECHNOLOGY IP (conglomerado);Insatisfação com a resposta referente à reclamação registrada no BCB recebida - instituição de pagamento;1;
2026;2º;Demais Bancos, Financeiras e Instituições de Pagamento;Conglomerado; ;TYCOON TECHNOLOGY IP (conglomerado);Irregularidades relacionadas ao acompanhamento de conta de pagamento - instituição de pagamento;1;
2026;2º;Demais Bancos, Financeiras e Instituições de Pagamento;Conglomerado; ;UBS (BRASIL) (conglomerado);Insatisfação com o atendimento prestado pelo SAC ou Central de Relacionamento;1;
2026;2º;Demais Bancos, Financeiras e Instituições de Pagamento;Conglomerado; ;V3 IP (conglomerado);Cancelamento de contrato a pedido do cliente de conta de pagamento pré-paga não atendido - instituição de pagamento;2;
2026;2º;Demais Bancos, Financeiras e Instituições de Pagamento;Conglomerado; ;V3 IP (conglomerado);Insatisfação com o atendimento prestado pelo SAC ou Central de Relacionamento - instituição de pagamento;2;
2026;2º;Demais Bancos, Financeiras e Instituições de Pagamento;Conglomerado; ;V3 IP (conglomerado);Irregularidades relativas a integridade, confiabilidade, segurança, sigilo ou legitimidade das operações e serviços prestados relacionados a conta de pagamento pré-paga - instituição de pagamento;6;
2026;2º;Demais Bancos, Financeiras e Instituições de Pagamento;Conglomerado; ;V3 IP (conglomerado);PIX - Iniciação - instituição de pagamento;4;
2026;2º;Demais Bancos, Financeiras e Instituições de Pagamento;Conglomerado; ;VALOR CFI (conglomerado);Descumprimento de prazo de resposta da reclamação registrada no BCB;0;
2026;2º;Demais Bancos, Financeiras e Instituições de Pagamento;Conglomerado; ;VALOR CFI (conglomerado);Insatisfação com a resposta recebida da instituição financeira referente à reclamação registrada no BCB;2;
2026;2º;Demais Bancos, Financeiras e Instituições de Pagamento;Conglomerado; ;VALOR CFI (conglomerado);Irregularidades relacionadas ao fornecimento de documento para liquidação antecipada de operações de crédito;8;
2026;2º;Demais Bancos, Financeiras e Instituições de Pagamento;Conglomerado; ;VALOR CFI (conglomerado);Irregularidades relacionadas ao fornecimento de documentos relativos a operação de crédito, exceto para liquidação antecipada e descritivo do crédito.;0;
2026;2º;Demais Bancos, Financeiras e Instituições de Pagamento;Conglomerado; ;VALOR CFI (conglomerado);Irregularidades relacionadas ao fornecimento de informações relativas a operação de crédito contratada (DDC);2;
2026;2º;Demais Bancos, Financeiras e Instituições de Pagamento;Conglomerado; ;VALOR CFI (conglomerado);Irregularidades relacionadas ao Sistema de Informações de Crédito do Banco Central (SCR);6;
2026;2º;Demais Bancos, Financeiras e Instituições de Pagamento;Conglomerado; ;VALOR CFI (conglomerado);Irregularidades relativas a integridade, confiabilidade, segurança, sigilo ou legitimidade dos serviços relacionados a operações de crédito consignado;4;
2026;2º;Demais Bancos, Financeiras e Instituições de Pagamento;Conglomerado; ;VALOR CFI (conglomerado);Oferta ou prestação de informação sobre crédito consignado de forma inadequada;0;
2026;2º;Demais Bancos, Financeiras e Instituições de Pagamento;Conglomerado; ;VALOR CFI (conglomerado);Renegociação de dívida (exceto cartão de crédito);0;
2026;2º;Demais Bancos, Financeiras e Instituições de Pagamento;Conglomerado; ;VALOR CFI (conglomerado);Utilização incorreta da taxa de desconto no cálculo do valor presente relacionadas às operações de crédito consignado;2;
2026;2º;Demais Bancos, Financeiras e Instituições de Pagamento;Conglomerado; ;VIA CERTA CFI (conglomerado);Ausência de título adequado relativo a cartão de crédito;0;
2026;2º;Demais Bancos, Financeiras e Instituições de Pagamento;Conglomerado; ;VIA CERTA CFI (conglomerado);Cobranças diversas;0;
2026;2º;Demais Bancos, Financeiras e Instituições de Pagamento;Conglomerado; ;VIA CERTA CFI (conglomerado);Concessão de crédito (exceto consignado) sem a formalização do título adequado;2;
2026;2º;Demais Bancos, Financeiras e Instituições de Pagamento;Conglomerado; ;VIA CERTA CFI (conglomerado);Crédito consignado;0;
2026;2º;Demais Bancos, Financeiras e Instituições de Pagamento;Conglomerado; ;VIA CERTA CFI (conglomerado);Descumprimento de ordem judicial;0;
2026;2º;Demais Bancos, Financeiras e Instituições de Pagamento;Conglomerado; ;VIA CERTA CFI (conglomerado);Irregularidades relacionadas ao fornecimento de documentos relativos a operação de crédito, exceto para liquidação antecipada e descritivo do crédito.;0;
2026;2º;Demais Bancos, Financeiras e Instituições de Pagamento;Conglomerado; ;VIA CERTA CFI (conglomerado);Irregularidades relacionadas ao Sistema de Informações de Crédito do Banco Central (SCR);0;
2026;2º;Demais Bancos, Financeiras e Instituições de Pagamento;Conglomerado; ;VIA CERTA CFI (conglomerado);Irregularidades relativas a integridade, confiabilidade, segurança, sigilo ou legitimidade dos serviços relacionados a operações de crédito, exceto consignado;0;
2026;2º;Demais Bancos, Financeiras e Instituições de Pagamento;Conglomerado; ;VIA CERTA CFI (conglomerado);Irregularidades relativas a operações de crédito de saldo devedor de fatura de cartão de crédito (rotativo e parcelamento) e respectiva cobrança de encargos;0;
2026;2º;Demais Bancos, Financeiras e Instituições de Pagamento;Conglomerado; ;VIA CERTA CFI (conglomerado);Irregularidades relativas a telemarketing, SMS ou Whatsapp com oferta de produtos e serviços;0;
2026;2º;Demais Bancos, Financeiras e Instituições de Pagamento;Conglomerado; ;VIA CERTA CFI (conglomerado);Juros e preços;0;
2026;2º;Demais Bancos, Financeiras e Instituições de Pagamento;Conglomerado; ;VIA CERTA CFI (conglomerado);Oferta ou prestação de informação sobre operação de crédito de forma inadequada, exceto crédito consignado;0;
2026;2º;Demais Bancos, Financeiras e Instituições de Pagamento;Conglomerado; ;VIA CERTA CFI (conglomerado);Oferta ou prestação de informação sobre produtos e serviços de forma inadequada, exceto as relacionadas a cartão de crédito, conta e serviços acessórios, credenciadora de cartão e operação de crédito;2;
2026;2º;Demais Bancos, Financeiras e Instituições de Pagamento;Conglomerado; ;VIA CERTA CFI (conglomerado);Pix  - chaves;0;
2026;2º;Demais Bancos, Financeiras e Instituições de Pagamento;Conglomerado; ;VIA CERTA CFI (conglomerado);Reclamações relacionadas a assuntos diversos;0;
2026;2º;Demais Bancos, Financeiras e Instituições de Pagamento;Conglomerado; ;VIA CERTA CFI (conglomerado);Renegociação de dívida (exceto cartão de crédito);0;
2026;2º;Demais Bancos, Financeiras e Instituições de Pagamento;Conglomerado; ;VILLELA IP (conglomerado);Bloqueio de valores ou de conta fora do âmbito do Pix - instituição de pagamento;2;
2026;2º;Demais Bancos, Financeiras e Instituições de Pagamento;Conglomerado; ;VILLELA IP (conglomerado);Cobranças diversas de IPs;0;
2026;2º;Demais Bancos, Financeiras e Instituições de Pagamento;Conglomerado; ;VILLELA IP (conglomerado);Irregularidades no processo de encerramento de conta de pagamento - instituição de pagamento;2;
2026;2º;Demais Bancos, Financeiras e Instituições de Pagamento;Conglomerado; ;VILLELA IP (conglomerado);Reclamações relacionadas a assuntos diversos envolvendo - instituição de pagamento;0;
2026;2º;Demais Bancos, Financeiras e Instituições de Pagamento;Conglomerado; ;VOLKSWAGEN (conglomerado);Cancelamento de contrato a pedido do cliente não atendido por instituição financeira;4;
2026;2º;Demais Bancos, Financeiras e Instituições de Pagamento;Conglomerado; ;VOLKSWAGEN (conglomerado);Cobrança irregular de tarifa em operação de crédito;0;
2026;2º;Demais Bancos, Financeiras e Instituições de Pagamento;Conglomerado; ;VOLKSWAGEN (conglomerado);Cobranças diversas;0;
2026;2º;Demais Bancos, Financeiras e Instituições de Pagamento;Conglomerado; ;VOLKSWAGEN (conglomerado);Concessão de crédito (exceto consignado) sem a formalização do título adequado;4;
2026;2º;Demais Bancos, Financeiras e Instituições de Pagamento;Conglomerado; ;VOLKSWAGEN (conglomerado);Descumprimento de ordem judicial;0;
2026;2º;Demais Bancos, Financeiras e Instituições de Pagamento;Conglomerado; ;VOLKSWAGEN (conglomerado);Descumprimento de prazo de resposta da reclamação registrada no BCB;0;
2026;2º;Demais Bancos, Financeiras e Instituições de Pagamento;Conglomerado; ;VOLKSWAGEN (conglomerado);Dificuldade na liberação ou substituição de bem;0;
2026;2º;Demais Bancos, Financeiras e Instituições de Pagamento;Conglomerado; ;VOLKSWAGEN (conglomerado);Golpe;0;
2026;2º;Demais Bancos, Financeiras e Instituições de Pagamento;Conglomerado; ;VOLKSWAGEN (conglomerado);Insatisfação com a resposta recebida da instituição financeira referente à reclamação registrada no BCB;0;
2026;2º;Demais Bancos, Financeiras e Instituições de Pagamento;Conglomerado; ;VOLKSWAGEN (conglomerado);Insatisfação com o atendimento prestado pelo SAC ou Central de Relacionamento;13;
2026;2º;Demais Bancos, Financeiras e Instituições de Pagamento;Conglomerado; ;VOLKSWAGEN (conglomerado);Irregularidades relacionadas a boletos de pagamento (exceto ausência de contrato com beneficiário);0;
2026;2º;Demais Bancos, Financeiras e Instituições de Pagamento;Conglomerado; ;VOLKSWAGEN (conglomerado);Irregularidades relacionadas a informações e liquidação de valores a receber no sistema SVR do BCB por parte de instituições financeiras;2;
2026;2º;Demais Bancos, Financeiras e Instituições de Pagamento;Conglomerado; ;VOLKSWAGEN (conglomerado);Irregularidades relacionadas ao fornecimento de documento para liquidação antecipada de operações de crédito;2;
2026;2º;Demais Bancos, Financeiras e Instituições de Pagamento;Conglomerado; ;VOLKSWAGEN (conglomerado);Irregularidades relacionadas ao fornecimento de documentos relativos a operação de crédito, exceto para liquidação antecipada e descritivo do crédito.;35;
2026;2º;Demais Bancos, Financeiras e Instituições de Pagamento;Conglomerado; ;VOLKSWAGEN (conglomerado);Irregularidades relacionadas ao fornecimento de informações relativas a operação de crédito contratada (DDC);7;
2026;2º;Demais Bancos, Financeiras e Instituições de Pagamento;Conglomerado; ;VOLKSWAGEN (conglomerado);Irregularidades relacionadas ao fornecimento de outros documentos, exceto os relativos a cartão de crédito, conta e operação de crédito;0;
2026;2º;Demais Bancos, Financeiras e Instituições de Pagamento;Conglomerado; ;VOLKSWAGEN (conglomerado);Irregularidades relacionadas ao Sistema de Informações de Crédito do Banco Central (SCR);7;
2026;2º;Demais Bancos, Financeiras e Instituições de Pagamento;Conglomerado; ;VOLKSWAGEN (conglomerado);Irregularidades relacionadas à liquidação de documentos (exceto cheques);0;
2026;2º;Demais Bancos, Financeiras e Instituições de Pagamento;Conglomerado; ;VOLKSWAGEN (conglomerado);Irregularidades relativas a integridade, confiabilidade, segurança, sigilo ou legitimidade das operações e serviços disponibilizados em internet banking;0;
2026;2º;Demais Bancos, Financeiras e Instituições de Pagamento;Conglomerado; ;VOLKSWAGEN (conglomerado);Irregularidades relativas a integridade, confiabilidade, segurança, sigilo ou legitimidade das operações e serviços, exceto as relacionadas a cartão de crédito, cartão de débito, internet banking, ATM, credenciadora e operação de crédito;9;
2026;2º;Demais Bancos, Financeiras e Instituições de Pagamento;Conglomerado; ;VOLKSWAGEN (conglomerado);Irregularidades relativas a integridade, confiabilidade, segurança, sigilo ou legitimidade dos serviços relacionados a operações de crédito consignado;7;
2026;2º;Demais Bancos, Financeiras e Instituições de Pagamento;Conglomerado; ;VOLKSWAGEN (conglomerado);Irregularidades relativas a integridade, confiabilidade, segurança, sigilo ou legitimidade dos serviços relacionados a operações de crédito, exceto consignado;20;
2026;2º;Demais Bancos, Financeiras e Instituições de Pagamento;Conglomerado; ;VOLKSWAGEN (conglomerado);Juros e preços;0;
2026;2º;Demais Bancos, Financeiras e Instituições de Pagamento;Conglomerado; ;VOLKSWAGEN (conglomerado);Não acatamento de solicitação de cancelamento de débitos automáticos em conta ou não cumprimento das regras aplicáveis;0;
2026;2º;Demais Bancos, Financeiras e Instituições de Pagamento;Conglomerado; ;VOLKSWAGEN (conglomerado);Oferta ou prestação de informação sobre operação de crédito de forma inadequada, exceto crédito consignado;24;
2026;2º;Demais Bancos, Financeiras e Instituições de Pagamento;Conglomerado; ;VOLKSWAGEN (conglomerado);Oferta ou prestação de informação sobre produtos e serviços de forma inadequada, exceto as relacionadas a cartão de crédito, conta e serviços acessórios, credenciadora de cartão e operação de crédito;39;
2026;2º;Demais Bancos, Financeiras e Instituições de Pagamento;Conglomerado; ;VOLKSWAGEN (conglomerado);Recusa de produtos ou serviços;0;
2026;2º;Demais Bancos, Financeiras e Instituições de Pagamento;Conglomerado; ;VOLKSWAGEN (conglomerado);Renegociação de dívida (exceto cartão de crédito);0;
2026;2º;Demais Bancos, Financeiras e Instituições de Pagamento;Conglomerado; ;VOLKSWAGEN (conglomerado);Restrição à realização de portabilidade de operações de crédito (exceto crédito consignado e financiamento imobiliário) relativas a pessoas naturais;0;
2026;2º;Demais Bancos, Financeiras e Instituições de Pagamento;Conglomerado; ;VOLKSWAGEN (conglomerado);Restrições cadastrais;0;
2026;2º;Demais Bancos, Financeiras e Instituições de Pagamento;Conglomerado; ;VOLKSWAGEN (conglomerado);Utilização incorreta da taxa de desconto no cálculo do valor presente relacionadas às demais operações de crédito, exceto as de crédito consignado e de financiamento imobiliário;0;
2026;2º;Demais Bancos, Financeiras e Instituições de Pagamento;Conglomerado; ;VOLVO (conglomerado);Restrições cadastrais;0;
2026;2º;Demais Bancos, Financeiras e Instituições de Pagamento;Conglomerado; ;VOTORANTIM (conglomerado);Abertura de conta de depósito com documentação ausente, insuficiente ou falsa;19;
2026;2º;Demais Bancos, Financeiras e Instituições de Pagamento;Conglomerado; ;VOTORANTIM (conglomerado);Abertura de conta de pagamento sem documentação necessária ou com documentação falsa;19;
2026;2º;Demais Bancos, Financeiras e Instituições de Pagamento;Conglomerado; ;VOTORANTIM (conglomerado);Abertura de conta de pagamento sem documentação necessária ou com documentação falsa - instituição de pagamento;14;
2026;2º;Demais Bancos, Financeiras e Instituições de Pagamento;Conglomerado; ;VOTORANTIM (conglomerado);Ausência de informações sobre as regras de funcionamento nos contratos de cartões de crédito ou seu descumprimento;0;
2026;2º;Demais Bancos, Financeiras e Instituições de Pagamento;Conglomerado; ;VOTORANTIM (conglomerado);Ausência de título adequado relativo a cartão de crédito;3;
2026;2º;Demais Bancos, Financeiras e Instituições de Pagamento;Conglomerado; ;VOTORANTIM (conglomerado);Bloqueio de valores ou de conta fora do âmbito do Pix;3;
2026;2º;Demais Bancos, Financeiras e Instituições de Pagamento;Conglomerado; ;VOTORANTIM (conglomerado);Bloqueio de valores ou de conta fora do âmbito do Pix - instituição de pagamento;0;
2026;2º;Demais Bancos, Financeiras e Instituições de Pagamento;Conglomerado; ;VOTORANTIM (conglomerado);Cancelamento de contrato a pedido do cliente não atendido por instituição financeira;8;
2026;2º;Demais Bancos, Financeiras e Instituições de Pagamento;Conglomerado; ;VOTORANTIM (conglomerado);Cancelamento de contrato por iniciativa da instituição financeira;0;
2026;2º;Demais Bancos, Financeiras e Instituições de Pagamento;Conglomerado; ;VOTORANTIM (conglomerado);Cobrança irregular de tarifa em operação de crédito;0;
2026;2º;Demais Bancos, Financeiras e Instituições de Pagamento;Conglomerado; ;VOTORANTIM (conglomerado);Cobranças diversas;0;
2026;2º;Demais Bancos, Financeiras e Instituições de Pagamento;Conglomerado; ;VOTORANTIM (conglomerado);Concessão de crédito (exceto consignado) sem a formalização do título adequado;3;
2026;2º;Demais Bancos, Financeiras e Instituições de Pagamento;Conglomerado; ;VOTORANTIM (conglomerado);Concessão de crédito consignado sem a formalização do título adequado;0;
2026;2º;Demais Bancos, Financeiras e Instituições de Pagamento;Conglomerado; ;VOTORANTIM (conglomerado);Descumprimento contratual;0;
2026;2º;Demais Bancos, Financeiras e Instituições de Pagamento;Conglomerado; ;VOTORANTIM (conglomerado);Descumprimento de ordem judicial;0;
2026;2º;Demais Bancos, Financeiras e Instituições de Pagamento;Conglomerado; ;VOTORANTIM (conglomerado);Descumprimento de prazo de resposta da reclamação registrada no BCB;3;
2026;2º;Demais Bancos, Financeiras e Instituições de Pagamento;Conglomerado; ;VOTORANTIM (conglomerado);Débito em conta não autorizado pelo cliente, ou não cumprimento das regras aplicáveis;0;
2026;2º;Demais Bancos, Financeiras e Instituições de Pagamento;Conglomerado; ;VOTORANTIM (conglomerado);Dificuldade na liberação ou substituição de bem;0;
2026;2º;Demais Bancos, Financeiras e Instituições de Pagamento;Conglomerado; ;VOTORANTIM (conglomerado);Golpe;0;
2026;2º;Demais Bancos, Financeiras e Instituições de Pagamento;Conglomerado; ;VOTORANTIM (conglomerado);Inclusão de dados incorretos no CCS (Cadastro de Clientes do Sistema Financeiro Nacional);8;
2026;2º;Demais Bancos, Financeiras e Instituições de Pagamento;Conglomerado; ;VOTORANTIM (conglomerado);Inclusão de dados incorretos no CCS (Cadastro de Clientes do Sistema Financeiro Nacional) - instituição de pagamento;3;
2026;2º;Demais Bancos, Financeiras e Instituições de Pagamento;Conglomerado; ;VOTORANTIM (conglomerado);Insatisfação com a resposta recebida da instituição financeira referente à reclamação registrada no BCB;6;
2026;2º;Demais Bancos, Financeiras e Instituições de Pagamento;Conglomerado; ;VOTORANTIM (conglomerado);Insatisfação com a resposta referente à reclamação registrada no BCB recebida - instituição de pagamento;3;
2026;2º;Demais Bancos, Financeiras e Instituições de Pagamento;Conglomerado; ;VOTORANTIM (conglomerado);Insatisfação com o atendimento prestado pelo SAC ou Central de Relacionamento;30;
2026;2º;Demais Bancos, Financeiras e Instituições de Pagamento;Conglomerado; ;VOTORANTIM (conglomerado);Insatisfação com o atendimento prestado pelo SAC ou Central de Relacionamento - instituição de pagamento;6;
2026;2º;Demais Bancos, Financeiras e Instituições de Pagamento;Conglomerado; ;VOTORANTIM (conglomerado);Integridade, confiabilidade, segurança, sigilo e legitimidade das operações e serviços  - conta de pagamento pré-paga;0;
2026;2º;Demais Bancos, Financeiras e Instituições de Pagamento;Conglomerado; ;VOTORANTIM (conglomerado);Irregularidades no processo de encerramento de conta de depósitos à vista;0;
2026;2º;Demais Bancos, Financeiras e Instituições de Pagamento;Conglomerado; ;VOTORANTIM (conglomerado);Irregularidades no processo de encerramento de conta de pagamento;0;
2026;2º;Demais Bancos, Financeiras e Instituições de Pagamento;Conglomerado; ;VOTORANTIM (conglomerado);Irregularidades no processo de encerramento de conta de pagamento - instituição de pagamento;0;
2026;2º;Demais Bancos, Financeiras e Instituições de Pagamento;Conglomerado; ;VOTORANTIM (conglomerado);Irregularidades relacionadas a boletos de pagamento (exceto ausência de contrato com beneficiário);6;
2026;2º;Demais Bancos, Financeiras e Instituições de Pagamento;Conglomerado; ;VOTORANTIM (conglomerado);Irregularidades relacionadas a informações e liquidação de valores a receber no sistema SVR do BCB - instituições de pagamento;6;
2026;2º;Demais Bancos, Financeiras e Instituições de Pagamento;Conglomerado; ;VOTORANTIM (conglomerado);Irregularidades relacionadas a informações e liquidação de valores a receber no sistema SVR do BCB por parte de instituições financeiras;3;
2026;2º;Demais Bancos, Financeiras e Instituições de Pagamento;Conglomerado; ;VOTORANTIM (conglomerado);Irregularidades relacionadas ao acompanhamento de conta;0;
2026;2º;Demais Bancos, Financeiras e Instituições de Pagamento;Conglomerado; ;VOTORANTIM (conglomerado);Irregularidades relacionadas ao acompanhamento de conta de pagamento - instituição de pagamento;3;
2026;2º;Demais Bancos, Financeiras e Instituições de Pagamento;Conglomerado; ;VOTORANTIM (conglomerado);Irregularidades relacionadas ao Custo Efetivo Total (CET) de operação de crédito;0;
2026;2º;Demais Bancos, Financeiras e Instituições de Pagamento;Conglomerado; ;VOTORANTIM (conglomerado);Irregularidades relacionadas ao fornecimento de documento para liquidação antecipada de operações de crédito;8;
2026;2º;Demais Bancos, Financeiras e Instituições de Pagamento;Conglomerado; ;VOTORANTIM (conglomerado);Irregularidades relacionadas ao fornecimento de documentos por conta de pagamentos pré-paga - instituição de pagamento;0;
2026;2º;Demais Bancos, Financeiras e Instituições de Pagamento;Conglomerado; ;VOTORANTIM (conglomerado);Irregularidades relacionadas ao fornecimento de documentos relativos a cartão de crédito;6;
2026;2º;Demais Bancos, Financeiras e Instituições de Pagamento;Conglomerado; ;VOTORANTIM (conglomerado);Irregularidades relacionadas ao fornecimento de documentos relativos a conta;3;
2026;2º;Demais Bancos, Financeiras e Instituições de Pagamento;Conglomerado; ;VOTORANTIM (conglomerado);Irregularidades relacionadas ao fornecimento de documentos relativos a operação de crédito, exceto para liquidação antecipada e descritivo do crédito.;6;
2026;2º;Demais Bancos, Financeiras e Instituições de Pagamento;Conglomerado; ;VOTORANTIM (conglomerado);Irregularidades relacionadas ao fornecimento de informações relativas a operação de crédito contratada (DDC);30;
2026;2º;Demais Bancos, Financeiras e Instituições de Pagamento;Conglomerado; ;VOTORANTIM (conglomerado);Irregularidades relacionadas ao fornecimento de outros documentos, exceto os relativos a cartão de crédito, conta e operação de crédito;3;
2026;2º;Demais Bancos, Financeiras e Instituições de Pagamento;Conglomerado; ;VOTORANTIM (conglomerado);Irregularidades relacionadas ao Sistema de Informações de Crédito do Banco Central (SCR);25;
2026;2º;Demais Bancos, Financeiras e Instituições de Pagamento;Conglomerado; ;VOTORANTIM (conglomerado);Irregularidades relacionadas ao Sistema de Informações de Crédito do Banco Central (SCR) - instituição de pagamento;0;
2026;2º;Demais Bancos, Financeiras e Instituições de Pagamento;Conglomerado; ;VOTORANTIM (conglomerado);Irregularidades relacionadas à liquidação de documentos (exceto cheques);0;
2026;2º;Demais Bancos, Financeiras e Instituições de Pagamento;Conglomerado; ;VOTORANTIM (conglomerado);Irregularidades relativas a integridade, confiabilidade, segurança, sigilo ou legitimidade das operações e serviços disponibilizados em internet banking;8;
2026;2º;Demais Bancos, Financeiras e Instituições de Pagamento;Conglomerado; ;VOTORANTIM (conglomerado);Irregularidades relativas a integridade, confiabilidade, segurança, sigilo ou legitimidade das operações e serviços prestados relacionados a conta de pagamento pós-paga - instituição de pagamento;6;
2026;2º;Demais Bancos, Financeiras e Instituições de Pagamento;Conglomerado; ;VOTORANTIM (conglomerado);Irregularidades relativas a integridade, confiabilidade, segurança, sigilo ou legitimidade das operações e serviços prestados relacionados a conta de pagamento pré-paga - instituição de pagamento;0;
2026;2º;Demais Bancos, Financeiras e Instituições de Pagamento;Conglomerado; ;VOTORANTIM (conglomerado);Irregularidades relativas a integridade, confiabilidade, segurança, sigilo ou legitimidade das operações e serviços relacionados a cartões de crédito;61;
2026;2º;Demais Bancos, Financeiras e Instituições de Pagamento;Conglomerado; ;VOTORANTIM (conglomerado);Irregularidades relativas a integridade, confiabilidade, segurança, sigilo ou legitimidade das operações e serviços relacionados a cartões de débito;3;
2026;2º;Demais Bancos, Financeiras e Instituições de Pagamento;Conglomerado; ;VOTORANTIM (conglomerado);Irregularidades relativas a integridade, confiabilidade, segurança, sigilo ou legitimidade das operações e serviços, exceto as relacionadas a cartão de crédito, cartão de débito, internet banking, ATM, credenciadora e operação de crédito;11;
2026;2º;Demais Bancos, Financeiras e Instituições de Pagamento;Conglomerado; ;VOTORANTIM (conglomerado);Irregularidades relativas a integridade, confiabilidade, segurança, sigilo ou legitimidade dos serviços relacionados a operações de crédito consignado;6;
2026;2º;Demais Bancos, Financeiras e Instituições de Pagamento;Conglomerado; ;VOTORANTIM (conglomerado);Irregularidades relativas a integridade, confiabilidade, segurança, sigilo ou legitimidade dos serviços relacionados a operações de crédito, exceto consignado;85;
2026;2º;Demais Bancos, Financeiras e Instituições de Pagamento;Conglomerado; ;VOTORANTIM (conglomerado);Irregularidades relativas a operações de crédito de saldo devedor de fatura de cartão de crédito (rotativo e parcelamento) e respectiva cobrança de encargos;14;
2026;2º;Demais Bancos, Financeiras e Instituições de Pagamento;Conglomerado; ;VOTORANTIM (conglomerado);Irregularidades relativas a telemarketing, SMS ou Whatsapp com oferta de produtos e serviços;0;
2026;2º;Demais Bancos, Financeiras e Instituições de Pagamento;Conglomerado; ;VOTORANTIM (conglomerado);Juros e preços;0;
2026;2º;Demais Bancos, Financeiras e Instituições de Pagamento;Conglomerado; ;VOTORANTIM (conglomerado);Limites de transação;3;
2026;2º;Demais Bancos, Financeiras e Instituições de Pagamento;Conglomerado; ;VOTORANTIM (conglomerado);Limites de transação - instituição de pagamento;0;
2026;2º;Demais Bancos, Financeiras e Instituições de Pagamento;Conglomerado; ;VOTORANTIM (conglomerado);Não acatamento de solicitação de cancelamento de débitos automáticos em conta ou não cumprimento das regras aplicáveis;0;
2026;2º;Demais Bancos, Financeiras e Instituições de Pagamento;Conglomerado; ;VOTORANTIM (conglomerado);Oferta ou prestação de informação sobre a conta ou serviços acessórios de forma inadequada ;8;
2026;2º;Demais Bancos, Financeiras e Instituições de Pagamento;Conglomerado; ;VOTORANTIM (conglomerado);Oferta ou prestação de informação sobre crédito consignado de forma inadequada;3;
2026;2º;Demais Bancos, Financeiras e Instituições de Pagamento;Conglomerado; ;VOTORANTIM (conglomerado);Oferta ou prestação de informação sobre operação de crédito de forma inadequada, exceto crédito consignado;58;
2026;2º;Demais Bancos, Financeiras e Instituições de Pagamento;Conglomerado; ;VOTORANTIM (conglomerado);Oferta ou prestação de informação sobre produtos e serviços de forma inadequada, exceto as relacionadas a cartão de crédito, conta e serviços acessórios, credenciadora de cartão e operação de crédito;105;
2026;2º;Demais Bancos, Financeiras e Instituições de Pagamento;Conglomerado; ;VOTORANTIM (conglomerado);Outras irregularidades ;0;
2026;2º;Demais Bancos, Financeiras e Instituições de Pagamento;Conglomerado; ;VOTORANTIM (conglomerado);Outras irregularidades relacionadas a cartões de crédito;0;
2026;2º;Demais Bancos, Financeiras e Instituições de Pagamento;Conglomerado; ;VOTORANTIM (conglomerado);Outros assuntos não regulados relacionados a cartão de crédito;0;
2026;2º;Demais Bancos, Financeiras e Instituições de Pagamento;Conglomerado; ;VOTORANTIM (conglomerado);Outros assuntos não regulados relacionados a cartão de crédito - instituição de pagamento;0;
2026;2º;Demais Bancos, Financeiras e Instituições de Pagamento;Conglomerado; ;VOTORANTIM (conglomerado);Pix  - chaves;3;
2026;2º;Demais Bancos, Financeiras e Instituições de Pagamento;Conglomerado; ;VOTORANTIM (conglomerado);Pix - Bloqueio ou devolução de valores;0;
2026;2º;Demais Bancos, Financeiras e Instituições de Pagamento;Conglomerado; ;VOTORANTIM (conglomerado);Pix - diversos;0;
2026;2º;Demais Bancos, Financeiras e Instituições de Pagamento;Conglomerado; ;VOTORANTIM (conglomerado);Pix - Dificuldade para solicitar ou realizar devolução;6;
2026;2º;Demais Bancos, Financeiras e Instituições de Pagamento;Conglomerado; ;VOTORANTIM (conglomerado);Pix - experiência do usuário;0;
2026;2º;Demais Bancos, Financeiras e Instituições de Pagamento;Conglomerado; ;VOTORANTIM (conglomerado);PIX - Diversos - instituição de pagamento;0;
2026;2º;Demais Bancos, Financeiras e Instituições de Pagamento;Conglomerado; ;VOTORANTIM (conglomerado);Prestação de serviço de forma irregular em conta-salário;0;
2026;2º;Demais Bancos, Financeiras e Instituições de Pagamento;Conglomerado; ;VOTORANTIM (conglomerado);Reclamações relacionadas a assuntos diversos;0;
2026;2º;Demais Bancos, Financeiras e Instituições de Pagamento;Conglomerado; ;VOTORANTIM (conglomerado);Reclamações relacionadas a assuntos diversos envolvendo - instituição de pagamento;0;
2026;2º;Demais Bancos, Financeiras e Instituições de Pagamento;Conglomerado; ;VOTORANTIM (conglomerado);Recusa de produtos ou serviços;0;
2026;2º;Demais Bancos, Financeiras e Instituições de Pagamento;Conglomerado; ;VOTORANTIM (conglomerado);Renegociação de dívida (exceto cartão de crédito);0;
2026;2º;Demais Bancos, Financeiras e Instituições de Pagamento;Conglomerado; ;VOTORANTIM (conglomerado);Renegociação de dívida em instituição de pagamento;0;
2026;2º;Demais Bancos, Financeiras e Instituições de Pagamento;Conglomerado; ;VOTORANTIM (conglomerado);Restrição à realização de portabilidade de operações de crédito consignado relativas a pessoas naturais;0;
2026;2º;Demais Bancos, Financeiras e Instituições de Pagamento;Conglomerado; ;VOTORANTIM (conglomerado);Restrições cadastrais;0;
2026;2º;Demais Bancos, Financeiras e Instituições de Pagamento;Conglomerado; ;VOTORANTIM (conglomerado);Restrições cadastrais por parte - instituição de pagamento;0;
2026;2º;Demais Bancos, Financeiras e Instituições de Pagamento;Conglomerado; ;VOTORANTIM (conglomerado);Terminais eletrônicos, internet e aplicativos;0;
2026;2º;Demais Bancos, Financeiras e Instituições de Pagamento;Conglomerado; ;VOTORANTIM (conglomerado);Utilização incorreta da taxa de desconto no cálculo do valor presente relacionadas às demais operações de crédito, exceto as de crédito consignado e de financiamento imobiliário;6;
2026;2º;Demais Bancos, Financeiras e Instituições de Pagamento;Conglomerado; ;VOX IP (conglomerado);Irregularidades relativas a integridade, confiabilidade, segurança, sigilo ou legitimidade das operações e serviços prestados relacionados a conta de pagamento pós-paga - instituição de pagamento;0;
2026;2º;Demais Bancos, Financeiras e Instituições de Pagamento;Conglomerado; ;VOX IP (conglomerado);Oferta ou prestação de informação a respeito de produtos e serviços de forma inadequada para conta de pagamento pós-paga - instituição de pagamento;3;
2026;2º;Demais Bancos, Financeiras e Instituições de Pagamento;Conglomerado; ;VOX IP (conglomerado);Restrições cadastrais por parte - instituição de pagamento;0;
2026;2º;Demais Bancos, Financeiras e Instituições de Pagamento;Conglomerado; ;VR (conglomerado);Irregularidades relacionadas ao fornecimento de outros documentos, exceto os relativos a cartão de crédito, conta e operação de crédito;0;
2026;2º;Demais Bancos, Financeiras e Instituições de Pagamento;Conglomerado; ;VR (conglomerado);Não acatamento de solicitação de cancelamento de débitos automáticos em conta ou não cumprimento das regras aplicáveis;0;
2026;2º;Demais Bancos, Financeiras e Instituições de Pagamento;Conglomerado; ;VR (conglomerado);Oferta ou prestação de informação sobre crédito consignado de forma inadequada;6;
2026;2º;Demais Bancos, Financeiras e Instituições de Pagamento;Conglomerado; ;VR (conglomerado);Restrição à realização de portabilidade de operações de crédito consignado relativas a pessoas naturais;0;
2026;2º;Demais Bancos, Financeiras e Instituições de Pagamento;Conglomerado; ;WESTERN UNION (conglomerado);Bloqueio de valores ou de conta fora do âmbito do Pix;2;
2026;2º;Demais Bancos, Financeiras e Instituições de Pagamento;Conglomerado; ;WESTERN UNION (conglomerado);Irregularidades relacionadas a operações no mercado de câmbio;0;
2026;2º;Demais Bancos, Financeiras e Instituições de Pagamento;Conglomerado; ;WESTERN UNION (conglomerado);Irregularidades relacionadas à liquidação de documentos (exceto cheques);0;
2026;2º;Demais Bancos, Financeiras e Instituições de Pagamento;Conglomerado; ;WESTERN UNION (conglomerado);Outros assuntos não regulados relacionados a cartão de crédito;0;
2026;2º;Demais Bancos, Financeiras e Instituições de Pagamento;Conglomerado; ;WISE BRASIL CC (conglomerado);Abertura de conta de pagamento sem documentação necessária ou com documentação falsa - instituição de pagamento;9;
2026;2º;Demais Bancos, Financeiras e Instituições de Pagamento;Conglomerado; ;WISE BRASIL CC (conglomerado);Bloqueio de valores ou de conta fora do âmbito do Pix - instituição de pagamento;9;
2026;2º;Demais Bancos, Financeiras e Instituições de Pagamento;Conglomerado; ;WISE BRASIL CC (conglomerado);Inclusão de dados incorretos no CCS (Cadastro de Clientes do Sistema Financeiro Nacional) - instituição de pagamento;3;
2026;2º;Demais Bancos, Financeiras e Instituições de Pagamento;Conglomerado; ;WISE BRASIL CC (conglomerado);Insatisfação com a resposta referente à reclamação registrada no BCB recebida - instituição de pagamento;1;
2026;2º;Demais Bancos, Financeiras e Instituições de Pagamento;Conglomerado; ;WISE BRASIL CC (conglomerado);Insatisfação com o atendimento prestado pelo SAC ou Central de Relacionamento - instituição de pagamento;1;
2026;2º;Demais Bancos, Financeiras e Instituições de Pagamento;Conglomerado; ;WISE BRASIL CC (conglomerado);Irregularidades no processo de encerramento de conta de pagamento - instituição de pagamento;10;
2026;2º;Demais Bancos, Financeiras e Instituições de Pagamento;Conglomerado; ;WISE BRASIL CC (conglomerado);Irregularidades relacionadas a informações e liquidação de valores a receber no sistema SVR do BCB - instituições de pagamento;3;
2026;2º;Demais Bancos, Financeiras e Instituições de Pagamento;Conglomerado; ;WISE BRASIL CC (conglomerado);Irregularidades relacionadas a operações no mercado de câmbio para IPs;0;
2026;2º;Demais Bancos, Financeiras e Instituições de Pagamento;Conglomerado; ;WISE BRASIL CC (conglomerado);Irregularidades relacionadas ao acompanhamento de conta de pagamento - instituição de pagamento;10;
2026;2º;Demais Bancos, Financeiras e Instituições de Pagamento;Conglomerado; ;WISE BRASIL CC (conglomerado);Irregularidades relacionadas ao fornecimento de documentos por conta de pagamentos pré-paga - instituição de pagamento;1;
2026;2º;Demais Bancos, Financeiras e Instituições de Pagamento;Conglomerado; ;WISE BRASIL CC (conglomerado);Irregularidades relacionadas ao Sistema de Informações de Crédito do Banco Central (SCR) - instituição de pagamento;0;
2026;2º;Demais Bancos, Financeiras e Instituições de Pagamento;Conglomerado; ;WISE BRASIL CC (conglomerado);Irregularidades relativas a integridade, confiabilidade, segurança, sigilo ou legitimidade das operações e serviços prestados relacionados a conta de pagamento pré-paga - instituição de pagamento;28;
2026;2º;Demais Bancos, Financeiras e Instituições de Pagamento;Conglomerado; ;WISE BRASIL CC (conglomerado);Oferta ou prestação de informação a respeito de produtos e serviços de forma inadequada para conta de pagamento pré-paga - instituição de pagamento;0;
2026;2º;Demais Bancos, Financeiras e Instituições de Pagamento;Conglomerado; ;WISE BRASIL CC (conglomerado);Pix - Dificuldade para solicitar ou realizar devolução - instituição de pagamento;7;
2026;2º;Demais Bancos, Financeiras e Instituições de Pagamento;Conglomerado; ;WISE BRASIL CC (conglomerado);Pix - outros - instituição de pagamento;0;
2026;2º;Demais Bancos, Financeiras e Instituições de Pagamento;Conglomerado; ;WISE BRASIL CC (conglomerado);PIX - Chaves - instituição de pagamento;1;
2026;2º;Demais Bancos, Financeiras e Instituições de Pagamento;Conglomerado; ;WISE BRASIL CC (conglomerado);PIX - Diversos - instituição de pagamento;0;
2026;2º;Demais Bancos, Financeiras e Instituições de Pagamento;Conglomerado; ;WISE BRASIL CC (conglomerado);Recusa de produtos ou serviços - instituição de pagamento;0;
2026;2º;Demais Bancos, Financeiras e Instituições de Pagamento;Conglomerado; ;WISE BRASIL CC (conglomerado);Restrições cadastrais por parte - instituição de pagamento;0;
2026;2º;Demais Bancos, Financeiras e Instituições de Pagamento;Conglomerado; ;WISE BRASIL CC (conglomerado);Transações não reconhecidas pelo titular da conta, realizadas por terceiros (invasão de conta) - instituição de pagamento;1;
2026;2º;Demais Bancos, Financeiras e Instituições de Pagamento;Conglomerado; ;WOOVI IP (conglomerado);Bloqueio de valores ou de conta fora do âmbito do Pix - instituição de pagamento;0;
2026;2º;Demais Bancos, Financeiras e Instituições de Pagamento;Conglomerado; ;WOOVI IP (conglomerado);Insatisfação com a resposta referente à reclamação registrada no BCB recebida - instituição de pagamento;0;
2026;2º;Demais Bancos, Financeiras e Instituições de Pagamento;Conglomerado; ;WOOVI IP (conglomerado);Insatisfação com o atendimento prestado pelo SAC ou Central de Relacionamento - instituição de pagamento;1;
2026;2º;Demais Bancos, Financeiras e Instituições de Pagamento;Conglomerado; ;WOOVI IP (conglomerado);Irregularidades no processo de encerramento de conta de pagamento - instituição de pagamento;0;
2026;2º;Demais Bancos, Financeiras e Instituições de Pagamento;Conglomerado; ;WOOVI IP (conglomerado);Irregularidades relacionadas ao acompanhamento de conta de pagamento - instituição de pagamento;28;
2026;2º;Demais Bancos, Financeiras e Instituições de Pagamento;Conglomerado; ;WOOVI IP (conglomerado);Pix - liquidação - instituição de pagamento;0;
2026;2º;Demais Bancos, Financeiras e Instituições de Pagamento;Conglomerado; ;WOOVI IP (conglomerado);PIX - Diversos - instituição de pagamento;0;
2026;2º;Demais Bancos, Financeiras e Instituições de Pagamento;Conglomerado; ;WOOVI IP (conglomerado);PIX - Iniciação - instituição de pagamento;1;
2026;2º;Demais Bancos, Financeiras e Instituições de Pagamento;Conglomerado; ;WOOVI IP (conglomerado);Reclamações relacionadas a assuntos diversos envolvendo - instituição de pagamento;0;
2026;2º;Demais Bancos, Financeiras e Instituições de Pagamento;Conglomerado; ;WOOVI IP (conglomerado);Transações não reconhecidas pelo titular da conta, realizadas por terceiros (invasão de conta) - instituição de pagamento;1;
2026;2º;Demais Bancos, Financeiras e Instituições de Pagamento;Conglomerado; ;XP (conglomerado);Abertura de conta de depósito com documentação ausente, insuficiente ou falsa;12;
2026;2º;Demais Bancos, Financeiras e Instituições de Pagamento;Conglomerado; ;XP (conglomerado);Bloqueio de valores ou de conta fora do âmbito do Pix;4;
2026;2º;Demais Bancos, Financeiras e Instituições de Pagamento;Conglomerado; ;XP (conglomerado);Cobranças diversas;0;
2026;2º;Demais Bancos, Financeiras e Instituições de Pagamento;Conglomerado; ;XP (conglomerado);Concessão de crédito (exceto consignado) sem a formalização do título adequado;0;
2026;2º;Demais Bancos, Financeiras e Instituições de Pagamento;Conglomerado; ;XP (conglomerado);Descumprimento de ordem judicial;0;
2026;2º;Demais Bancos, Financeiras e Instituições de Pagamento;Conglomerado; ;XP (conglomerado);Descumprimento de prazo de resposta da reclamação registrada no BCB;0;
2026;2º;Demais Bancos, Financeiras e Instituições de Pagamento;Conglomerado; ;XP (conglomerado);Débito em conta não autorizado pelo cliente, ou não cumprimento das regras aplicáveis;4;
2026;2º;Demais Bancos, Financeiras e Instituições de Pagamento;Conglomerado; ;XP (conglomerado);Dificuldade na liberação ou substituição de bem;0;
2026;2º;Demais Bancos, Financeiras e Instituições de Pagamento;Conglomerado; ;XP (conglomerado);Dificuldade para efetuar resgate antecipado de aplicação;0;
2026;2º;Demais Bancos, Financeiras e Instituições de Pagamento;Conglomerado; ;XP (conglomerado);Falta de transparência na redação de documentos;2;
2026;2º;Demais Bancos, Financeiras e Instituições de Pagamento;Conglomerado; ;XP (conglomerado);Inclusão de dados incorretos no CCS (Cadastro de Clientes do Sistema Financeiro Nacional);0;
2026;2º;Demais Bancos, Financeiras e Instituições de Pagamento;Conglomerado; ;XP (conglomerado);Insatisfação com a resposta recebida da instituição financeira referente à reclamação registrada no BCB;4;
2026;2º;Demais Bancos, Financeiras e Instituições de Pagamento;Conglomerado; ;XP (conglomerado);Insatisfação com o atendimento prestado pelo SAC ou Central de Relacionamento;2;
2026;2º;Demais Bancos, Financeiras e Instituições de Pagamento;Conglomerado; ;XP (conglomerado);Irregularidades no processo de encerramento de conta de depósitos à vista;33;
2026;2º;Demais Bancos, Financeiras e Instituições de Pagamento;Conglomerado; ;XP (conglomerado);Irregularidades relacionadas a operações no mercado de câmbio;2;
2026;2º;Demais Bancos, Financeiras e Instituições de Pagamento;Conglomerado; ;XP (conglomerado);Irregularidades relacionadas ao acompanhamento de conta;2;
2026;2º;Demais Bancos, Financeiras e Instituições de Pagamento;Conglomerado; ;XP (conglomerado);Irregularidades relacionadas ao fornecimento de documento para liquidação antecipada de operações de crédito;2;
2026;2º;Demais Bancos, Financeiras e Instituições de Pagamento;Conglomerado; ;XP (conglomerado);Irregularidades relacionadas ao fornecimento de documentos relativos a cartão de crédito;2;
2026;2º;Demais Bancos, Financeiras e Instituições de Pagamento;Conglomerado; ;XP (conglomerado);Irregularidades relacionadas ao fornecimento de documentos relativos a operação de crédito, exceto para liquidação antecipada e descritivo do crédito.;0;
2026;2º;Demais Bancos, Financeiras e Instituições de Pagamento;Conglomerado; ;XP (conglomerado);Irregularidades relacionadas ao fornecimento de informações relativas a operação de crédito contratada (DDC);4;
2026;2º;Demais Bancos, Financeiras e Instituições de Pagamento;Conglomerado; ;XP (conglomerado);Irregularidades relacionadas ao fornecimento de outros documentos, exceto os relativos a cartão de crédito, conta e operação de crédito;0;
2026;2º;Demais Bancos, Financeiras e Instituições de Pagamento;Conglomerado; ;XP (conglomerado);Irregularidades relacionadas ao Sistema de Informações de Crédito do Banco Central (SCR);2;
2026;2º;Demais Bancos, Financeiras e Instituições de Pagamento;Conglomerado; ;XP (conglomerado);Irregularidades relacionadas à liquidação de documentos (exceto cheques);2;
2026;2º;Demais Bancos, Financeiras e Instituições de Pagamento;Conglomerado; ;XP (conglomerado);Irregularidades relativas a integridade, confiabilidade, segurança, sigilo ou legitimidade das operações e serviços disponibilizados em internet banking;0;
2026;2º;Demais Bancos, Financeiras e Instituições de Pagamento;Conglomerado; ;XP (conglomerado);Irregularidades relativas a integridade, confiabilidade, segurança, sigilo ou legitimidade das operações e serviços relacionados a cartões de crédito;51;
2026;2º;Demais Bancos, Financeiras e Instituições de Pagamento;Conglomerado; ;XP (conglomerado);Irregularidades relativas a integridade, confiabilidade, segurança, sigilo ou legitimidade das operações e serviços relacionados a cartões de débito;2;
2026;2º;Demais Bancos, Financeiras e Instituições de Pagamento;Conglomerado; ;XP (conglomerado);Irregularidades relativas a integridade, confiabilidade, segurança, sigilo ou legitimidade das operações e serviços, exceto as relacionadas a cartão de crédito, cartão de débito, internet banking, ATM, credenciadora e operação de crédito;6;
2026;2º;Demais Bancos, Financeiras e Instituições de Pagamento;Conglomerado; ;XP (conglomerado);Irregularidades relativas a integridade, confiabilidade, segurança, sigilo ou legitimidade dos serviços relacionados a operações de crédito, exceto consignado;0;
2026;2º;Demais Bancos, Financeiras e Instituições de Pagamento;Conglomerado; ;XP (conglomerado);Irregularidades relativas a operações de crédito de saldo devedor de fatura de cartão de crédito (rotativo e parcelamento) e respectiva cobrança de encargos;2;
2026;2º;Demais Bancos, Financeiras e Instituições de Pagamento;Conglomerado; ;XP (conglomerado);Juros e preços;0;
2026;2º;Demais Bancos, Financeiras e Instituições de Pagamento;Conglomerado; ;XP (conglomerado);Limites de transação;12;
2026;2º;Demais Bancos, Financeiras e Instituições de Pagamento;Conglomerado; ;XP (conglomerado);Oferta ou prestação de informação sobre a conta ou serviços acessórios de forma inadequada ;2;
2026;2º;Demais Bancos, Financeiras e Instituições de Pagamento;Conglomerado; ;XP (conglomerado);Oferta ou prestação de informação sobre o cartão de crédito de forma inadequada ;0;
2026;2º;Demais Bancos, Financeiras e Instituições de Pagamento;Conglomerado; ;XP (conglomerado);Oferta ou prestação de informação sobre operação de crédito de forma inadequada, exceto crédito consignado;4;
2026;2º;Demais Bancos, Financeiras e Instituições de Pagamento;Conglomerado; ;XP (conglomerado);Oferta ou prestação de informação sobre produtos e serviços de forma inadequada, exceto as relacionadas a cartão de crédito, conta e serviços acessórios, credenciadora de cartão e operação de crédito;2;
2026;2º;Demais Bancos, Financeiras e Instituições de Pagamento;Conglomerado; ;XP (conglomerado);Outras irregularidades ;0;
2026;2º;Demais Bancos, Financeiras e Instituições de Pagamento;Conglomerado; ;XP (conglomerado);Outras irregularidades relacionadas a tarifas;0;
2026;2º;Demais Bancos, Financeiras e Instituições de Pagamento;Conglomerado; ;XP (conglomerado);Outros assuntos não regulados relacionados a cartão de crédito;0;
2026;2º;Demais Bancos, Financeiras e Instituições de Pagamento;Conglomerado; ;XP (conglomerado);Pix - Bloqueio ou devolução de valores;0;
2026;2º;Demais Bancos, Financeiras e Instituições de Pagamento;Conglomerado; ;XP (conglomerado);Pix - diversos;0;
2026;2º;Demais Bancos, Financeiras e Instituições de Pagamento;Conglomerado; ;XP (conglomerado);Pix - Dificuldade para solicitar ou realizar devolução;0;
2026;2º;Demais Bancos, Financeiras e Instituições de Pagamento;Conglomerado; ;XP (conglomerado);Pix - iniciação;2;
2026;2º;Demais Bancos, Financeiras e Instituições de Pagamento;Conglomerado; ;XP (conglomerado);Pix - liquidação;2;
2026;2º;Demais Bancos, Financeiras e Instituições de Pagamento;Conglomerado; ;XP (conglomerado);Pix - outros;0;
2026;2º;Demais Bancos, Financeiras e Instituições de Pagamento;Conglomerado; ;XP (conglomerado);Reclamações relacionadas a assuntos diversos;0;
2026;2º;Demais Bancos, Financeiras e Instituições de Pagamento;Conglomerado; ;XP (conglomerado);Recusa de produtos ou serviços;0;
2026;2º;Demais Bancos, Financeiras e Instituições de Pagamento;Conglomerado; ;XP (conglomerado);Renegociação de dívida (exceto cartão de crédito);0;
2026;2º;Demais Bancos, Financeiras e Instituições de Pagamento;Conglomerado; ;XP (conglomerado);Restrição à realização de portabilidade de operações de crédito consignado relativas a pessoas naturais;0;
2026;2º;Demais Bancos, Financeiras e Instituições de Pagamento;Conglomerado; ;XP (conglomerado);Restrições cadastrais;0;
2026;2º;Demais Bancos, Financeiras e Instituições de Pagamento;Conglomerado; ;XP (conglomerado);Terminais eletrônicos, internet e aplicativos;0;
2026;2º;Demais Bancos, Financeiras e Instituições de Pagamento;Conglomerado; ;XP (conglomerado);Transações não reconhecidas pelo titular da conta, realizadas por terceiros (invasão de conta) em instituições financeiras;0;
2026;2º;Demais Bancos, Financeiras e Instituições de Pagamento;Conglomerado; ;YAMAHA MOTOR (conglomerado);Cobranças diversas;0;
2026;2º;Demais Bancos, Financeiras e Instituições de Pagamento;Conglomerado; ;YAMAHA MOTOR (conglomerado);Concessão de crédito (exceto consignado) sem a formalização do título adequado;0;
2026;2º;Demais Bancos, Financeiras e Instituições de Pagamento;Conglomerado; ;YAMAHA MOTOR (conglomerado);Descumprimento de ordem judicial;0;
2026;2º;Demais Bancos, Financeiras e Instituições de Pagamento;Conglomerado; ;YAMAHA MOTOR (conglomerado);Dificuldade na liberação ou substituição de bem;0;
2026;2º;Demais Bancos, Financeiras e Instituições de Pagamento;Conglomerado; ;YAMAHA MOTOR (conglomerado);Insatisfação com a resposta recebida da instituição financeira referente à reclamação registrada no BCB;2;
2026;2º;Demais Bancos, Financeiras e Instituições de Pagamento;Conglomerado; ;YAMAHA MOTOR (conglomerado);Insatisfação com o atendimento prestado pelo SAC ou Central de Relacionamento;2;
2026;2º;Demais Bancos, Financeiras e Instituições de Pagamento;Conglomerado; ;YAMAHA MOTOR (conglomerado);Irregularidades relacionadas ao fornecimento de documentos relativos a operação de crédito, exceto para liquidação antecipada e descritivo do crédito.;2;
2026;2º;Demais Bancos, Financeiras e Instituições de Pagamento;Conglomerado; ;YAMAHA MOTOR (conglomerado);Irregularidades relacionadas ao Sistema de Informações de Crédito do Banco Central (SCR);6;
2026;2º;Demais Bancos, Financeiras e Instituições de Pagamento;Conglomerado; ;YAMAHA MOTOR (conglomerado);Irregularidades relativas a integridade, confiabilidade, segurança, sigilo ou legitimidade das operações e serviços, exceto as relacionadas a cartão de crédito, cartão de débito, internet banking, ATM, credenciadora e operação de crédito;2;
2026;2º;Demais Bancos, Financeiras e Instituições de Pagamento;Conglomerado; ;YAMAHA MOTOR (conglomerado);Irregularidades relativas a integridade, confiabilidade, segurança, sigilo ou legitimidade dos serviços relacionados a operações de crédito, exceto consignado;3;
2026;2º;Demais Bancos, Financeiras e Instituições de Pagamento;Conglomerado; ;YAMAHA MOTOR (conglomerado);Juros e preços;0;
2026;2º;Demais Bancos, Financeiras e Instituições de Pagamento;Conglomerado; ;YAMAHA MOTOR (conglomerado);Oferta ou prestação de informação sobre operação de crédito de forma inadequada, exceto crédito consignado;12;
2026;2º;Demais Bancos, Financeiras e Instituições de Pagamento;Conglomerado; ;YAMAHA MOTOR (conglomerado);Reclamações relacionadas a assuntos diversos;0;
2026;2º;Demais Bancos, Financeiras e Instituições de Pagamento;Conglomerado; ;YAMAHA MOTOR (conglomerado);Renegociação de dívida (exceto cartão de crédito);0;
2026;2º;Demais Bancos, Financeiras e Instituições de Pagamento;Conglomerado; ;YAMAHA MOTOR (conglomerado);Restrições cadastrais;0;
2026;2º;Demais Bancos, Financeiras e Instituições de Pagamento;Conglomerado; ;Z1 INSTITUIÇÃO DE PAGAMENTO (conglomerado);Bloqueio de valores ou de conta fora do âmbito do Pix - instituição de pagamento;3;
2026;2º;Demais Bancos, Financeiras e Instituições de Pagamento;Conglomerado; ;ZEMA CFI (conglomerado);Bloqueio de valores ou de conta fora do âmbito do Pix;0;
2026;2º;Demais Bancos, Financeiras e Instituições de Pagamento;Conglomerado; ;ZEMA CFI (conglomerado);Cobranças diversas;0;
2026;2º;Demais Bancos, Financeiras e Instituições de Pagamento;Conglomerado; ;ZEMA CFI (conglomerado);Concessão de crédito (exceto consignado) sem a formalização do título adequado;1;
2026;2º;Demais Bancos, Financeiras e Instituições de Pagamento;Conglomerado; ;ZEMA CFI (conglomerado);Concessão de crédito consignado sem a formalização do título adequado;0;
2026;2º;Demais Bancos, Financeiras e Instituições de Pagamento;Conglomerado; ;ZEMA CFI (conglomerado);Insatisfação com a resposta recebida da instituição financeira referente à reclamação registrada no BCB;0;
2026;2º;Demais Bancos, Financeiras e Instituições de Pagamento;Conglomerado; ;ZEMA CFI (conglomerado);Insatisfação com o atendimento prestado pelo SAC ou Central de Relacionamento;1;
2026;2º;Demais Bancos, Financeiras e Instituições de Pagamento;Conglomerado; ;ZEMA CFI (conglomerado);Irregularidades relacionadas ao fornecimento de documento para liquidação antecipada de operações de crédito;0;
2026;2º;Demais Bancos, Financeiras e Instituições de Pagamento;Conglomerado; ;ZEMA CFI (conglomerado);Irregularidades relacionadas ao fornecimento de documentos relativos a cartão de crédito;1;
2026;2º;Demais Bancos, Financeiras e Instituições de Pagamento;Conglomerado; ;ZEMA CFI (conglomerado);Irregularidades relacionadas ao fornecimento de documentos relativos a operação de crédito, exceto para liquidação antecipada e descritivo do crédito.;0;
2026;2º;Demais Bancos, Financeiras e Instituições de Pagamento;Conglomerado; ;ZEMA CFI (conglomerado);Irregularidades relacionadas ao fornecimento de informações relativas a operação de crédito contratada (DDC);0;
2026;2º;Demais Bancos, Financeiras e Instituições de Pagamento;Conglomerado; ;ZEMA CFI (conglomerado);Irregularidades relacionadas ao Sistema de Informações de Crédito do Banco Central (SCR);2;
2026;2º;Demais Bancos, Financeiras e Instituições de Pagamento;Conglomerado; ;ZEMA CFI (conglomerado);Irregularidades relativas a integridade, confiabilidade, segurança, sigilo ou legitimidade dos serviços relacionados a operações de crédito consignado;1;
2026;2º;Demais Bancos, Financeiras e Instituições de Pagamento;Conglomerado; ;ZEMA CFI (conglomerado);Juros e preços;0;
2026;2º;Demais Bancos, Financeiras e Instituições de Pagamento;Conglomerado; ;ZEMA CFI (conglomerado);Recusa de produtos ou serviços;0;
2026;2º;Demais Bancos, Financeiras e Instituições de Pagamento;Conglomerado; ;ZEMA CFI (conglomerado);Renegociação de dívida (exceto cartão de crédito);0;
2026;2º;Demais Bancos, Financeiras e Instituições de Pagamento;Conglomerado; ;ZEMA CFI (conglomerado);Restrição à realização de portabilidade de operações de crédito consignado relativas a pessoas naturais;14;
2026;2º;Demais Bancos, Financeiras e Instituições de Pagamento;Conglomerado; ;ZERO IP (conglomerado);Abertura de conta de pagamento sem documentação necessária ou com documentação falsa - instituição de pagamento;4;
2026;2º;Demais Bancos, Financeiras e Instituições de Pagamento;Conglomerado; ;ZERO IP (conglomerado);Irregularidades no processo de encerramento de conta de pagamento - instituição de pagamento;0;
2026;2º;Demais Bancos, Financeiras e Instituições de Pagamento;Conglomerado; ;ZERO IP (conglomerado);Irregularidades relativas a integridade, confiabilidade, segurança, sigilo ou legitimidade das operações e serviços prestados relacionados a conta de pagamento pré-paga - instituição de pagamento;0;
2026;2º;Demais Bancos, Financeiras e Instituições de Pagamento;Conglomerado; ;ZERO IP (conglomerado);Pix - Dificuldade para solicitar ou realizar devolução - instituição de pagamento;0;
